{"type":"FeatureCollection","crs":{"type":"name","properties":{"name":"EPSG:4326"}},"features":[{"type":"Feature","id":664,"geometry":{"type":"Polygon","coordinates":[[[-74.202899416237,6.84752675112485],[-74.2027410746934,6.84751066111224],[-74.2025667404429,6.84758951287166],[-74.2025032097894,6.84770020570734],[-74.2023287174353,6.84787402769243],[-74.2022176236824,6.84801629752585],[-74.2021066880331,6.84806359800843],[-74.2019483473878,6.84804750801396],[-74.2018692417439,6.84799989179482],[-74.2017903741535,6.84780982198555],[-74.2017113736125,6.84769889371178],[-74.2014896083149,6.84773018181657],[-74.2013628362654,6.84777745646222],[-74.2013310314128,6.8478565445329],[-74.2013624149556,6.84803070806126],[-74.2014573300501,6.84809417791556],[-74.2016155143885,6.84820523809951],[-74.2016153302339,6.84831603603721],[-74.2014727199876,6.84836328386764],[-74.2014093725904,6.84836317862275],[-74.2012827047454,6.84834713947699],[-74.2012036538988,6.84826786775498],[-74.2011245752043,6.84820442468097],[-74.2009662067113,6.84820416067673],[-74.2009660755572,6.848283302191],[-74.200997644153,6.84834666765872],[-74.2010133233479,6.84844166277604],[-74.2008707400511,6.84847308283419],[-74.2006490520087,6.84845688671671],[-74.2005065738147,6.84842499394742],[-74.2003799859198,6.84836147062276],[-74.2002533971266,6.84829794639776],[-74.2002377969834,6.8481554679422],[-74.2003013276369,6.84804477521217],[-74.2003965059379,6.8479499637486],[-74.2005390371324,6.84795020099579],[-74.2007291035786,6.84793468806115],[-74.2007767978319,6.84782396852269],[-74.20071368759,6.84768140965395],[-74.2005553999453,6.84763366317978],[-74.2005080479501,6.84753861438712],[-74.2004448326052,6.84745936750417],[-74.2002549763649,6.84734825452401],[-74.2000175049229,6.84730037601414],[-74.1999227218806,6.84715776347447],[-74.1998753959365,6.84704688767174],[-74.1999231961911,6.84687285667865],[-74.1999868319475,6.84669885059559],[-74.1998131283143,6.84639782671837],[-74.199607672829,6.8461442326511],[-74.1993388717432,6.84589053409552],[-74.1991334701568,6.84560528404928],[-74.1990227186621,6.84554178710661],[-74.1988486206684,6.84547818401803],[-74.1987536022676,6.84547802614971],[-74.1986270655767,6.84538284581665],[-74.1985321262275,6.84533520257427],[-74.1983104130323,6.84533483421478],[-74.1981678566849,6.84535042483022],[-74.1980094908868,6.84535016082437],[-74.197962085891,6.84528676909332],[-74.1979939967448,6.84514436733504],[-74.1980891229435,6.84508121282529],[-74.1982001897469,6.84495477177772],[-74.1982162902518,6.84479651617312],[-74.1981690182065,6.84465398404928],[-74.1980743420638,6.84444805736473],[-74.19805876887,6.84428974986117],[-74.1979347232074,6.84394987178983],[-74.1978810291062,6.84380275140495],[-74.1977416402186,6.84387907341591],[-74.1976179206444,6.8439468151997],[-74.1975844080944,6.84384576754824],[-74.1976006667027,6.84359254316165],[-74.1975851474078,6.84340257773506],[-74.1975695751124,6.84324426988478],[-74.1977123147161,6.84311788186557],[-74.1979660169186,6.84292836488391],[-74.1979821183218,6.84277010949949],[-74.1980299167797,6.84259607873096],[-74.1981568199833,6.84246966378268],[-74.1982837240852,6.84234324969283],[-74.1984265957412,6.84213771980682],[-74.1983636193482,6.84191601935855],[-74.1983320507525,6.84185265482097],[-74.1982530268553,6.84175755314587],[-74.1982057548101,6.84161502011481],[-74.1982217241609,6.84153590603624],[-74.198206124916,6.8413934246703],[-74.198158773819,6.8412983764189],[-74.1982064680724,6.84118765801689],[-74.198333186223,6.84117204050794],[-74.198491392121,6.84126727519559],[-74.1986339736212,6.84123585466315],[-74.1986977953289,6.8409510531472],[-74.1986662267332,6.84088768669775],[-74.1985400888942,6.84055508338491],[-74.1986512338511,6.84038115794776],[-74.1986990601568,6.84019129916606],[-74.1986677565641,6.83996965043764],[-74.1986522633204,6.83976385819699],[-74.1985416456746,6.8396212184322],[-74.1984624636739,6.83962108821154],[-74.1982090812716,6.83962066544036],[-74.198097988417,6.83976293505769],[-74.1980502932653,6.83987365289804],[-74.19803421971,6.84001608120205],[-74.1981289749044,6.84017452212686],[-74.1981286838503,6.840348631375],[-74.198175928946,6.84050699280855],[-74.1981596182354,6.84079187397014],[-74.1980325829795,6.84099742940911],[-74.1977948510261,6.84110783033188],[-74.1976204116726,6.84124999515169],[-74.1975566169144,6.84151896849885],[-74.1976671546101,6.84170909165253],[-74.1976984851523,6.84191491159636],[-74.197713978396,6.84212070380204],[-74.1976346113424,6.84223137114844],[-74.1974761673908,6.84227859103984],[-74.1974601719889,6.84237353384992],[-74.197317326384,6.84256323478665],[-74.1971747700366,6.84257882460072],[-74.1970642592903,6.84237287383123],[-74.1970485809937,6.84227787750597],[-74.1970488181489,6.84213542401085],[-74.1972229933977,6.84215154274601],[-74.1973972746476,6.84210434870765],[-74.1974132691513,6.84200940584404],[-74.1974134281531,6.84191443709598],[-74.1972709248063,6.84189837008404],[-74.1971760923567,6.84178741457087],[-74.197144603711,6.84167656517021],[-74.1970496904131,6.84161309267872],[-74.1969548831163,6.84148630910769],[-74.1969077431234,6.84126463511459],[-74.1967970994265,6.8411378238016],[-74.1967338589289,6.84107440564558],[-74.1966075108841,6.84086842746964],[-74.1966237443396,6.84063103041648],[-74.1967983678477,6.84037807011755],[-74.1969725951987,6.84036253285498],[-74.1973528556518,6.84025236901098],[-74.1974955162037,6.84017346609205],[-74.1975116688109,6.8399835528206],[-74.197385214765,6.83984088903951],[-74.197131779362,6.83987212236015],[-74.1969893838131,6.83979274309206],[-74.1968470673159,6.83966588054867],[-74.1968630618195,6.83957093809226],[-74.1969108881253,6.83938107809663],[-74.1969744187788,6.83927038600784],[-74.1970083921645,6.83924783105896],[-74.1968955008828,6.8391119724328],[-74.1968006684332,6.83900101538039],[-74.1966898648361,6.83896917460287],[-74.1965471791313,6.83906390579305],[-74.1964837814285,6.83909545668918],[-74.1963570363284,6.83912690144437],[-74.1963095540774,6.83911099399294],[-74.1962781453819,6.83895265885433],[-74.1962784103848,6.83879437717863],[-74.1963419670895,6.83866785686898],[-74.19638955624,6.83862045199231],[-74.196547973242,6.83858905982733],[-74.1967698418459,6.83849446054781],[-74.1968650713508,6.83836799278228],[-74.1968494721059,6.83822551314721],[-74.1967864175595,6.83805129698616],[-74.1968024129614,6.83795635420885],[-74.1970401700677,6.83783012444506],[-74.1972936045723,6.83779889099095],[-74.1973728925742,6.83773570964393],[-74.1972939477287,6.83759312368109],[-74.1970722129739,6.8376085825442],[-74.1969139549736,6.83754500604875],[-74.1969142190783,6.83738672390673],[-74.1969618603311,6.83730766085963],[-74.1971836220354,6.83727637474767],[-74.1973104982895,6.83716578920251],[-74.1972632001932,6.83703908383271],[-74.1971048631412,6.83702299079094],[-74.197010108845,6.83686455060487],[-74.1970261572476,6.83673795040264],[-74.1972163000505,6.83667495622021],[-74.1974222253547,6.83664364241705],[-74.1975017496135,6.83643800750706],[-74.1975968731172,6.83637485273798],[-74.19785014862,6.83643858904429],[-74.1980403165758,6.83635976487717],[-74.1981671398293,6.83628083455755],[-74.198246638037,6.83609102766223],[-74.1983100366382,6.83605947656772],[-74.1984684518436,6.83602808334257],[-74.1982942523403,6.83602779346562],[-74.1981836634406,6.8358693279756],[-74.1981205549953,6.83572676821378],[-74.1980732038983,6.83563171972694],[-74.1980258528014,6.8355366712212],[-74.1979625898458,6.83548908140438],[-74.1978834590491,6.83545729212478],[-74.197693555198,6.83537783452537],[-74.1974719273427,6.8353299797894],[-74.197250269843,6.83529795413768],[-74.1971395228398,6.83523445671664],[-74.197060710945,6.83501272898283],[-74.1971085111996,6.83483869806423],[-74.1971403690528,6.83472795408316],[-74.1970930970076,6.83458541984694],[-74.1969664857565,6.83453772468748],[-74.1968714889152,6.83452701347822],[-74.196823986003,6.83452165921138],[-74.1967923302707,6.83451369158415],[-74.1966340300496,6.83447385701371],[-74.1964284488002,6.83429940312303],[-74.1963022085534,6.83403011175142],[-74.1961124116018,6.83388734094491],[-74.1957007487414,6.83383916763964],[-74.1953525365845,6.83372778747857],[-74.1950993158789,6.83363239609183],[-74.1947032495684,6.83372670199571],[-74.1944654152071,6.83390041489905],[-74.1943227816046,6.83396348972109],[-74.1940694288467,6.83394723691976],[-74.1938315396881,6.83396169782793],[-74.1938160230882,6.833962640601],[-74.193673310434,6.83407320012928],[-74.193661925186,6.83419608257088],[-74.1935781357262,6.83416801078002],[-74.1934040961231,6.83407274970327],[-74.1932933760694,6.83399342298779],[-74.1932144069694,6.83386666415299],[-74.193325445925,6.83375605195287],[-74.1932940120766,6.83361354596879],[-74.1931990493713,6.83358172980647],[-74.1930407132176,6.83356563575635],[-74.1930567607219,6.83343903646429],[-74.1931519641757,6.83332839919107],[-74.1931997392774,6.83317019592687],[-74.1931841678803,6.83301188736203],[-74.1931772256998,6.83296981747799],[-74.1929627529257,6.83283740439598],[-74.1928519798714,6.83278973492823],[-74.1928518729719,6.83285304804344],[-74.192645868616,6.83293184335494],[-74.1924559135609,6.83288404099832],[-74.1923135997587,6.8327571748372],[-74.192282193758,6.83259883937754],[-74.1923299688598,6.83244063676388],[-74.192441060816,6.83229836853465],[-74.1926312018223,6.8322353746591],[-74.1927896969778,6.8321564998505],[-74.1929642414341,6.83195102445092],[-74.1929328075857,6.8318085188208],[-74.19301230759,6.83161871193381],[-74.1931549923965,6.83152398283585],[-74.1932817608527,6.83147671014937],[-74.1933612608571,6.83128690402262],[-74.1933298009575,6.83116022474479],[-74.1932189740043,6.83114421088763],[-74.193060453696,6.83123891508654],[-74.1929179009419,6.83125450348617],[-74.1926803594313,6.83125410568182],[-74.1924902453745,6.83130127135778],[-74.1923472937683,6.83155428373346],[-74.1920936760074,6.83169631314493],[-74.1918403232495,6.83168005848266],[-74.1917614349979,6.83150581585379],[-74.1918250447032,6.83134763963666],[-74.1920944997626,6.83120563777176],[-74.1923957596746,6.83098454768952],[-74.1924277253256,6.83081048943861],[-74.1923487822768,6.83066790408608],[-74.1921429656688,6.83063590220447],[-74.1920481880164,6.83049328914976],[-74.192048374866,6.83038249064598],[-74.192064530168,6.83019257883608],[-74.1920172608178,6.8300500450319],[-74.1920332831692,6.82993927496751],[-74.1920533371596,6.82990931736466],[-74.191906859666,6.82978077980954],[-74.1918277603103,6.82973316087777],[-74.1916218898034,6.82973281569669],[-74.1913526503397,6.8297481918635],[-74.1912734422878,6.82976388645264],[-74.1912099376854,6.82985874969028],[-74.1912414236361,6.82996960004792],[-74.1913043416386,6.83022295920071],[-74.1913041556874,6.83033375595757],[-74.1912406250338,6.83044444654801],[-74.1910345685757,6.83055489896505],[-74.1908760743185,6.83063377314583],[-74.1906859872111,6.83066511053302],[-74.1904641752012,6.83072805109903],[-74.1903215415987,6.83079112366371],[-74.1902264710955,6.8308226206976],[-74.1900837593396,6.83093317738412],[-74.190067630987,6.83110726145663],[-74.1900040185868,6.83126543775322],[-74.1897664240756,6.8312966939327],[-74.1896557561242,6.83118571009188],[-74.1895926791199,6.83102732059563],[-74.189450659965,6.83072634481986],[-74.1894984090156,6.83058397083186],[-74.1894827864145,6.83045731812605],[-74.1893088276598,6.83031457033522],[-74.1891030388995,6.83026674006686],[-74.1890079683964,6.83029823535143],[-74.1889126849925,6.83045635750726],[-74.1889440370942,6.83064634948692],[-74.1889437702946,6.83080463207669],[-74.1888960742446,6.83091534842436],[-74.1886426693844,6.83093075041937],[-74.1884843610785,6.83089882704591],[-74.1883419421734,6.83083527463242],[-74.1881202891652,6.83080324421995],[-74.1879619278587,6.83080297663831],[-74.1875820213419,6.83070736614307],[-74.187455598737,6.83054886945573],[-74.1874400830355,6.83035890508745],[-74.1875670140868,6.83021666388911],[-74.1877731244439,6.83007455733145],[-74.1879634253503,6.82991659649061],[-74.1879953110513,6.82979002388271],[-74.1881380497567,6.82966363854898],[-74.1882964649621,6.82963224936361],[-74.1884867110713,6.8295059433709],[-74.1884554398179,6.82926846753543],[-74.1882499717563,6.82903069634921],[-74.1882028380516,6.82880902193138],[-74.1882189682009,6.8286349379145],[-74.1882825788045,6.828476762532],[-74.188251227601,6.82828677058265],[-74.188061355191,6.82819148068424],[-74.1878395961817,6.82822276293092],[-74.1877760116292,6.82836510997139],[-74.1876808081754,6.82847574750072],[-74.187538283269,6.8284755066761],[-74.187379815063,6.8285385518875],[-74.1873478763614,6.82869678076617],[-74.1873634181142,6.82887091738515],[-74.187426468169,6.82904513599943],[-74.1874421168213,6.82915595978736],[-74.1873786122189,6.82925082136168],[-74.1871885520609,6.82926632955131],[-74.1870144612538,6.82920272251245],[-74.1869037429968,6.82912339409728],[-74.1867771613901,6.82905986642231],[-74.1866345556354,6.82910711080546],[-74.1863970680237,6.82907505262707],[-74.1862863488683,6.82899572419073],[-74.1860647237079,6.82894786435641],[-74.1858588280482,6.82896334490566],[-74.1855737782355,6.82896286236493],[-74.1854472765788,6.8288518494405],[-74.185447599074,6.82866191204859],[-74.1857326749379,6.8286465670649],[-74.1859229219454,6.82852026170392],[-74.185907381091,6.82834612406535],[-74.1857966628339,6.82826679550816],[-74.18551158697,6.82828214139599],[-74.1853056095636,6.82834510546605],[-74.1850997687011,6.82832892918093],[-74.1850049398447,6.82821797140993],[-74.1849420254355,6.8279646120873],[-74.1850848710404,6.82777491516822],[-74.1850377121829,6.82756906683758],[-74.1848320312205,6.8274579215819],[-74.1847056113106,6.82729942471],[-74.1846424013556,6.82722017536243],[-74.1844365856459,6.82718817057434],[-74.1843572715929,6.82726717821003],[-74.1843570299461,6.82740963167623],[-74.1843884072006,6.82758379552201],[-74.1845306895618,6.82772649150288],[-74.18464135392,6.82783747703813],[-74.1847044569755,6.82798003736786],[-74.1846725703761,6.82810661045455],[-74.1845455324253,6.82831216242873],[-74.1845136449276,6.82843873453563],[-74.1845292127315,6.82859704372218],[-74.1845448353326,6.82872369692048],[-74.1844813019841,6.8288343869915],[-74.1844176886856,6.82899256136383],[-74.1842112288839,6.82934043384139],[-74.1841632103387,6.82964108939039],[-74.1840998117375,6.82967263734067],[-74.1838937813304,6.82976725888047],[-74.1837987647262,6.82976709654728],[-74.183640672016,6.82960854692384],[-74.183656750063,6.82946611997861],[-74.1837519283639,6.82937131107153],[-74.1836887992574,6.82924457776988],[-74.1835305448504,6.82918099659448],[-74.1835308412944,6.82900688595465],[-74.1836260186971,6.82891207784852],[-74.1836263681417,6.82870631117387],[-74.1835790475875,6.82859543287329],[-74.1835476981807,6.82840544007914],[-74.1836112836315,6.82826309394259],[-74.1835957167259,6.82810478464559],[-74.1834532996174,6.82804123007701],[-74.1831998956555,6.82805662770484],[-74.1830889088022,6.82813558168051],[-74.1830254841499,6.82818295905456],[-74.1828988486443,6.82815108633852],[-74.1827882390833,6.82800844489288],[-74.1827408376807,6.82794505175339],[-74.1826460636216,6.82780243611271],[-74.1826305236655,6.82762829910488],[-74.1827256211182,6.8275809751926],[-74.1828364462747,6.82759699184488],[-74.1829949153791,6.82753394740135],[-74.1829952639254,6.827328181026],[-74.1829004629168,6.82720139366651],[-74.1829005707147,6.82713807980329],[-74.1828216052079,6.82701132093566],[-74.1826791350988,6.82697942138324],[-74.1825524196432,6.82699503489613],[-74.1823782228348,6.8269947387701],[-74.1822516160753,6.82694703839399],[-74.1821249554169,6.82693099585352],[-74.181966943555,6.82672495985112],[-74.1819671061501,6.82662999074249],[-74.1820463402531,6.82659846845808],[-74.1822048893075,6.82648794020417],[-74.1822051309543,6.82634548557168],[-74.1821103029963,6.82623452644884],[-74.1821104377436,6.8261553857425],[-74.1821106542376,6.82602875951484],[-74.1820473634342,6.825996995473],[-74.1819364295815,6.82604429189151],[-74.181936268783,6.82613926200826],[-74.1818095272762,6.82617070137185],[-74.1816670841166,6.82612297593906],[-74.1816356808109,6.82596463917566],[-74.1816675413591,6.82585389581594],[-74.1818418998641,6.82575922266129],[-74.1818104956601,6.82560088666953],[-74.1817157233976,6.82545827122224],[-74.1817792549495,6.82534758037037],[-74.1817636080938,6.82523675659247],[-74.1816687810341,6.82512579721258],[-74.181684779131,6.82503085454517],[-74.1818750800375,6.82487289471532],[-74.1819390158312,6.8245247826235],[-74.181939420073,6.82428735872532],[-74.1818604824141,6.82414476964526],[-74.1818290261078,6.82401808936868],[-74.1818450781036,6.82389149201005],[-74.181892855002,6.82373329097727],[-74.1818455092949,6.82363824010749],[-74.1817822723905,6.82357481963066],[-74.1817350353796,6.82341645704983],[-74.1817668411306,6.82333736939481],[-74.1817511942749,6.82322654515159],[-74.1817514089723,6.82309991904121],[-74.1818782582769,6.82300516506616],[-74.1818785538227,6.82283105396373],[-74.1818153995632,6.82272014843553],[-74.1817206533519,6.82256170440425],[-74.1817366783983,6.82245093349875],[-74.1818002099501,6.82234024462749],[-74.181942921706,6.82222968863189],[-74.182085416968,6.82224575987243],[-74.1822595041818,6.8223093687277],[-74.182449453847,6.82235717660044],[-74.1826867770669,6.82248420607059],[-74.1828292732272,6.82250027641065],[-74.1828927508801,6.82242124301353],[-74.1828613493711,6.82226290680982],[-74.1826873430056,6.82215181383954],[-74.1825449806943,6.82205660210395],[-74.1824976879878,6.8219298954082],[-74.1823395719214,6.82178717183285],[-74.1821337328555,6.82177099354223],[-74.1820072877928,6.82162832522077],[-74.1820076659835,6.82140672854312],[-74.182134540441,6.8212961464653],[-74.1822928990525,6.82129641583617],[-74.1823721861561,6.8212332376614],[-74.1823408636988,6.82102741684464],[-74.1821987178815,6.82080557995244],[-74.1819771520099,6.82072606194273],[-74.1817079421906,6.82072560347652],[-74.1815338289257,6.8206778230916],[-74.1811698746916,6.82051892081027],[-74.1810592130284,6.82040793447045],[-74.1809326341167,6.82034440563892],[-74.1806950701482,6.82035982938103],[-74.1804574522808,6.82040691050246],[-74.1802833381175,6.82035912919383],[-74.1802043762041,6.82023236763963],[-74.1800778781407,6.82012135447463],[-74.1800149134258,6.81989965184869],[-74.1801417339844,6.81982072594954],[-74.1803317097007,6.81985270714714],[-74.1806800979274,6.81985329940804],[-74.1809176888453,6.81982204694117],[-74.1811238513047,6.81964828789765],[-74.181282368918,6.81955358764936],[-74.1814407284279,6.81955385702117],[-74.1815990313439,6.81958578293512],[-74.1816462701514,6.81974414589058],[-74.1815576953661,6.81979926986943],[-74.1815194486946,6.81982307180235],[-74.181566578806,6.82004474770498],[-74.1817247209235,6.82017164310262],[-74.1818988081374,6.82023525134137],[-74.1819509355767,6.82024837205029],[-74.1820254400497,6.82026712280042],[-74.1820761688121,6.82034346016316],[-74.1821202132105,6.82040973979373],[-74.1822308479243,6.82053655303457],[-74.1823415374352,6.82063171066291],[-74.1825790484031,6.82064794250949],[-74.1827216784123,6.82058487217608],[-74.1827243607818,6.82057421952372],[-74.1828013949107,6.82026844200692],[-74.1828655193506,6.81980953096894],[-74.1829138334415,6.81933476489999],[-74.1828669440786,6.81897063451838],[-74.1827564710616,6.81874885197539],[-74.1826618326481,6.81852709519661],[-74.1825194182346,6.81846353935685],[-74.1824087026724,6.81838421005436],[-74.1823139313083,6.81824159513399],[-74.182282475002,6.8181149150801],[-74.18218767579,6.81798812795718],[-74.181997834821,6.81787700634475],[-74.1819028478612,6.81786101701819],[-74.1817286815956,6.81784489300475],[-74.1815703777813,6.81781296697481],[-74.1814755534165,6.81770200765905],[-74.1813489736065,6.81763847846874],[-74.1810958175796,6.81751142273876],[-74.1809216800601,6.81747946992771],[-74.1807158418925,6.81746329059964],[-74.1806211513768,6.81727318992088],[-74.1806688483251,6.81716247398637],[-74.180684980271,6.81698839019534],[-74.1807012739136,6.81671933705125],[-74.1806544141951,6.81633937853481],[-74.1807337012987,6.81627620059841],[-74.1808920311642,6.81629229879766],[-74.1810185013798,6.81641913988714],[-74.1810340386409,6.81659327651083],[-74.1810813052962,6.81673581164483],[-74.181096761709,6.81695743367386],[-74.1811438918204,6.81717911090217],[-74.181254417838,6.81736923748521],[-74.1814126138545,6.81746447691128],[-74.1815393257169,6.81744886397966],[-74.1816186667194,6.81735402950207],[-74.181651201004,6.81684758019634],[-74.1817470503465,6.81635706621478],[-74.1818419555597,6.81642054116504],[-74.1820951115865,6.81654759807616],[-74.1824589292766,6.81678563859031],[-74.1828386094179,6.81700788051158],[-74.1829968862828,6.81705563361157],[-74.183123705943,6.81697670813594],[-74.1831238128426,6.81691339559689],[-74.1830924113335,6.81675505846491],[-74.1829662357653,6.81645410761231],[-74.1828397403969,6.816343094464],[-74.1826975676301,6.81613708601775],[-74.1825395881076,6.81591522099453],[-74.1825083743465,6.81564608786299],[-74.18233466712,6.81536088310944],[-74.18238244312,6.8152026819357],[-74.1825726317371,6.81510803521897],[-74.1827151791013,6.81509244896966],[-74.1828735898151,6.81506106150513],[-74.1831427421422,6.81509317503164],[-74.1832849670113,6.8152675279932],[-74.1834114102774,6.81541019642457],[-74.183506425085,6.81541035787068],[-74.1835699548402,6.81529966737295],[-74.1836018135918,6.81518892333159],[-74.1835864362307,6.81491981655138],[-74.1835867587259,6.81472987898616],[-74.183697741986,6.81465092458461],[-74.1838245885957,6.81455617072268],[-74.1837932131378,6.81438200659991],[-74.183793535633,6.81419206792966],[-74.1838728478894,6.81411306081332],[-74.1838732781824,6.81385980998621],[-74.1837786397689,6.81363805272957],[-74.183699650906,6.81352712099055],[-74.1836209566905,6.81324207820731],[-74.1836371964342,6.81300468172149],[-74.1834472216162,6.81297270274287],[-74.1833047559986,6.81294080493159],[-74.183209957685,6.81281401733221],[-74.1831710839894,6.81259162807534],[-74.1831460712987,6.81262442947814],[-74.1828928919156,6.81302056684927],[-74.1828924634192,6.81327249710995],[-74.18276550991,6.8134305633409],[-74.1826545257516,6.8135095179434],[-74.1825434077442,6.81366761085537],[-74.1824482330365,6.81376242019506],[-74.1820201058536,6.81409408593798],[-74.1818931523443,6.81425215279011],[-74.1817026933344,6.81450508051719],[-74.1815757658764,6.81464732013841],[-74.1814332445633,6.81464707663091],[-74.181275023394,6.81456766641954],[-74.1810535132179,6.81445649138798],[-74.1809112353483,6.81431379502176],[-74.1808799407388,6.81409214590346],[-74.1809910057456,6.81396570915277],[-74.1812127863144,6.8139186006395],[-74.1814505353359,6.81379237969989],[-74.1816566681509,6.81363444738379],[-74.1818472071108,6.81333403421493],[-74.1820376921719,6.81306527693857],[-74.1821013027755,6.8129071026586],[-74.182054092714,6.81273291117772],[-74.1817374626275,6.8126848873795],[-74.1815950230611,6.81263716060338],[-74.1815318966495,6.81251042644214],[-74.1815004681909,6.81236791859514],[-74.1813739180253,6.81228856241671],[-74.1812472340107,6.81228834655918],[-74.1811835416604,6.81249400700567],[-74.1811356569642,6.81271552039086],[-74.1810404822564,6.8128103290268],[-74.1808031096291,6.81271495398836],[-74.1807240938167,6.81261985098257],[-74.1808036504149,6.81239839017958],[-74.1808989329205,6.81224026919805],[-74.1809309273176,6.81205038498188],[-74.1809310899127,6.81195541474844],[-74.1807887311947,6.8118602036632],[-74.1805353631654,6.81185977194776],[-74.1803772237428,6.81173287613376],[-74.1803459030821,6.81152705480548],[-74.1803778983776,6.81133716941497],[-74.1803146641681,6.81127374909425],[-74.1801721168039,6.81128933368378],[-74.1800610787466,6.81139994393747],[-74.1799338817939,6.81170046357082],[-74.1799333688559,6.81200119976548],[-74.1799962527224,6.81227038756923],[-74.1799326672716,6.81241273489006],[-74.1797266970517,6.81247569658609],[-74.1796317909403,6.81241222111362],[-74.1795528299251,6.81228546102567],[-74.179315432145,6.81220591395131],[-74.1791729656291,6.81217401519704],[-74.1790622518636,6.81209468396182],[-74.1789357025963,6.81201532684622],[-74.1788093428735,6.81182517316484],[-74.1787937508151,6.8116826909815],[-74.1789207600199,6.811492967992],[-74.1790476057312,6.81139821439811],[-74.1791110833841,6.81131918184622],[-74.1791746409871,6.81119266408673],[-74.1792223909361,6.81105029053651],[-74.1793651817437,6.81089225206433],[-74.1795871482639,6.81073434733649],[-74.1795998198993,6.81073436874391],[-74.1798088461878,6.8107347255344],[-74.1800620237742,6.81084595494726],[-74.1801570376835,6.81084611639491],[-74.1802838303943,6.81078301979659],[-74.1803156891459,6.81067227560423],[-74.1802524279869,6.81062468242429],[-74.1801892207269,6.81054543477861],[-74.1802052188238,6.81045049189849],[-74.1803003396326,6.81038734083755],[-74.1804587763976,6.81034012671951],[-74.1806171565687,6.8103245679665],[-74.1806490449647,6.81019799553408],[-74.1806333442101,6.81011882720392],[-74.180617670405,6.81002383072073],[-74.1804277530792,6.80996019436782],[-74.1802852596139,6.80994412271537],[-74.1801903022985,6.80991230498068],[-74.1801270950385,6.80983305543339],[-74.1801114212334,6.80973805978556],[-74.1801907056421,6.80967488187152],[-74.1803490876098,6.80965932309692],[-74.1804916610252,6.80962790851752],[-74.1805393831263,6.80950136355262],[-74.1804287241581,6.80939037733821],[-74.1803338198432,6.80932690234945],[-74.1802390224279,6.8092001146869],[-74.1802392389219,6.80907349022305],[-74.1802235920663,6.80896266446596],[-74.1800810734482,6.80896242184757],[-74.1800493206978,6.80900985285213],[-74.1800015446977,6.80916805339257],[-74.1798115186758,6.80916772960418],[-74.1797326115596,6.80900931320462],[-74.1796696486413,6.80878760900841],[-74.1797332601432,6.80862943510194],[-74.179875914407,6.80855053678295],[-74.1799077740568,6.80843979296729],[-74.1797971159869,6.80832880650734],[-74.1797814152323,6.80824963876074],[-74.1798133557306,6.80809140937412],[-74.1798454049249,6.80786986798646],[-74.1797664708593,6.8077272784827],[-74.1796397868446,6.8077270635151],[-74.179481433623,6.80772679235264],[-74.1793705321096,6.80775826057541],[-74.179291490246,6.80767898391294],[-74.1792758981877,6.80753650406628],[-74.179307784787,6.80740993089848],[-74.1794664092998,6.80725191887879],[-74.179688076681,6.80726812620275],[-74.1798462960537,6.80734753583851],[-74.1800047040726,6.80731614965119],[-74.180052560921,6.80711046379369],[-74.1800686129169,6.80698386464602],[-74.1798788042872,6.80685691580747],[-74.1798155979255,6.80677766575561],[-74.1797207196618,6.80669836306364],[-74.1795784193343,6.80657149353617],[-74.179626464829,6.80625500952076],[-74.1796899676347,6.80616014874639],[-74.1798641572565,6.80616044577729],[-74.180022267933,6.80630316954414],[-74.1802120217654,6.80646177593756],[-74.1803384353872,6.80662027345654],[-74.1803540552933,6.8067469271111],[-74.1805913416824,6.80688978539304],[-74.1807970127633,6.80700093363471],[-74.1807016503077,6.80720654015269],[-74.1805906131487,6.80731714867158],[-74.1805427563002,6.8075228344405],[-74.1805264357081,6.80780771560526],[-74.1804629589535,6.80788674962755],[-74.1804627164084,6.80802920350277],[-74.1805733484272,6.8081560173421],[-74.1806838717499,6.8083461457183],[-74.1806519860489,6.80847271774724],[-74.1808418764252,6.80855218248642],[-74.1811743923192,6.80856857708236],[-74.1812693235835,6.80861622309304],[-74.1813005642941,6.80886952842335],[-74.1811577761814,6.80902756845379],[-74.1810942446296,6.80913825861508],[-74.1810623589286,6.80926483043505],[-74.1811096758895,6.80937570874912],[-74.1813787976739,6.80942365170855],[-74.1814894566422,6.80953463791526],[-74.1815518293673,6.81010456181085],[-74.1814407652588,6.81023099957937],[-74.1813616946492,6.81016755235311],[-74.1812825440895,6.81015158863683],[-74.1811716416778,6.81018305670063],[-74.1811398907241,6.81023048669254],[-74.1811712113848,6.81043630768516],[-74.1813294846564,6.81048406233153],[-74.1815195106783,6.81048438611905],[-74.1817255608483,6.81037393888601],[-74.1818206008087,6.81035827220488],[-74.181947203975,6.8104059715565],[-74.1820259233433,6.81067518701473],[-74.1820415710973,6.81078601059229],[-74.1817723397184,6.8108013820154],[-74.1817088899133,6.81086458743236],[-74.1816929735631,6.81091204590014],[-74.1816927849169,6.81102284266373],[-74.1818510060862,6.81110225346206],[-74.1821043741154,6.81110268339424],[-74.1821993332275,6.81113450194194],[-74.1822149800831,6.81124532719734],[-74.182167204083,6.81140352789265],[-74.1821512607834,6.81146681439999],[-74.1821985247437,6.81160934838198],[-74.1823883360683,6.81173629774713],[-74.1826891845519,6.81175263782378],[-74.1828318118662,6.81168956721199],[-74.1828478899131,6.81154713939882],[-74.1828165153535,6.81137297507526],[-74.1826584280332,6.81121442293163],[-74.182452836004,6.81105579134978],[-74.1823580107409,6.81094483136223],[-74.1823424447337,6.81078652258657],[-74.1824533740949,6.81073922644603],[-74.1827066352246,6.81080296973271],[-74.1829125227995,6.8107874903806],[-74.1829601649506,6.81070843186074],[-74.1829130078898,6.81050258244163],[-74.1828180478794,6.81047076563597],[-74.1826122142034,6.81045458785537],[-74.1824381593289,6.81037515108252],[-74.1823591956188,6.81024838956432],[-74.1822645329508,6.8100424614538],[-74.1820905589247,6.80991553839973],[-74.1820117039107,6.80972546594801],[-74.1819962726508,6.80948801598704],[-74.1820757466039,6.80931403912349],[-74.1822502326698,6.80914022453704],[-74.1822663098184,6.80899779775099],[-74.1821717019477,6.808760212741],[-74.1821401378435,6.80869684559844],[-74.1819503292139,6.808569897213],[-74.181776489935,6.80836383369309],[-74.1816978783645,6.8080313059024],[-74.1816981748086,6.80785719560546],[-74.1817301692057,6.80766730965461],[-74.1819836432362,6.80760442760596],[-74.1821894490644,6.80763643459384],[-74.1823000011332,6.80781073317898],[-74.1823470773456,6.80806406569387],[-74.1825208079283,6.80833344213059],[-74.182583880441,6.80849183288583],[-74.1826152550007,6.8086659964713],[-74.1828051462753,6.80874546117852],[-74.1830110868508,6.80869832539315],[-74.1831536872156,6.80865108256558],[-74.1833119874367,6.80868300742151],[-74.1833909502485,6.80880976846128],[-74.1833431481973,6.80898379902645],[-74.1831846584317,6.80906267051478],[-74.1831686082325,6.80918927000607],[-74.1832000097416,6.80934760606814],[-74.1834372988256,6.80949046357595],[-74.1835798192404,6.80949070619408],[-74.1838331064212,6.80953861970674],[-74.1839109930513,6.8102985097523],[-74.1840853183187,6.81021966344247],[-74.1842122439801,6.81007742518405],[-74.1843390348943,6.8100143267007],[-74.1844184001513,6.80990366260886],[-74.1844503128018,6.80976126191678],[-74.184355542336,6.80961864799966],[-74.1842290460692,6.809507635053],[-74.1841345172502,6.80922256579785],[-74.1841032217423,6.8090009161109],[-74.1840559308325,6.80887420953237],[-74.1839294624135,6.80874737001537],[-74.1838346649982,6.80862058219973],[-74.183708358276,6.80839877167821],[-74.1836136138613,6.8082403273734],[-74.1835031156915,6.80803437253365],[-74.1835032504388,6.80795523149793],[-74.1835667262951,6.80787619748693],[-74.1840100898036,6.80789277853006],[-74.1842314373845,6.80809892163856],[-74.1843732571134,6.80851069737722],[-74.1845307793934,6.80900164039815],[-74.1846728147179,6.80928679184659],[-74.1849418556539,6.80938221662548],[-74.1850844560187,6.80933497386523],[-74.1851320972715,6.80925591243011],[-74.18541702671,6.80931970854065],[-74.1854642915686,6.80946224405252],[-74.1854006549139,6.80963624583771],[-74.1852579215984,6.80976263110297],[-74.1851624522433,6.81003154989371],[-74.1852888407122,6.81020587615215],[-74.1854313341775,6.81022194511991],[-74.1855897421964,6.81019055644464],[-74.1857005098608,6.81023822905359],[-74.1857478016689,6.81036493437997],[-74.185636793256,6.81045971672121],[-74.1856067284401,6.81047876755832],[-74.1856840051141,6.81063390813562],[-74.1860957560094,6.81061877575682],[-74.1863175859857,6.81054001066947],[-74.1865077997555,6.81042953490599],[-74.1866504791721,6.81033480607739],[-74.1867458676789,6.8101133709788],[-74.1868095043336,6.80993936669069],[-74.1869362422471,6.80990792447826],[-74.1871104318689,6.8099082197229],[-74.1872212534322,6.80992423607395],[-74.1873319680961,6.81000356410017],[-74.1873635052507,6.81008275742475],[-74.1873633714018,6.81016189900158],[-74.1872840330942,6.81025673490156],[-74.1873154902988,6.81038341435568],[-74.1875370525771,6.81046292962113],[-74.1876477941904,6.81052642943493],[-74.1877900469072,6.81068495237074],[-74.1879639697294,6.81084352966469],[-74.1881221908987,6.81092293781677],[-74.1881854790071,6.81095470107388],[-74.1882803860168,6.81101817406334],[-74.188406829283,6.8111608428669],[-74.1884857121447,6.81133508665328],[-74.1885013077964,6.81147756715592],[-74.1885958932092,6.81173097979641],[-74.1887066078731,6.8118103075239],[-74.1889282788475,6.81182650845008],[-74.1891025771655,6.81176349047446],[-74.1892293941308,6.81168456234373],[-74.1893086794377,6.81162138290209],[-74.1893721543957,6.81154234860299],[-74.1894198208013,6.81144745854668],[-74.1894674881052,6.8113525693636],[-74.189499319009,6.81125765340247],[-74.189594465869,6.81117867256197],[-74.1900537493209,6.81114778969938],[-74.1902597707448,6.8110531671577],[-74.1904024771108,6.81094260855865],[-74.1905928759336,6.8107213334043],[-74.190609083338,6.81049976379562],[-74.190609297137,6.81037313878281],[-74.1906886866486,6.81024664574916],[-74.1907838344068,6.81016766474226],[-74.1910372536401,6.81013643394342],[-74.1912589776151,6.81012097865315],[-74.1914013372314,6.81021618740767],[-74.1915596392491,6.81024811037549],[-74.1916071457546,6.81024819065342],[-74.191749585321,6.81029591499133],[-74.191876401388,6.81021698572719],[-74.1919873037997,6.81018551588168],[-74.1920980993119,6.81021735768164],[-74.1921614413192,6.81021746471889],[-74.1922091328776,6.81010674715529],[-74.1922567732321,6.81002768495538],[-74.19247852236,6.80999640062878],[-74.1926212269294,6.80988584267815],[-74.1927954982979,6.80983865081023],[-74.1929538263667,6.80985474476566],[-74.1930328170263,6.80996567467809],[-74.1932041410223,6.81021565578933],[-74.1932065817449,6.81021921834589],[-74.1933170323041,6.81045682760878],[-74.1933328947554,6.81047591947694],[-74.1934750684204,6.81064703178329],[-74.1936648545922,6.81078980505841],[-74.1939021751172,6.81091682867447],[-74.1941077976891,6.81105962773658],[-74.1942972667556,6.81139233895931],[-74.1943865431251,6.81175183683091],[-74.195691347872,6.81106227779593],[-74.1964839970241,6.81054127014032],[-74.1970385306423,6.81036808484214],[-74.197260253719,6.81035262688339],[-74.1974029852379,6.81022623909764],[-74.1975139918542,6.81013145403433],[-74.197751471381,6.8101635063445],[-74.1979254507971,6.81029042308914],[-74.1981153178172,6.81038570852003],[-74.1982259022253,6.81054417709175],[-74.1982731176766,6.81071836579957],[-74.1982254791188,6.81079742788565],[-74.1982095115646,6.81087654258531],[-74.1983044185744,6.81094001380115],[-74.1982566749137,6.81108238916801],[-74.1981454841427,6.81128797074578],[-74.1980977386854,6.8114303460094],[-74.1981450340868,6.8115570510209],[-74.1981763358828,6.81177869863493],[-74.198112755822,6.81192104699365],[-74.1979858867544,6.81203163391037],[-74.1977957277818,6.81211045762307],[-74.1977479841211,6.81225283264252],[-74.1977636875706,6.81233199972854],[-74.1979061019841,6.81239555102937],[-74.1980328911016,6.81233244839103],[-74.1982070304178,6.81236439619328],[-74.1983018314264,6.81249117945165],[-74.1983483093608,6.81310855986895],[-74.1983479913572,6.81329849807641],[-74.1984583916107,6.81356776275344],[-74.1985214955645,6.81371032287016],[-74.1985847594184,6.81375791306801],[-74.1987273058843,6.81374232142295],[-74.198822397947,6.8136949943549],[-74.1990123467138,6.81374279595131],[-74.1992022676329,6.81380642555854],[-74.199344603893,6.81391746070151],[-74.1994234130929,6.81413918661],[-74.1995181889486,6.81428180007498],[-74.1996447687587,6.8143453225744],[-74.1997789914352,6.8143352281562],[-74.1998506581302,6.81432983798478],[-74.1999772909409,6.81436170448473],[-74.2000667119392,6.81438569756912],[-74.2000785508363,6.81436866452196],[-74.2002151396753,6.81417216094905],[-74.2001519818226,6.81406125787661],[-74.1999462505545,6.81398177353473],[-74.1997090081829,6.81380726847062],[-74.1995985800817,6.81355383284403],[-74.1994088433173,6.81337940611766],[-74.1991873547008,6.81325241169688],[-74.1991400080955,6.81315736320796],[-74.1992510668141,6.81303092175093],[-74.1993779367799,6.81292033506466],[-74.1993453827324,6.81268982979924],[-74.1992242062887,6.81269719838411],[-74.1991458381617,6.81220636796579],[-74.1989244187155,6.81203188187907],[-74.1988613372196,6.81187348694067],[-74.1988932453785,6.81173107791359],[-74.1989729259442,6.81143045750625],[-74.1989574830061,6.8111929967935],[-74.198894531766,6.81095545657733],[-74.1990698344004,6.81029092705612],[-74.1994340680104,6.81029153092451],[-74.1995763324054,6.81045005661388],[-74.1996550679434,6.81071928185909],[-74.1997178359272,6.81106762340531],[-74.1998285838287,6.81113112403106],[-74.2000027051786,6.81117889912374],[-74.2002087077378,6.81110009488141],[-74.2004305206461,6.81103714549249],[-74.200636208795,6.81114829009756],[-74.2008579687027,6.81111699781625],[-74.201048109709,6.81105399580299],[-74.2013014121612,6.81110190202373],[-74.2013328487046,6.81124441470671],[-74.2012691365914,6.81146591707335],[-74.2011422890834,6.81156068135758],[-74.2009996321247,6.81163959077719],[-74.2009361293189,6.81173446117205],[-74.2009517303605,6.8118769477999],[-74.2008723121028,6.81201927739803],[-74.200745490646,6.81209821350141],[-74.20058702244,6.81216126800399],[-74.2004918737834,6.81224025581845],[-74.2005233372762,6.81236694010062],[-74.2007133722813,6.81236725407515],[-74.2008877819903,6.81224091052692],[-74.2011099102073,6.81198801282474],[-74.2011891182591,6.81197231408527],[-74.2013153899471,6.81222578801054],[-74.2014577333937,6.81233682708736],[-74.2018375689436,6.81247991561796],[-74.2021857604393,6.81260712342476],[-74.2022019103515,6.81241720099901],[-74.2017269755524,6.81232144233387],[-74.2014106167571,6.8120993124129],[-74.2013951998702,6.81184602216747],[-74.201347873926,6.81173514085647],[-74.2014907150394,6.81154542859143],[-74.2016334249987,6.81143485940216],[-74.201665411311,6.81124496505543],[-74.2017291234242,6.81102346347877],[-74.2018717013311,6.81099204096085],[-74.2019981832248,6.8111188816684],[-74.2021246121179,6.81127738121704],[-74.2024411029656,6.81142036481068],[-74.2025518517654,6.81148386360575],[-74.2025187407623,6.81235440877017],[-74.2025814072365,6.81276606668387],[-74.2025611547185,6.81276367887382],[-74.2025607280187,6.8130205918245],[-74.2027190578842,6.8130366821053],[-74.202798183291,6.81306847019767],[-74.2028295129349,6.8132742899725],[-74.2030034941475,6.8134012032181],[-74.2031299688547,6.81352803972064],[-74.2032247456087,6.81367065069149],[-74.2034303457228,6.81382927338074],[-74.203651862187,6.81394043874608],[-74.2040319681298,6.81390941067012],[-74.2041112507418,6.81384622884564],[-74.2042223615627,6.81368812974878],[-74.2044125986887,6.81356181865949],[-74.2045734600066,6.81349781260798],[-74.2043972330058,6.81327688382542],[-74.2041912663791,6.81333985611165],[-74.2040961752147,6.8133871841067],[-74.2038585878901,6.81341844769681],[-74.2037635748791,6.81341828981793],[-74.2037003900769,6.81332321549471],[-74.2035581059191,6.81318052592703],[-74.2034632240621,6.81310122786124],[-74.2034003006698,6.81284787035507],[-74.2034481494334,6.81264218240916],[-74.2034171593527,6.81223059663896],[-74.2034332311114,6.81208816898645],[-74.203528297123,6.81205666982858],[-74.2037975006541,6.81205711581542],[-74.2039557254166,6.81213651841473],[-74.2039871601634,6.81227902454655],[-74.2040661292634,6.81240578196026],[-74.2042402407317,6.81245355514202],[-74.2042877472372,6.81245363274365],[-74.2043829183517,6.8123588204693],[-74.2043355421019,6.8122796007613],[-74.2042723572998,6.8121845271043],[-74.2043041585592,6.81210543759566],[-74.2043833890689,6.81207391257168],[-74.2045891993887,6.8121059094497],[-74.2047000739527,6.81209026512446],[-74.2048268109679,6.81205881770122],[-74.2049693044332,6.81207488214705],[-74.2050642653419,6.81210669438647],[-74.2052068369606,6.81207527372347],[-74.2052703631226,6.81196458067195],[-74.2052546578765,6.81188541352528],[-74.2053023215871,6.81179052264489],[-74.2053499592466,6.81171146072246],[-74.2055718143757,6.81161685702342],[-74.2056036668391,6.81150611213158],[-74.2055087068287,6.81147429896037],[-74.2053978322648,6.81148994419765],[-74.2053819177112,6.81153740171157],[-74.2052868516996,6.81156890090356],[-74.2049861352684,6.8114734346368],[-74.2047958469384,6.81163140334351],[-74.2047482622794,6.81167881000092],[-74.2045423208056,6.81172595352119],[-74.2044156107398,6.81174157288302],[-74.2042572817727,6.81172548166681],[-74.204051551403,6.81164600050569],[-74.2039248673884,6.8116457908917],[-74.2037824781276,6.81156641407839],[-74.2036559782676,6.81145540693429],[-74.2036562396774,6.81129712508637],[-74.2037197128387,6.81121808805795],[-74.2038307446078,6.81110747508641],[-74.2037359157515,6.8109965186787],[-74.2035775337837,6.81101208543772],[-74.2035932390299,6.81109125272851],[-74.2035456543709,6.81113865854732],[-74.203403107905,6.81115425116898],[-74.2032764229921,6.81115404066282],[-74.2031495817723,6.81124880054876],[-74.2030230028605,6.81118527763923],[-74.202896344897,6.81116923992287],[-74.2028489955967,6.81107419191309],[-74.2028174566454,6.81099499875217],[-74.202975732612,6.81104274620713],[-74.2031341136814,6.81102717944915],[-74.203197456587,6.81102728381027],[-74.2032768434036,6.81090079005714],[-74.2032452784012,6.81083742408928],[-74.2031027579864,6.81083718771564],[-74.2029919633725,6.81080534774079],[-74.2029130472731,6.81064693455786],[-74.202929013929,6.81056781982037],[-74.2030240538894,6.81055214868569],[-74.2030399926975,6.81048886205769],[-74.2029608951384,6.81044124656015],[-74.2028816906798,6.81045694356575],[-74.2028341850726,6.8104568650718],[-74.2028182453663,6.81052015081206],[-74.2027230742518,6.81061496255787],[-74.2025172378808,6.81059879370192],[-74.2023114042048,6.81058262395343],[-74.2021848252931,6.81051910184763],[-74.2021533105963,6.81042407957636],[-74.2022329363648,6.81015513067842],[-74.2022806782289,6.81001275592834],[-74.2023283949401,6.80988620838904],[-74.202470941406,6.80987061661812],[-74.202645288233,6.80977593584597],[-74.2027880700575,6.80961788981816],[-74.2029781742329,6.80957072111534],[-74.2030414371885,6.8096183099399],[-74.203263239317,6.80955536392447],[-74.2035482765532,6.80955583578102],[-74.2037224670734,6.80955612478197],[-74.2039916688078,6.8095565698792],[-74.204086602767,6.80960421133191],[-74.2042447754273,6.80971527153103],[-74.2043081946897,6.80966789143895],[-74.2044665757592,6.80965232552832],[-74.2046090692245,6.80966838916275],[-74.2047358574437,6.80960528616569],[-74.2047519543553,6.80944702957475],[-74.2048630651761,6.80928893081188],[-74.2050372547979,6.80928921892102],[-74.2051795901597,6.80940025154175],[-74.2052585844126,6.80951118066726],[-74.2053692227196,6.80963798876309],[-74.205622485646,6.80970172060038],[-74.2058123796156,6.80978117621627],[-74.2058913747667,6.80989210346979],[-74.2059862296742,6.80998723020777],[-74.2061128615865,6.8100190952123],[-74.2062394413966,6.8100826173843],[-74.2063975080556,6.810256989115],[-74.2065239567117,6.8103996519011],[-74.2066665022793,6.81038405836292],[-74.2066824680368,6.81030494358209],[-74.2066984337944,6.81022582878817],[-74.2066669199959,6.81013080645883],[-74.2066354322485,6.81001995775454],[-74.2066355634026,6.80994081704631],[-74.2067147660645,6.80992511913183],[-74.2067308629761,6.80976686264636],[-74.2065566733543,6.80976657542948],[-74.2063824828342,6.80976628821256],[-74.2061608648604,6.80971843805308],[-74.2060660611569,6.80959165495389],[-74.2059553959004,6.80948067500421],[-74.2056865337291,6.8092744629149],[-74.2055441723161,6.80917925754143],[-74.2054652041144,6.80905250195113],[-74.2054179060181,6.80892579806218],[-74.2056873449078,6.80878378776704],[-74.2057824621233,6.80872063291883],[-74.2060360897657,6.80856276761542],[-74.2061944178345,6.80857885804574],[-74.2062735432414,6.80861064464954],[-74.2064158525521,6.80873750561021],[-74.2065423533104,6.80884851159917],[-74.206621372716,6.80894361267666],[-74.2067636568739,6.80908630172068],[-74.2069537349981,6.80905495846207],[-74.2070015280662,6.80888092613875],[-74.2067959809528,6.8086906481218],[-74.2066219494344,6.80859539178962],[-74.206479794634,6.80837356074093],[-74.2064484649901,6.80816774153949],[-74.206448803655,6.80796197487665],[-74.2064015073553,6.80783527069973],[-74.2064492492194,6.80769289436937],[-74.2064811016827,6.80758214946381],[-74.2063703852223,6.80750282549718],[-74.2062279187064,6.80747093445806],[-74.2060849302694,6.80775560692992],[-74.2060687022038,6.80799300333725],[-74.2060210654426,6.80807206676439],[-74.2058465883599,6.80824588976556],[-74.2054981830652,6.80826114263656],[-74.2053875178087,6.80815016148718],[-74.20524502614,6.80813409869389],[-74.2050865669171,6.80819715014954],[-74.2050546336054,6.80835537950127],[-74.2050543461445,6.80852948961747],[-74.2048798690618,6.80870331245297],[-74.2044520248482,6.80887671599505],[-74.2042778082769,6.80889225606343],[-74.2040401724433,6.80895517719044],[-74.2038976268757,6.80897076899113],[-74.2036598598879,6.80911283007375],[-74.2034063346535,6.80920737896386],[-74.203216335581,6.80919123592782],[-74.2031055400688,6.80915939584375],[-74.2030266778684,6.80896932576842],[-74.2030744466819,6.8088111224865],[-74.2031537813962,6.80871628451682],[-74.2032490567153,6.80855815964577],[-74.2034235598491,6.80836850945514],[-74.2034872171651,6.80817867544149],[-74.2036297618343,6.80816308361506],[-74.2036773473916,6.80811567750227],[-74.2036300241424,6.80800480068106],[-74.2034716439713,6.80802036664514],[-74.2034084861186,6.80790946482642],[-74.2034719071777,6.80786208455604],[-74.2035195169894,6.80779885109215],[-74.2035987466008,6.8077673248932],[-74.2036146611544,6.80771986700635],[-74.2035672076495,6.8076881320785],[-74.2033930440789,6.80767201485885],[-74.2032505263591,6.80767177848368],[-74.2031712176959,6.80775078933682],[-74.2032660196028,6.80787757292235],[-74.2032816978994,6.80797256804647],[-74.2032182256364,6.80805160382556],[-74.2030595032072,6.80827293640585],[-74.2029325317316,6.80844683782854],[-74.2029005723688,6.80862089617671],[-74.2026627523805,6.80879461194151],[-74.202567581266,6.80888942492029],[-74.2024409511503,6.80885755805675],[-74.2023935749005,6.80877833777061],[-74.2022513203871,6.80861981955675],[-74.2022672861446,6.80854070359302],[-74.2022517399003,6.80836656761347],[-74.2021568589417,6.80828726875194],[-74.2020618198796,6.8083029399606],[-74.2020253617538,6.80825174205137],[-74.2018717947559,6.80830262419944],[-74.2019190910556,6.8084293291449],[-74.202061348264,6.80858784742168],[-74.2021403137708,6.80871460491868],[-74.2021400254116,6.8088887157965],[-74.2020922296486,6.80906274633304],[-74.2020604014397,6.80915766362036],[-74.2018860276633,6.80926817178794],[-74.201822318245,6.80948966168733],[-74.2017745476349,6.80964786563748],[-74.2016950817665,6.80982184505594],[-74.2016157731033,6.80990085466309],[-74.2014572339304,6.81001138852682],[-74.2013460970584,6.81018531607881],[-74.2010925978751,6.81026403662552],[-74.2009974528118,6.81034301940056],[-74.2008072156858,6.81046932866159],[-74.2006647761194,6.81042160790885],[-74.2005857037131,6.81035816338373],[-74.2004750932539,6.81021552466866],[-74.200459494009,6.81007304468317],[-74.2004596260613,6.80999390487566],[-74.2004597581137,6.80991476237917],[-74.2003648511039,6.80985129191965],[-74.2002382982433,6.80977193978483],[-74.2001434172847,6.80969264204751],[-74.2001119043845,6.8095976187206],[-74.20003291103,6.80948668961507],[-74.2000330430823,6.80940754881885],[-74.2000332802376,6.80926509446082],[-74.2000177609427,6.80907512968089],[-74.2000495639987,6.80899604144359],[-74.2000971217082,6.80896446358851],[-74.2001763531163,6.80893293835813],[-74.2002715233324,6.80883812806391],[-74.2002875699383,6.80871152758801],[-74.2002560561398,6.80861650585073],[-74.2002086816867,6.80853728552477],[-74.2001455247323,6.80842638293352],[-74.2000824198802,6.80828382303048],[-74.2000349933248,6.80823625994099],[-74.1998608028047,6.80823597004725],[-74.1997657637426,6.80825163947361],[-74.1996865880301,6.80825150835241],[-74.1996551011811,6.80814065743002],[-74.1996552062839,6.80807734461651],[-74.1996553643875,6.80798237716454],[-74.1997663710037,6.80788759076602],[-74.1997981731614,6.80780850233302],[-74.1997825218142,6.80769767895972],[-74.199782680816,6.80760270875671],[-74.1997353333124,6.80750766093244],[-74.1995453342399,6.80749151694727],[-74.1994660516279,6.80755469782472],[-74.1994501110231,6.80761798394771],[-74.199449899919,6.80774461057955],[-74.1993071971463,6.80785517080747],[-74.1992121841353,6.80785501203476],[-74.1990695873637,6.80790225940063],[-74.1990378373083,6.80794969140194],[-74.1989266986397,6.80812361791723],[-74.1989418738798,6.80851934958592],[-74.1989732547276,6.80869351316141],[-74.1989254850157,6.80885171648206],[-74.1988619058532,6.80899406481729],[-74.1988139250372,6.8092788933739],[-74.1987821219812,6.80935798156458],[-74.1986870299185,6.80940530906054],[-74.1984811953442,6.8093891365959],[-74.1983387557778,6.80934141484375],[-74.1982439547692,6.80921463075294],[-74.1982442179756,6.80905634816577],[-74.1983716152526,6.80862919783523],[-74.1983876088579,6.80853425457592],[-74.1983719835618,6.80840760139301],[-74.1982929129522,6.80834415749356],[-74.1982772086044,6.80826498974954],[-74.1982773406568,6.80818584875181],[-74.1983407886653,6.80812264209],[-74.1984042357755,6.8080594345279],[-74.1984994068899,6.80796462316913],[-74.1985629061024,6.8078697600567],[-74.1985630651042,6.8077747898877],[-74.1986740447711,6.80769583344942],[-74.1986900123252,6.80761671911733],[-74.1986584212716,6.80756918182918],[-74.19854759881,6.80755316807547],[-74.1984524276955,6.80764797951554],[-74.1984205473844,6.80777455262059],[-74.1982620073132,6.80788508697413],[-74.1980561996883,6.80785308535469],[-74.1980565167936,6.80766314766731],[-74.1980565967437,6.80761566390267],[-74.198056728796,6.80753652190592],[-74.1979777102887,6.8074414205496],[-74.1978510541218,6.80742538092414],[-74.1977716646103,6.80755187470147],[-74.1977080602949,6.80771005163904],[-74.1976760973388,6.80788410936246],[-74.1977392012925,6.80802666849224],[-74.197802438197,6.8080900865662],[-74.1978338181465,6.80826425118947],[-74.1977860484346,6.80842245375968],[-74.1977066589231,6.80854894816619],[-74.1976747498659,6.80869134921805],[-74.197579551802,6.80880198861403],[-74.19750034914,6.80881768388933],[-74.1973896326795,6.80873835745097],[-74.1973265817264,6.80856414215689],[-74.1972794462251,6.80834246808233],[-74.1971687037135,6.80827896976346],[-74.1970421265984,6.80821544467675],[-74.1968680959784,6.80812018468233],[-74.1967889984193,6.80807256805777],[-74.1967100859132,6.80791415397262],[-74.1966945154144,6.80775584508904],[-74.1966313854094,6.80762911409826],[-74.1965522339515,6.80761315297348],[-74.1963146241689,6.80766024069842],[-74.1962035376026,6.80780250910869],[-74.1961399323889,6.80796068596365],[-74.1960923989339,6.80797643478534],[-74.1959815773706,6.8079604210452],[-74.1958233822524,6.80786518775963],[-74.1956967251872,6.80784914814833],[-74.1954749500082,6.80789626082556],[-74.1953163578347,6.80803845067154],[-74.1951581097159,6.80797487203414],[-74.1951107361611,6.80789565160225],[-74.1950002056519,6.80770552750748],[-74.1948261229296,6.80764192295849],[-74.1946679547609,6.80753085960357],[-74.1946366547615,6.80730921181121],[-74.1947476631744,6.80721442795572],[-74.1948901278936,6.80724632347176],[-74.1950642375654,6.80729409984321],[-74.1951277107267,6.80721506483133],[-74.1951911057347,6.80718351361853],[-74.1954443659661,6.80724725113371],[-74.1954917404192,6.80732647167262],[-74.1956183426871,6.80737416775764],[-74.1956975471457,6.80735847154315],[-74.1956976261975,6.80731098685642],[-74.1957453438071,6.80718444038861],[-74.195872159874,6.80710551150469],[-74.1959830856419,6.80705821143341],[-74.1961415727126,6.8069793360477],[-74.1963157883855,6.8069637977013],[-74.1964900831102,6.8069007764111],[-74.1965694717234,6.80677428246216],[-74.1964430006095,6.80664744595815],[-74.1963638239987,6.80664731305258],[-74.1961737988751,6.80664699550637],[-74.1960787077107,6.80669432059371],[-74.1959519994415,6.80670993744338],[-74.1958727689318,6.80674146192778],[-74.1957142827595,6.80682033913655],[-74.1956035680956,6.80674101147609],[-74.1955719770421,6.8066934741012],[-74.1954769370816,6.80670914357793],[-74.1954292994221,6.80678820543259],[-74.1953341813083,6.80685135875114],[-74.1952233327955,6.80685117500254],[-74.1950491180208,6.80686671067661],[-74.1950335484203,6.80670840144754],[-74.1950811860798,6.80662933957974],[-74.1951446071389,6.80658196185896],[-74.1953665943203,6.8064082221017],[-74.1954776799884,6.80626595417013],[-74.1954621894396,6.80606015993248],[-74.1953515268781,6.80594917649023],[-74.1952567797684,6.80579073494474],[-74.1952472216938,6.80569355670027],[-74.1952412101679,6.80563242536085],[-74.1948927545675,6.80567941872958],[-74.1946394161827,6.80566316586071],[-74.1946079850292,6.80552065062828],[-74.194655623587,6.80544158499691],[-74.1948140819116,6.80537853407133],[-74.1949092269749,6.80529954780333],[-74.1948936043738,6.80517288752301],[-74.1948303423165,6.80512529468971],[-74.1946878245967,6.80512505563731],[-74.1945611163276,6.80514067253801],[-74.1944502687131,6.80514048700481],[-74.1943554416534,6.80502952475765],[-74.1943556806052,6.80488706374832],[-74.1944825227234,6.80479230082226],[-74.1946251464444,6.8047292230518],[-74.1947518286624,6.80472943534474],[-74.1949103139364,6.80465055511651],[-74.1949262823889,6.80457143582261],[-74.1949739739473,6.80446071160468],[-74.194990048401,6.80431827718624],[-74.1948478747359,6.80411226000862],[-74.1948799167438,6.80389070608079],[-74.1950859606256,6.80378024662665],[-74.1952288493496,6.80355887807944],[-74.1951658792448,6.80333716512211],[-74.195182111802,6.80309975570868],[-74.1953564316795,6.80302090108048],[-74.1954200638427,6.80284688708551],[-74.1954203566935,6.80267276777258],[-74.1955630585679,6.80256220189132],[-74.1957215168925,6.80249915058768],[-74.1958324696098,6.80243601988849],[-74.1959323964054,6.8023451883784],[-74.1960543741463,6.80230984855642],[-74.1962285619714,6.80231013934576],[-74.1964344989537,6.8022629984686],[-74.1965297221704,6.80213653184169],[-74.1964823746668,6.80204148382734],[-74.1963239971906,6.8020570482008],[-74.1961338948119,6.80210421407388],[-74.1958963398265,6.80211964464648],[-74.1957538499545,6.80210357897547],[-74.1956748062943,6.80202430583927],[-74.1956749913473,6.80191350789072],[-74.1957385435604,6.80178698765222],[-74.1958496022789,6.80166054765974],[-74.1959446655956,6.80162904960158],[-74.1961348209749,6.8015502259517],[-74.1961508145802,6.80145528307654],[-74.1961352189286,6.80131280316716],[-74.196024425213,6.8012809607766],[-74.1958819092898,6.80128072261426],[-74.1958343767332,6.80129647165503],[-74.1956600829068,6.80135949278877],[-74.1955649656913,6.80142264771328],[-74.1954381523192,6.80150157574731],[-74.1952322162353,6.80154871580717],[-74.1951213416714,6.80156435958397],[-74.1949628842451,6.80162740655034],[-74.1948520384273,6.80162722190776],[-74.1948048768749,6.80142137573061],[-74.1949792228035,6.80132669686013],[-74.195122004628,6.80116865340288],[-74.1953281266632,6.80101071604093],[-74.1953759511723,6.8008208568185],[-74.195312743014,6.80074160844652],[-74.1951701731919,6.80077302717538],[-74.1951066739794,6.80086789079781],[-74.1950430409179,6.80104189480574],[-74.1949320360983,6.80113667898764],[-74.1948054068809,6.80110481071757],[-74.1948689069917,6.80100994714192],[-74.1948373428875,6.80094658076052],[-74.1947105555667,6.80100968311161],[-74.1946470824053,6.80108871736082],[-74.1945995767982,6.80108863797334],[-74.1945362626386,6.801072702499],[-74.1944889169315,6.80097765516617],[-74.194298840604,6.8010089927081],[-74.1942194789402,6.80111965706617],[-74.1941718412806,6.80119871894911],[-74.1941082351687,6.80135689441152],[-74.1940603307095,6.80159423867886],[-74.1940284216523,6.8017366400094],[-74.1939807300939,6.80184735861142],[-74.193869884276,6.80184717307693],[-74.1937750320635,6.80175204383399],[-74.1936800208491,6.80175188505927],[-74.1935532065788,6.80183081393123],[-74.1934740039168,6.8018465085424],[-74.1933948542554,6.80183054811741],[-74.1933633701014,6.80171969660459],[-74.1934109817097,6.80165646411576],[-74.1934744548711,6.80157742906797],[-74.1934428647158,6.80152989207394],[-74.1932369537847,6.80156120192805],[-74.1931728706673,6.80157390034298],[-74.1930823285715,6.80163831919346],[-74.1930028582115,6.80181230508248],[-74.1930975837616,6.80198658259],[-74.1927173089355,6.80211258096053],[-74.1925588703739,6.80215980391569],[-74.1925587643727,6.8022231201855],[-74.1925427698691,6.80231806647681],[-74.1921784095966,6.80239660367142],[-74.1920837648949,6.80217483933398],[-74.1919260386973,6.80179468019783],[-74.1918788492971,6.80160465269854],[-74.1918791143001,6.80144636314254],[-74.1918161136526,6.80124047942416],[-74.1918008602591,6.80089221548671],[-74.1918961670192,6.80071825513231],[-74.1921021659852,6.80063945452482],[-74.192355541201,6.80063987643841],[-74.1926404814192,6.80070366834176],[-74.1928777848762,6.80074855262531],[-74.1928426158328,6.80064250068741],[-74.1928902813401,6.80054761115261],[-74.193001127158,6.8005477966876],[-74.1932068251884,6.80064311170393],[-74.193333426558,6.80069080845277],[-74.1934283838734,6.80072262501459],[-74.1935232091365,6.80083358201286],[-74.1936654870062,6.80097627435901],[-74.1938395409823,6.8010557073351],[-74.1940137279092,6.80105599990918],[-74.1941247336272,6.80096121660335],[-74.194235713294,6.8008822608287],[-74.1944892340369,6.80078771475915],[-74.1947583531263,6.8008356505482],[-74.1948851934478,6.80074089395876],[-74.1948853533479,6.80064592416382],[-74.1947271070258,6.80058234543962],[-74.1946639779192,6.80045561344764],[-74.1947116685793,6.80034489720091],[-74.1946802913247,6.80017073238127],[-74.1945854660617,6.80005977612197],[-74.1944746202438,6.8000595896948],[-74.1943796090295,6.80005943091953],[-74.1943005393181,6.79999598502509],[-74.1942850227183,6.79980602014612],[-74.1943326873272,6.79971112955412],[-74.1944435861457,6.79967965902004],[-74.1945069272547,6.79967976516764],[-74.1945860490683,6.7997115550365],[-74.1946809551797,6.79977502594438],[-74.1947758334434,6.79985432710355],[-74.19488649331,6.79996531017025],[-74.1950446048848,6.80010802953416],[-74.1953292935748,6.80031427410406],[-74.1955509070571,6.80036212876872],[-74.1956618058755,6.80033065738529],[-74.1956936610338,6.80021991256585],[-74.1956621768797,6.80010906246538],[-74.195583345222,6.79990316300996],[-74.1954093702975,6.7997762461956],[-74.195219772772,6.79952267560541],[-74.1950933304042,6.79938000958748],[-74.1949033618744,6.79934803505321],[-74.1947767614031,6.79930033906306],[-74.1946976907935,6.79923689396042],[-74.1946820421412,6.79912606860913],[-74.1946505840383,6.79899938975295],[-74.1945717272277,6.79880931833221],[-74.1944292643051,6.79877742403985],[-74.1941760076669,6.79871368540066],[-74.1939860409338,6.79868171171407],[-74.1938753801689,6.79857072656697],[-74.1938439229643,6.79844404845643],[-74.1937966302579,6.79831734266052],[-74.1937337410014,6.79804815684577],[-74.1937022298979,6.7979531347827],[-74.1935600589278,6.79774712914755],[-74.1935128731209,6.79755710985961],[-74.1935174760884,6.79752978698764],[-74.1933424339654,6.79760234766926],[-74.1931207324482,6.79760197748904],[-74.192867359029,6.79760155557279],[-74.1926614409114,6.79763287103487],[-74.1925345161483,6.79777512011534],[-74.1923442224284,6.79793309243672],[-74.1922171647146,6.79815448766011],[-74.1923118112129,6.79837625206914],[-74.1925017608781,6.79842405608287],[-74.1926917653404,6.79844020215683],[-74.1927390876913,6.79855108386222],[-74.1927705206414,6.7986935975945],[-74.1928969701957,6.7988362700602],[-74.1929283519419,6.79901044160744],[-74.1928491196355,6.79904196659723],[-74.1926590370197,6.79907330783339],[-74.1926113706141,6.79916820301135],[-74.1923895630957,6.79923114949645],[-74.1921996116339,6.79918334556298],[-74.1919461582647,6.79923041003051],[-74.1917718842013,6.79927760561701],[-74.1916767373414,6.79935659198327],[-74.1916923347896,6.79949907871676],[-74.1918029748933,6.7996258957007],[-74.1919929524062,6.79965787110845],[-74.1921512580171,6.79968979299428],[-74.1921508618601,6.7999272290688],[-74.191881493039,6.80002175300772],[-74.1916754931747,6.80010055371653],[-74.1914855417129,6.80005274986955],[-74.1913909239607,6.79981515686569],[-74.191422727915,6.79973606353523],[-74.1912487188546,6.79962497070002],[-74.1910743648411,6.79971965347383],[-74.1910266463332,6.79984620547663],[-74.1908523983209,6.79987757252825],[-74.1907577536192,6.79965580792002],[-74.1905043271994,6.79968704296854],[-74.1902824379344,6.79979747392804],[-74.19015532722,6.80005052701551],[-74.190059835407,6.80033528862577],[-74.1900119830501,6.80054098719712],[-74.1898533064349,6.80073066902321],[-74.1896632750231,6.80073035058108],[-74.1896159787234,6.80060363914404],[-74.1894576731124,6.80057171553495],[-74.1894100857586,6.80061912417652],[-74.1894097938061,6.80079324244988],[-74.1894411737556,6.80096741417976],[-74.1895200350578,6.80115749366678],[-74.1896780756657,6.80134770687761],[-74.1896777576621,6.80153765598314],[-74.1898676031227,6.80164877602787],[-74.1899784552287,6.80164896156244],[-74.1901526502404,6.80164925235214],[-74.1902318025967,6.80166521456717],[-74.1903585171541,6.80164959755347],[-74.1904853898149,6.8015390064609],[-74.1905964009228,6.80144421789841],[-74.1908022417853,6.80146039063069],[-74.190802055834,6.8015711940357],[-74.1906433792189,6.80176087813101],[-74.1904690512565,6.80183973118211],[-74.1902948562449,6.80183943950049],[-74.1901203423312,6.80202909583809],[-74.1900567856266,6.8021556204728],[-74.1900565996753,6.80226642371745],[-74.1900723040231,6.8023455960186],[-74.1902622824343,6.80237757213736],[-74.1904048315952,6.80236198101454],[-74.1906107802555,6.80231483746653],[-74.190642160205,6.80248900953674],[-74.1905145976381,6.80301115519237],[-74.190482845786,6.80305858856891],[-74.1904035874285,6.80310594255365],[-74.1902927883231,6.80307409938994],[-74.1900711631627,6.80302624053549],[-74.1898653223002,6.80301006785592],[-74.189738633794,6.8030098555622],[-74.1897068828403,6.80305728983088],[-74.1897068028902,6.80310477672228],[-74.1897700676424,6.80315236975583],[-74.1899125907521,6.80315260880921],[-74.1898966231979,6.80323172655291],[-74.1895956058311,6.8033103670689],[-74.1894370873194,6.80340507587601],[-74.1893892080131,6.80362660237625],[-74.189515841722,6.80365847137099],[-74.1896742820803,6.80361125034715],[-74.1897693247356,6.80359558076935],[-74.1899117957431,6.80362747741781],[-74.1901017750526,6.80365945345121],[-74.1902283297099,6.80373881016446],[-74.1902914363586,6.80388137676914],[-74.1902912755601,6.8039763503843],[-74.1902119381509,6.80407119285835],[-74.1900852496447,6.80407097967311],[-74.1900533908931,6.80418173074053],[-74.1901324920454,6.80422934953502],[-74.1902908515553,6.80422961445553],[-74.1905601700708,6.80416674979636],[-74.1907341818261,6.80427784336517],[-74.1907813451752,6.80448369991394],[-74.1906700951154,6.80472094897743],[-74.1903054680433,6.80495777333793],[-74.1901311131315,6.80505245595251],[-74.1900202601271,6.80505227041926],[-74.1899887741764,6.80494141519016],[-74.1899572082756,6.8048780457595],[-74.1897512856664,6.80490935896328],[-74.1896719743083,6.80498837205507],[-74.1895768238551,6.80506735748227],[-74.1894660508008,6.80501968435969],[-74.189402866897,6.80492460480442],[-74.1893871634475,6.80484543292843],[-74.1892922267933,6.80479778654348],[-74.1892288829894,6.804797680397],[-74.1890864380331,6.80474995462038],[-74.1890232532309,6.80465487501173],[-74.1889758778795,6.80457564957204],[-74.1889443389282,6.80449645266288],[-74.1888336188745,6.80441712194243],[-74.1887386561691,6.80438530473337],[-74.1885328943584,6.80432164354921],[-74.1884377457018,6.80440062908607],[-74.1883584316487,6.80447964047761],[-74.1881842087893,6.80449517801239],[-74.1880101458299,6.8044157411452],[-74.1878994266745,6.80433640951945],[-74.1876304809599,6.80417766773369],[-74.1874247460986,6.80409817818667],[-74.1871238607841,6.8040976715372],[-74.1868704316694,6.80412890362096],[-74.1867119392089,6.80420778304292],[-74.1866009263044,6.80430257016801],[-74.1865215870985,6.80439741079367],[-74.1863314748383,6.80444457822092],[-74.1862206227322,6.80444439090346],[-74.1859356007673,6.80442808268952],[-74.185777294258,6.80439615844261],[-74.1855237052432,6.80452236401412],[-74.1854128522388,6.80452217758868],[-74.1853338588843,6.80441124106625],[-74.1854131989885,6.80431639955134],[-74.185508455443,6.80417410067233],[-74.1855879024467,6.80401594397747],[-74.1856199210984,6.80381022102651],[-74.185572705647,6.80363602178377],[-74.1854779836902,6.80346174398274],[-74.1854146928869,6.8034299784458],[-74.185272328779,6.80333476566927],[-74.1851773930231,6.80328711913438],[-74.18513001857,6.80320789346905],[-74.1851302063179,6.80309709044156],[-74.1852887257278,6.80300238335769],[-74.1854946725915,6.80295524344048],[-74.1856691083517,6.8028130761728],[-74.1857960097587,6.80268665696623],[-74.1858279475619,6.80252842217826],[-74.1858123258592,6.80240176295102],[-74.1858441837124,6.80229101236512],[-74.1860348277753,6.80192726687545],[-74.1861620480841,6.80161090111026],[-74.186178231234,6.80140515036939],[-74.18609921093,6.80131004333878],[-74.1858141377611,6.80132539276542],[-74.18549715284,6.80148314984128],[-74.1854812104387,6.80154643944049],[-74.1855602567938,6.80162571800744],[-74.1857186423548,6.80161015540403],[-74.1858612193634,6.80157873762193],[-74.1859719636717,6.80164223861089],[-74.1859083270169,6.80181625036629],[-74.1858130193586,6.80199020943112],[-74.1857968631582,6.80218013063084],[-74.1857333055552,6.80230665611774],[-74.1856223213968,6.80238561344224],[-74.1854640678881,6.8023220313803],[-74.1853375141292,6.80224267354096],[-74.1851632652186,6.80227403776011],[-74.1850997606162,6.80236890465413],[-74.1850679288141,6.80246382594087],[-74.1849887486101,6.80246369303415],[-74.1849095163037,6.80249521690536],[-74.1848934930539,6.80260599241997],[-74.1850201007118,6.80265369343387],[-74.1849881889596,6.80279610069427],[-74.184924578356,6.80295428276663],[-74.1848136471982,6.80300158413416],[-74.1846711231902,6.80300134418874],[-74.1846077793863,6.80300123714986],[-74.1843863159226,6.80285840268668],[-74.1842757324129,6.80269992533374],[-74.1842759713647,6.80255746452533],[-74.1841335551545,6.80249391013788],[-74.1838570492185,6.80252798510249],[-74.1837970498424,6.80279571000225],[-74.1836068657169,6.80289035647152],[-74.1834639186024,6.80314336689826],[-74.1835112355633,6.80325424484222],[-74.1837011250414,6.80333370866125],[-74.183732499601,6.80350787233407],[-74.1835422876278,6.80361834879864],[-74.1833679920048,6.80368136605978],[-74.1832097196315,6.80363361162858],[-74.1832259863246,6.80338038738254],[-74.183321427832,6.80312729680153],[-74.1832424398674,6.80301636441686],[-74.1830207473334,6.80301598799688],[-74.1830050456805,6.8029368193742],[-74.1830367966342,6.80288938866159],[-74.1832426006658,6.80292139507179],[-74.1832902149692,6.80285816274116],[-74.183274728912,6.80265236882697],[-74.1830726007865,6.80246046134886],[-74.1830887300375,6.80228636954756],[-74.183120588789,6.80217561982704],[-74.183057512683,6.80201722520408],[-74.182994436577,6.80185882785293],[-74.1829312814193,6.80174791836711],[-74.1828047267621,6.8016685586489],[-74.1826781999526,6.80157337139106],[-74.1826308533472,6.80147831791332],[-74.1825516740415,6.80147818411431],[-74.1824407150359,6.8015413131554],[-74.1824405542375,6.80163628634129],[-74.1824562558903,6.8017154578543],[-74.1825510847466,6.80182642175919],[-74.1825508969987,6.80193722418781],[-74.1824874202441,6.80201626185235],[-74.1823607326363,6.80201604777419],[-74.182218370325,6.80192083293342],[-74.1820758472152,6.80192059209542],[-74.1820598769661,6.80199971004204],[-74.1821864028773,6.80209489810742],[-74.1822812577848,6.80219003174242],[-74.1823443608402,6.80233259969882],[-74.1822966656885,6.80244332173144],[-74.1821857605818,6.80247479297646],[-74.1820274558692,6.80244286681572],[-74.1819802422145,6.80226866796905],[-74.1819330285598,6.80209446995116],[-74.1818383083996,6.8019201906988],[-74.1819335639557,6.80177789110982],[-74.1819021328022,6.80163537650837],[-74.18172796474,6.8016192537336],[-74.1816645149349,6.80168246214353],[-74.1816643011358,6.80180909390866],[-74.181600903433,6.80184064458259],[-74.1815059137782,6.80182465382964],[-74.1814903199232,6.80168216778586],[-74.1813321212118,6.8015869261191],[-74.181189598102,6.80158668438895],[-74.181126442046,6.8014757748403],[-74.1812058360491,6.80134927678632],[-74.1814592912149,6.8013022196623],[-74.1818723608371,6.80126989113447],[-74.1818519556054,6.80124123405088],[-74.1818680336524,6.80109880670566],[-74.1819633143613,6.8009406846779],[-74.1821377707827,6.80078269907335],[-74.1822170812425,6.80070369242564],[-74.1823598397109,6.80056148078386],[-74.1824076417621,6.80038745073405],[-74.1824077226104,6.80033996535801],[-74.1823286546958,6.80027651771664],[-74.1823129539412,6.8001973504265],[-74.1823131704352,6.80007072448049],[-74.1822025123653,6.79995973876222],[-74.1820441878897,6.7999436409071],[-74.1817747750512,6.80006980840064],[-74.1816638744361,6.80010127712519],[-74.1813313360842,6.8001007107078],[-74.1811413954022,6.80005290240087],[-74.1809831778262,6.79997349155893],[-74.1807772947428,6.79998896858371],[-74.1807527644473,6.80002805406783],[-74.1806819331855,6.80019457453579],[-74.1806185112281,6.80024195199472],[-74.1804601598031,6.80024168172006],[-74.1803651764366,6.80022569180585],[-74.180222659615,6.80022544918304],[-74.180174883615,6.80038364994174],[-74.1802695983853,6.80055792350759],[-74.1804909657292,6.8007482395352],[-74.18068088036,6.8008118762171],[-74.1808232345865,6.8009070886017],[-74.1808545282977,6.80112873756516],[-74.1807434120869,6.80128683187918],[-74.1805215839073,6.80136559580873],[-74.1803476404239,6.80122284381461],[-74.1802211468521,6.80111183071063],[-74.1801104896805,6.80100084434084],[-74.1799205489985,6.80095303612347],[-74.179841373286,6.80095290054033],[-74.17965121611,6.80103171715231],[-74.1796034940088,6.80115826167354],[-74.1794450338876,6.80122130512527],[-74.1793183247202,6.80123691680094],[-74.1791442455912,6.80117330693515],[-74.1789859759129,6.80112555136259],[-74.1788591589476,6.80120447676945],[-74.1786848911723,6.80125166502615],[-74.1785740435578,6.80125147503148],[-74.1785108389928,6.80117222583853],[-74.1784001279222,6.80109289546103],[-74.1782259140459,6.80110842596943],[-74.1780357559716,6.80118724166386],[-74.1778931044028,6.80126614119279],[-74.1776556572153,6.80121825004641],[-74.1776082333548,6.80117068358102],[-74.1774183744196,6.80107538918521],[-74.1771650647808,6.80104329969653],[-74.1767850738224,6.80101099255913],[-74.1763894387032,6.80086786047001],[-74.1762946439829,6.80074107146568],[-74.1762476010081,6.80047191109254],[-74.1761846120387,6.80026603587648],[-74.1761689669797,6.80015520987055],[-74.1762323889371,6.80010783418705],[-74.1764223844163,6.80012398734039],[-74.1766279432078,6.80029845099545],[-74.1767385446839,6.80044109444082],[-74.1770077158756,6.80045738316623],[-74.1771026453433,6.80050503087377],[-74.1773240117889,6.80069534870636],[-74.1774821745677,6.80080641810222],[-74.1776247731359,6.80075917717412],[-74.1776408511828,6.80061674879398],[-74.1776093697237,6.80050589789308],[-74.1776729821239,6.80034772393449],[-74.1777522656343,6.8002845456768],[-74.1777207051234,6.80022117919973],[-74.1776416102592,6.80017355911587],[-74.177610182699,6.80003104939052],[-74.1776420701967,6.79990447781248],[-74.1777530247107,6.79984135480031],[-74.1778324708161,6.79968320738283],[-74.1777376500446,6.79957224744293],[-74.1776584743321,6.7995721118594],[-74.1775949436785,6.79968280152435],[-74.1775631109781,6.79977771798986],[-74.1775629223319,6.79988851464698],[-74.1774836109738,6.79996752053672],[-74.1774516686789,6.80012574903223],[-74.1774198090291,6.80023649298136],[-74.1772297596509,6.80025199586555],[-74.1771032687741,6.80014098164525],[-74.1770400902601,6.80004590380026],[-74.1769453242859,6.79990328699744],[-74.1768029970089,6.79979224504469],[-74.176692504229,6.79958628747372],[-74.1768668250048,6.79950744475676],[-74.177104433889,6.79946036693641],[-74.1771838808927,6.79930221939355],[-74.1773423949128,6.79920752048157],[-74.1775167156887,6.79912867770245],[-74.1776435587051,6.79903392434437],[-74.1777388960079,6.79884414818868],[-74.1778971917374,6.79887607548056],[-74.1780236296136,6.7990187461081],[-74.1780709187268,6.79914545261107],[-74.178181628899,6.79922478420209],[-74.1782606959154,6.79928823198232],[-74.1783394655894,6.79952579045883],[-74.1786085550344,6.79958956377819],[-74.1787510170587,6.79962146336865],[-74.1787983600708,6.79971651364573],[-74.1787820107326,6.80001722345178],[-74.1788767515541,6.80017566779388],[-74.179066529641,6.80031844685902],[-74.1793040576769,6.80031885271696],[-74.1793993401824,6.80016073221655],[-74.1794788662379,6.79995509949011],[-74.1793526978562,6.7996541470221],[-74.1793055722364,6.79943247061849],[-74.1794640036115,6.7993852572072],[-74.1796698866949,6.79936977837899],[-74.1799548116417,6.79943357758693],[-74.1800183683464,6.79930705937137],[-74.1799871042795,6.79906958195851],[-74.1799717269185,6.79880047506096],[-74.1801144054368,6.79870574839815],[-74.1804468889914,6.79873797184267],[-74.1807475667951,6.79884928253053],[-74.1808106635624,6.79899184345027],[-74.1808105027639,6.79908681357209],[-74.1808893002857,6.79930854365501],[-74.1810633515669,6.79938798136678],[-74.1812533200967,6.79941996214233],[-74.1813323880114,6.79948340989681],[-74.1816332005624,6.79951557798541],[-74.1820609118253,6.79942133581796],[-74.1822351517528,6.79938997587257],[-74.1822195857456,6.79923166596301],[-74.1822198013412,6.79910503976253],[-74.1822675503918,6.79896266708798],[-74.1822677650892,6.79883604081662],[-74.1822044787774,6.7988042767578],[-74.1821410029211,6.79888330958575],[-74.1820458578578,6.79896228977281],[-74.1817133204042,6.79896172335405],[-74.1815867738319,6.79888236674367],[-74.181428531103,6.79881878511012],[-74.1813176852851,6.79881859600648],[-74.1812704231214,6.79867606090331],[-74.1813181434259,6.79854951572834],[-74.1815399150117,6.79850240837821],[-74.1818091940013,6.79845538219537],[-74.1819518437734,6.79837648309689],[-74.1819996449263,6.7982024540398],[-74.1819683799612,6.79796497608113],[-74.1820004273589,6.7977434344824],[-74.182048120714,6.7976327167188],[-74.1821905827383,6.79766461554712],[-74.182190447991,6.7977437564945],[-74.1824341672158,6.79782034184848],[-74.1824436740864,6.79782332915692],[-74.1824893408422,6.79762704894766],[-74.1824915300366,6.79761764280234],[-74.1823809267638,6.79747499941088],[-74.182349363558,6.7974116325634],[-74.1823338262969,6.79723749611681],[-74.1822071979778,6.79720562402016],[-74.18190614378,6.79731591015362],[-74.1817635209573,6.79737898086945],[-74.1816528368362,6.79728382308992],[-74.1816689678837,6.79710973833309],[-74.1816534027748,6.79695142945648],[-74.1816220830124,6.79674560892847],[-74.1816063831562,6.79666644016468],[-74.1814640298281,6.79657122783192],[-74.181353345707,6.7964760698925],[-74.1813694507034,6.79631781343536],[-74.1813538846961,6.79615950518995],[-74.181227259072,6.79612763302183],[-74.1810846892499,6.79615904670031],[-74.1810369958948,6.79626976391135],[-74.1811159021127,6.79642818094479],[-74.1811947256857,6.7966340827809],[-74.1811944561911,6.79679236589398],[-74.1812575260089,6.79695075599516],[-74.1813837761372,6.79720422268615],[-74.1813201116347,6.79739405390138],[-74.1813357854398,6.79748905109896],[-74.1814464686626,6.79758420883788],[-74.1813985318641,6.79783737994282],[-74.1813350030072,6.79794807000728],[-74.1811765707338,6.79799528534375],[-74.1809707145999,6.79799493389582],[-74.1807013565586,6.79808944483486],[-74.1804953117785,6.79819989221743],[-74.1802577864376,6.7981994881417],[-74.180036174752,6.79815162612562],[-74.1798303186181,6.79815127378584],[-74.1795767412814,6.79827746761791],[-74.1794339280158,6.79845133608806],[-74.1792755226919,6.79848272196268],[-74.179101255815,6.79852990870266],[-74.17891096479,6.79868786739598],[-74.1787209432596,6.7986875427085],[-74.178562835278,6.79854481846271],[-74.1785156539627,6.79835479859815],[-74.1786425248269,6.79824421655925],[-74.1788483809608,6.79824456889901],[-74.179006921032,6.79813404213872],[-74.1793078422791,6.79810289797319],[-74.1795453945695,6.79808747440762],[-74.1797989189056,6.79799293760023],[-74.1799099803192,6.79786650106941],[-74.1799417860701,6.79778741366223],[-74.1798151316999,6.79777137014638],[-74.1796568081226,6.797755270434],[-74.1795301816002,6.79772339837169],[-74.1795463413938,6.79753348700643],[-74.1795940904444,6.79739111297433],[-74.1796101675931,6.79724868537999],[-74.1795946033825,6.7970903765491],[-74.1796897762935,6.79699556837705],[-74.1798956575803,6.79698009214786],[-74.1801174839633,6.79690132839154],[-74.1803550910509,6.79685424853191],[-74.1803869767519,6.79672767700928],[-74.1802603771789,6.7966799771911],[-74.1800387681882,6.79663211234774],[-74.1799280571176,6.79655278300478],[-74.1799282996627,6.79641032840198],[-74.1800078266165,6.79620469674698],[-74.1800081239589,6.79603058573129],[-74.180008286554,6.79593561678961],[-74.1799449463433,6.79593550885716],[-74.17984980128,6.79601448774457],[-74.1797387659176,6.79612509705651],[-74.1796119237995,6.79621985009603],[-74.1795482601953,6.79640968169996],[-74.1795163466465,6.79655208189081],[-74.1793578065753,6.79666260901485],[-74.1792311270522,6.7966623931503],[-74.179152302581,6.79645649043431],[-74.1791049874167,6.79634561181377],[-74.1790258386536,6.79632964763805],[-74.1789783608942,6.79631373876598],[-74.1788676507219,6.79623440847851],[-74.1788203346593,6.79612352980676],[-74.1788680828116,6.79598115535704],[-74.1790264881355,6.79594977021108],[-74.1791057716459,6.79588659315933],[-74.1791219314395,6.79569668017643],[-74.1792172112501,6.79553855993943],[-74.1792650402508,6.79534870212337],[-74.1792177250865,6.79523782235534],[-74.1791247368782,6.79522216856057],[-74.1781677813689,6.7964922169239],[-74.1784078121112,6.79659767392002],[-74.1784550751732,6.79674020874753],[-74.1784391040258,6.79681932308706],[-74.1784864200884,6.79693020249035],[-74.1786603617752,6.79707295397562],[-74.1787234594407,6.79721551542223],[-74.178865622326,6.79742152663721],[-74.1788813221822,6.79750069438466],[-74.1788494903802,6.79759561038911],[-74.1787387254107,6.7975479356331],[-74.1786755477951,6.79745285905905],[-74.1785330588213,6.797436786988],[-74.1782637537806,6.79749964003979],[-74.1782002249237,6.79761033018207],[-74.1780891626119,6.79773676678026],[-74.1779307851357,6.79775232504913],[-74.1777884048581,6.79767293880304],[-74.1776776398886,6.79762526494668],[-74.1775826574204,6.79760927405344],[-74.1774558683029,6.79767237059876],[-74.1773606684423,6.79778300539725],[-74.1772971647383,6.79787786693395],[-74.1771860494258,6.79803595964153],[-74.1771225187723,6.79814664876828],[-74.1769957027053,6.79822557377243],[-74.1768848559892,6.79822538377658],[-74.1766946458126,6.7983358569959],[-74.1765677479989,6.79846226575127],[-74.1763776177724,6.79852525336078],[-74.1762826892031,6.79847760545693],[-74.1762354548871,6.79831924172685],[-74.1761406341156,6.79820828147203],[-74.1759823913868,6.79814469796531],[-74.1757132219916,6.79812840737747],[-74.1756184021185,6.79801744707859],[-74.1756187821058,6.79779585198407],[-74.1756822858099,6.79770099221518],[-74.1758883584378,6.79757471795166],[-74.1761102387197,6.79746429986144],[-74.1762686170942,6.79744874247524],[-74.1765852642487,6.79748094192005],[-74.1766330141976,6.79733856876436],[-74.1766964891556,6.79725953568241],[-74.1769498499983,6.797259970087],[-74.1771718937736,6.79705458141984],[-74.1773938818533,6.79688084981278],[-74.1774256606548,6.79681759081917],[-74.1773782367944,6.79677002481022],[-74.1772040786136,6.79675389919622],[-74.1771092039432,6.79667459574144],[-74.1770304899647,6.79640537867865],[-74.1769357500416,6.79624693487761],[-74.1769678001343,6.79602539248712],[-74.1768890044091,6.79580366178171],[-74.1768576334428,6.79562949799257],[-74.1768260711353,6.79556613000976],[-74.1766360496049,6.7955658044282],[-74.1766196742156,6.79588234276155],[-74.1766825796417,6.79613570297543],[-74.1766189681398,6.79629387742825],[-74.1765553835874,6.79643622234923],[-74.1765391968443,6.79664196362149],[-74.1764122451317,6.79680002908348],[-74.1761746380441,6.79684710716441],[-74.175731338316,6.79679886234484],[-74.1755412628867,6.79683019391524],[-74.175398557419,6.79694074684337],[-74.1752401790445,6.79695630335402],[-74.175145141779,6.79697196868836],[-74.1750341342644,6.79706674921297],[-74.1749072355524,6.79719315651811],[-74.1747486676334,6.79731951205394],[-74.1746374148788,6.79755674503135],[-74.1746053638877,6.79777828582411],[-74.1744465785764,6.79803126593888],[-74.174319652915,6.79817350241346],[-74.1742243973589,6.79831579414987],[-74.1741766743594,6.79844233849438],[-74.1742398241273,6.79855324517526],[-74.1745246664291,6.7986645318219],[-74.1748887383424,6.79874429789555],[-74.175110238637,6.79885547567419],[-74.1751574729529,6.79901384011954],[-74.1750621356501,6.79920361620821],[-74.1750143318023,6.79937764490275],[-74.1750134361819,6.79989997769127],[-74.1749499594273,6.79997900944703],[-74.1746644371008,6.80026342946534],[-74.1744584713725,6.8003263891869],[-74.1742530221754,6.80008861167517],[-74.1742533482639,6.79989867270073],[-74.1743327683181,6.79975635467305],[-74.1744438602744,6.79961409012308],[-74.1745075544213,6.79940843307879],[-74.1743337483801,6.79918653802242],[-74.174191395052,6.7990913235129],[-74.1740648772257,6.79899613574443],[-74.1739539218134,6.79905925886765],[-74.1739535409277,6.79928085516366],[-74.173905763131,6.79943905444937],[-74.1737472221614,6.7995495818015],[-74.1734940230155,6.79945417647655],[-74.1733357263877,6.79942224743908],[-74.1730664473981,6.79946927085131],[-74.1730661752085,6.7996275530307],[-74.1730659299685,6.79977000667999],[-74.172939058206,6.79988058658378],[-74.1727014493217,6.79992766257897],[-74.1725275336861,6.79976908078762],[-74.1724963819087,6.79946828965453],[-74.1725918836032,6.79918354447845],[-74.1726554421045,6.79905702798107],[-74.1728138483267,6.79902564392791],[-74.1730514293632,6.79899439456442],[-74.1731941078814,6.7988996706158],[-74.1732895547787,6.79864658302633],[-74.1730678640413,6.79864620035893],[-74.1729727980297,6.79867769504466],[-74.1728145561992,6.798614108924],[-74.1727039547231,6.79847146404432],[-74.1727834026251,6.79831331885204],[-74.17292608294,6.7982185938772],[-74.1730371739979,6.79807632976399],[-74.1729899136308,6.79793379354866],[-74.1728316987497,6.79785438057254],[-74.1726258426158,6.79785402644852],[-74.1725151342402,6.79777469463125],[-74.1725947716868,6.79750575113678],[-74.1728165181197,6.79747447580645],[-74.1730381540599,6.79750651379738],[-74.1732280111986,6.79760180890094],[-74.173338776168,6.79764948365163],[-74.1734813459902,6.79761807274659],[-74.1736081899049,6.7975233208747],[-74.173750759727,6.79749190906937],[-74.1738773853511,6.79752378382304],[-74.1740197108315,6.79763482540791],[-74.1741622537042,6.79761924305124],[-74.174289260214,6.79742952074903],[-74.1742895333018,6.79727123784575],[-74.1741788231296,6.79719190682426],[-74.1740204717046,6.79719163476389],[-74.173783109857,6.79709625751491],[-74.1735774450643,6.7969851069814],[-74.173419420626,6.79679489471977],[-74.1733405180014,6.79663647602318],[-74.1732613970861,6.7966046841669],[-74.1731029917622,6.79663606748609],[-74.1730235169106,6.79681004269819],[-74.1728492769832,6.79684140013593],[-74.1727386773037,6.79669875473016],[-74.1726914986833,6.7965087350278],[-74.172549255848,6.79635020652056],[-74.1725021329231,6.79612852859313],[-74.1725655539822,6.79608115340474],[-74.1728821463395,6.79614501102942],[-74.1730246613643,6.79614525543831],[-74.1730561679763,6.79624028053477],[-74.1731510417484,6.79631958495319],[-74.1732935028744,6.79635148654466],[-74.1733568709328,6.79633576677794],[-74.1734362083421,6.79624093258901],[-74.1736420635776,6.79624128760623],[-74.1737844968558,6.79628901690404],[-74.1738161696561,6.79628907042423],[-74.1738166062373,6.79603582000755],[-74.1737218681108,6.7958773734087],[-74.1735635723814,6.79584544591766],[-74.1733576632469,6.79587674900607],[-74.1731676426148,6.79587642253273],[-74.1729461971175,6.79573358684377],[-74.1728514050921,6.79560679737706],[-74.1728200080746,6.79544845946135],[-74.172788664956,6.79525846780901],[-74.1727414593862,6.79508427438618],[-74.1727101162676,6.79489428169791],[-74.172662828951,6.79476757318239],[-74.1725045880188,6.79470398743659],[-74.1722986519349,6.79475111835109],[-74.172171699324,6.79490918265071],[-74.1721554550887,6.79514658005441],[-74.1722500288235,6.79539999596029],[-74.1722496748872,6.79560576265213],[-74.1720909425765,6.79582708491104],[-74.1718533633367,6.79585833269643],[-74.17163189089,6.79573132472162],[-74.1714738143494,6.7955727700899],[-74.1713157908094,6.79538255816149],[-74.1713796223986,6.79509775882882],[-74.1713798676387,6.79495530468691],[-74.1713167187691,6.79484439806801],[-74.1711742863893,6.79479666684278],[-74.171079221276,6.7948281599967],[-74.1709682676603,6.79489128188317],[-74.1707782470283,6.79489095451714],[-74.1705880629029,6.79498559719119],[-74.170524451401,6.79514376934633],[-74.1704766718076,6.79530196999359],[-74.1703182413308,6.79534918202193],[-74.1700966323401,6.79530131437006],[-74.1700335113184,6.79517458009364],[-74.1699545547948,6.79504781634768],[-74.1697805340563,6.79495254660603],[-74.1697172207951,6.79493660914423],[-74.1695747884152,6.79488887792817],[-74.1695114482045,6.7948887691035],[-74.1693531542717,6.79485683976278],[-74.1692897035682,6.79492004281801],[-74.1693051833372,6.7951258373674],[-74.1693841937597,6.79522094383776],[-74.1694473695787,6.79531602174517],[-74.1694946290474,6.79545855873667],[-74.1694625762598,6.79568009960433],[-74.1692248586794,6.79579048688424],[-74.1689242949618,6.79561585657209],[-74.1689089517367,6.79533092000888],[-74.1690042908361,6.7951411459593],[-74.1690044552278,6.79504617684197],[-74.1690001738572,6.79503696421128],[-74.1688832473432,6.79478537850989],[-74.1687673413153,6.79480834319789],[-74.1684820103299,6.79498195959315],[-74.1683392213189,6.79513999705674],[-74.1681966793446,6.79515557770978],[-74.1680067961548,6.79507610807837],[-74.1679120598249,6.7949176611633],[-74.1678965809542,6.79471186652481],[-74.1677862022603,6.79444259484268],[-74.1676440160188,6.79425240833541],[-74.1676285380465,6.79404661341228],[-74.167549610269,6.79390402337385],[-74.1672962512229,6.79390358450622],[-74.1669952221779,6.79399803380898],[-74.1669002118619,6.79399786878766],[-74.166899827383,6.7942194647407],[-74.1668947716645,6.79426913167782],[-74.166883717895,6.79437772010448],[-74.1669309773637,6.79452025559004],[-74.1669307572765,6.79464688210619],[-74.1668672517758,6.79474174158568],[-74.1666612599963,6.79482052621193],[-74.166518718022,6.79483610776733],[-74.166407680863,6.79494671378232],[-74.1663282320626,6.79510485919008],[-74.1662962870728,6.7952630857183],[-74.1661059915563,6.79542104013305],[-74.1660106803046,6.79559498456466],[-74.1660104063185,6.79575326801984],[-74.1660576909401,6.79587997538363],[-74.1660890313637,6.79606997035843],[-74.1660571690189,6.79618071345804],[-74.1660568393372,6.79637065211782],[-74.166167354575,6.79656078248305],[-74.1662622013977,6.79665591810568],[-74.1663887156307,6.79675110633757],[-74.1664835894028,6.79683041156373],[-74.1665465172868,6.79706794538701],[-74.1666253363681,6.79727385051713],[-74.1667992753599,6.79741660546835],[-74.1671317023207,6.79748049591966],[-74.1673533652103,6.79749670714137],[-74.1675433040957,6.79754452105459],[-74.1677966649384,6.79754495902692],[-74.1680183008786,6.79757699879716],[-74.1682556088272,6.7977040357204],[-74.1684773543618,6.79767276307894],[-74.1685249956146,6.79759370239993],[-74.1686993190854,6.79751486292405],[-74.1688259725573,6.79753091090848],[-74.1689523789925,6.79768941137435],[-74.1690470623218,6.79787951445801],[-74.1689042724124,6.79803755186105],[-74.1686191588193,6.7980845441888],[-74.168508120762,6.79819514945642],[-74.1684127538148,6.79840075260797],[-74.1682541840992,6.79852710515036],[-74.1680641625688,6.79852677689479],[-74.1679850703996,6.79847915485902],[-74.1678266363296,6.79852636479132],[-74.1677947191875,6.79866876435511],[-74.1677946095931,6.79873207751698],[-74.1675979225633,6.79877708954046],[-74.1675568884194,6.798842464096],[-74.1675407241342,6.79903237494403],[-74.1675403684013,6.79923814186495],[-74.167429247699,6.79939623234108],[-74.16725508862,6.79938010235516],[-74.1671442697515,6.79936408386843],[-74.16704920374,6.7993955749391],[-74.1670172318007,6.79956963121606],[-74.1670805450619,6.79958556852425],[-74.1673021280015,6.79964926601593],[-74.1674286997267,6.7997127975878],[-74.1674601497448,6.79983947893188],[-74.1675232438171,6.79998204312583],[-74.1676341453305,6.79995057796147],[-74.1676976777807,6.79983989014223],[-74.1677137315731,6.79971329175395],[-74.1678720829981,6.7997135655969],[-74.1679986547233,6.79977709805224],[-74.1680776121452,6.79990385965907],[-74.1680615296067,6.80004628735852],[-74.1681879099907,6.80022061635047],[-74.1683146739555,6.80017335038889],[-74.1684097938659,6.80011020243615],[-74.1685840903873,6.8000471909505],[-74.1686631843531,6.80009481283082],[-74.1687104429235,6.80023734840519],[-74.168725949642,6.8004273148976],[-74.1687572640145,6.80063313652488],[-74.1688521377866,6.8007124428944],[-74.1688993972553,6.80085497917754],[-74.1688201388978,6.80090232713553],[-74.1686773489885,6.80106036265244],[-74.1686140914228,6.80101276851963],[-74.1685193263468,6.80087015111183],[-74.1684561756807,6.80075924318171],[-74.1683137145547,6.80072734009885],[-74.1681552256875,6.80080620759149],[-74.1681707898981,6.80096451787425],[-74.1683290038808,6.80104393390439],[-74.1683603739489,6.80121809840745],[-74.1684076055699,6.80137646296611],[-74.1683916344225,6.80145557743438],[-74.1683123760649,6.80150292444119],[-74.1682646782183,6.80161364042108],[-74.1682169255744,6.80175601320211],[-74.1683591953592,6.80189871062625],[-74.1684068087642,6.80183548172896],[-74.1686918981028,6.80180431817954],[-74.1689612597374,6.80170981243115],[-74.1696113785933,6.80120443038579],[-74.1697538693637,6.80122050500679],[-74.1699438639446,6.80123666079872],[-74.1700230396571,6.80123679816576],[-74.1702446513428,6.80128466433446],[-74.1702920473555,6.80134806010707],[-74.1704503439833,6.80137998901656],[-74.1705451908059,6.80147512279315],[-74.170465768955,6.80161744120366],[-74.1702439677248,6.80168037041999],[-74.170037863656,6.80182247112349],[-74.1697526647229,6.80191694741395],[-74.1696258199098,6.80201169752748],[-74.1695305904049,6.8021381606193],[-74.1693878256484,6.80228036911837],[-74.1693560468469,6.80234362650084],[-74.1693558815569,6.80243859685212],[-74.1695298780409,6.80254969438867],[-74.1696566968028,6.80247077277076],[-74.1697677348601,6.80236016581143],[-74.1699262515751,6.80226547017814],[-74.1701322191001,6.80220251160268],[-74.170306406027,6.80220281309599],[-74.1704488141524,6.80226637198195],[-74.1704802111698,6.80242470765128],[-74.1704799111325,6.80259881902624],[-74.1705905656092,6.80270980770281],[-74.1707964792353,6.80267850595148],[-74.1710499802152,6.80259980200061],[-74.1711451270752,6.8025208250875],[-74.1712563834231,6.80228359188495],[-74.1714149818848,6.8021414101466],[-74.1715259372971,6.80207828742834],[-74.171573607296,6.80198339996111],[-74.1714945663308,6.80190412145315],[-74.1714471433686,6.80185655594768],[-74.1714314444107,6.80177738802587],[-74.1714475242543,6.80163496083961],[-74.1716376302263,6.80158780294834],[-74.1717799817578,6.80168301785516],[-74.1719224716298,6.80169909156814],[-74.1719701407304,6.80160420402602],[-74.1722076418168,6.80162044097642],[-74.1722549300317,6.80174714857727],[-74.1723182980901,6.80173142987905],[-74.1723973112076,6.80182653504225],[-74.1723812574151,6.80195313376568],[-74.1723018903615,6.80206379612228],[-74.172096032431,6.80206344110936],[-74.1719694050102,6.80203156665682],[-74.1716683723719,6.8021260179304],[-74.1715255276654,6.8023157107265],[-74.1714462163072,6.80239471710909],[-74.1713666570141,6.80261617450002],[-74.1711920595572,6.80285329871539],[-74.1708589193341,6.8032009475418],[-74.1707953320867,6.80334329309264],[-74.1706369249661,6.80337467597173],[-74.1704785995922,6.8033585746631],[-74.1703680259639,6.80320010193514],[-74.1703365202502,6.80310507643103],[-74.1702258091797,6.80302574458876],[-74.1701149346158,6.80304138207352],[-74.170003952254,6.80312033035735],[-74.1700671020218,6.80323123863431],[-74.1701302508913,6.80334214599364],[-74.1700983615971,6.80346871666591],[-74.1699399266287,6.80351592789187],[-74.1696866178883,6.8034838349983],[-74.1695759068177,6.80340450143462],[-74.1694337457291,6.80319848921692],[-74.1692754751524,6.80315073116975],[-74.1691173959169,6.80299217452611],[-74.168895646789,6.80302344771328],[-74.1688164171776,6.80305496797979],[-74.1688019111824,6.80305098702653],[-74.1688162006836,6.80318159492315],[-74.1688634053552,6.80335578808679],[-74.1689580060394,6.8035933757715],[-74.168840118328,6.80374014904016],[-74.1688627477884,6.80373566590269],[-74.1689418148047,6.80379911487115],[-74.1689575137627,6.80387828335169],[-74.1690365259818,6.80397339076577],[-74.1692740558143,6.80397380108058],[-74.1694640521918,6.80398995677989],[-74.169590706562,6.80400600365601],[-74.1697489501892,6.80406959084694],[-74.1697804289534,6.80418044270942],[-74.1699227553321,6.80429148543173],[-74.1700652452041,6.80430756084143],[-74.1701599851272,6.8044660055523],[-74.1700169203334,6.80478232483739],[-74.1698109240624,6.80486111138539],[-74.1694465476202,6.80495545238804],[-74.1693044682782,6.80470195499894],[-74.168988172365,6.80446398341594],[-74.1689512929293,6.80445257043188],[-74.1690349386587,6.80489142913276],[-74.1690187195762,6.80511299597866],[-74.1690815702051,6.80539801504744],[-74.1691918967967,6.80569894161682],[-74.1693654558012,6.80606329258322],[-74.1693809086207,6.80628491597533],[-74.1693807172795,6.80639571380723],[-74.1693806076851,6.80645902684256],[-74.1693012954286,6.80653803075945],[-74.1691429413086,6.80653775781236],[-74.1689688612813,6.8064741441888],[-74.1688265888016,6.80633144277239],[-74.1687159612743,6.80620462577504],[-74.1683359397732,6.80618814100791],[-74.1681774491093,6.80626700849576],[-74.168113970558,6.80634604009577],[-74.1679842960518,6.80654894596693],[-74.1680659681825,6.80663086487201],[-74.1680498874406,6.80677329146848],[-74.1681130093607,6.80690002714516],[-74.1682714182779,6.80686864449649],[-74.1685565094131,6.80683748038173],[-74.1687306163899,6.80688526660564],[-74.1688096843046,6.80694871604983],[-74.1689203387812,6.80705970461292],[-74.1690945832003,6.80702834962616],[-74.1693162793276,6.80702873317888],[-74.1694428528494,6.80709226466652],[-74.1695534821733,6.80721908142938],[-74.1696164684477,6.80742495901651],[-74.1695686879561,6.80758315740348],[-74.1693625003439,6.80777274189782],[-74.1691565570734,6.80781987153021],[-74.1691089688212,6.80786727410431],[-74.1688871909473,6.80791437607599],[-74.1687923153785,6.80783507089587],[-74.168745028062,6.80770836311757],[-74.1686185093373,6.80761317438105],[-74.1684601821669,6.80759707321459],[-74.1682701579415,6.80759674407322],[-74.1682542128452,6.8076600301907],[-74.1682222678554,6.80781825704358],[-74.1681428720557,6.80794474536548],[-74.1680476407541,6.80807120778661],[-74.1680474494129,6.80818200609815],[-74.1681107348264,6.80821377221268],[-74.1683166232996,6.80819829991285],[-74.1684909773131,6.80810363040652],[-74.1686177969734,6.8080247079176],[-74.1687285897906,6.8080565569968],[-74.1688391373678,6.80823085899727],[-74.1690291346436,6.80824701455331],[-74.1693615696892,6.80831090267194],[-74.1693931310984,6.80837426986546],[-74.1693928580106,6.80853255178566],[-74.1693450784173,6.80869075248346],[-74.1692340107155,6.80881718794859],[-74.1691072458525,6.8088644539513],[-74.1689647811333,6.80883255051495],[-74.1684584582998,6.80859425183904],[-74.1681419953,6.80845124956361],[-74.1678886290673,6.80845081160123],[-74.1676825762024,6.80856125392503],[-74.1676665475628,6.8086720235801],[-74.167713671386,6.80889370107035],[-74.167840353604,6.80889392049732],[-74.1679352031215,6.80898905456904],[-74.1679190657858,6.80916313769594],[-74.1679663261529,6.80930567414631],[-74.1679501349182,6.80951141347364],[-74.1678074240606,6.8096219643747],[-74.1676330682505,6.80971663268954],[-74.167537945645,6.80977978205481],[-74.167347674383,6.80992190712028],[-74.1672682498372,6.8100642239188],[-74.1671572638821,6.81014317372355],[-74.1669988540666,6.81017455615806],[-74.1668405547439,6.81014262515755],[-74.1667774310272,6.81001588944526],[-74.1667144474477,6.80981001296965],[-74.1666197084229,6.80965156556292],[-74.1665251068403,6.80941397820068],[-74.1664303678155,6.80925553066316],[-74.1662724799211,6.80898617615154],[-74.1663182481866,6.80877448620187],[-74.1660509517788,6.80889082265228],[-74.1657815569066,6.80900115337741],[-74.1656159740435,6.80919906482761],[-74.165638678064,6.80920667340846],[-74.1656385675712,6.80926998607297],[-74.1655908149274,6.80941235747557],[-74.165511582621,6.80944387643059],[-74.1654797193778,6.80955462001453],[-74.1655269501005,6.80971298449932],[-74.1656060449647,6.80976060720498],[-74.165780207637,6.80977673684214],[-74.1659383425681,6.80990363763349],[-74.1659539040837,6.81006194670051],[-74.1659694934472,6.81020442847323],[-74.1657000967783,6.8103147597883],[-74.1655100707564,6.81031443064883],[-74.1654469209885,6.81020352311644],[-74.1653678261244,6.81015590045477],[-74.1652252518107,6.81018730964777],[-74.1651142937034,6.8102504304078],[-74.1650824852575,6.81032951665438],[-74.1650030328639,6.81048766234914],[-74.1650028397261,6.81059846010271],[-74.1649234978253,6.81069329145652],[-74.1648285396115,6.81066147020361],[-74.1647020208869,6.81056628116094],[-74.1645119391694,6.8105976064813],[-74.1644801037741,6.81069252168106],[-74.1645431430492,6.81086674244614],[-74.1646696069765,6.81099358853865],[-74.1646852780867,6.81108858572178],[-74.1646851666956,6.81115189813796],[-74.164748372159,6.81123115014334],[-74.1649383981809,6.81123148017417],[-74.1651126991938,6.81116846836419],[-74.1651446450819,6.81101024172407],[-74.1652398233829,6.8109154371922],[-74.1653506718957,6.81091562896699],[-74.165477355012,6.81091584839304],[-74.1656675741717,6.81080538074391],[-74.1657311093168,6.8106946927512],[-74.1657945052231,6.81066314711903],[-74.1659685861487,6.81072676197129],[-74.1660950231266,6.81086943442943],[-74.1660630233396,6.81105931911308],[-74.1659677066981,6.81123326501658],[-74.1658722822587,6.81147052233916],[-74.1658086105697,6.81166035237445],[-74.1658083078374,6.81183446396719],[-74.165934581322,6.81207210721696],[-74.1659975110026,6.81230963974438],[-74.165933783618,6.81253112556357],[-74.1658386340631,6.81261010261345],[-74.1657908248254,6.81278413090802],[-74.1657270713896,6.81302144454962],[-74.1655050976829,6.81317934138874],[-74.1653307957717,6.81324235293453],[-74.1651247411102,6.81335279415526],[-74.1649980292478,6.81336840186847],[-74.1648081388714,6.81328893079128],[-74.1646498647015,6.8132411719643],[-74.1645706611413,6.81325686174251],[-74.1645070711989,6.81339920609463],[-74.1644277822987,6.8134623817342],[-74.1642852349344,6.81347796268472],[-74.1640634543655,6.8135250614296],[-74.1639366589598,6.81358815499129],[-74.1638731229164,6.81369884320824],[-74.1638728758797,6.81384129714151],[-74.1639202449429,6.81392052105137],[-74.164062766256,6.81392076812715],[-74.1642846842672,6.81379452756477],[-74.1644747390352,6.81377902868582],[-74.1647438886674,6.81381115300184],[-74.1649972593916,6.81381159274327],[-74.165139778908,6.81381183981907],[-74.1652506013697,6.81382786049964],[-74.1654245179036,6.81398644478218],[-74.1654083527201,6.81417635677478],[-74.1653289281743,6.81431867409487],[-74.1653444061466,6.81452446746597],[-74.1653282957603,6.81468272238163],[-74.1651854995627,6.81484075782079],[-74.1651537189646,6.81490401533152],[-74.1651536093702,6.81496732902792],[-74.1651374980855,6.81512558379741],[-74.1652323745526,6.8152048895561],[-74.1653748958657,6.81520513663121],[-74.1654383483658,6.81514193357022],[-74.165533498819,6.81506295782928],[-74.1655810340705,6.8150472119162],[-74.1658501298038,6.81511099209294],[-74.1659449505753,6.81522195379244],[-74.1660398279406,6.81530125953521],[-74.1660871161555,6.81542796798374],[-74.1660868682205,6.8155704214033],[-74.1661976349866,6.81561809882927],[-74.1663085948905,6.8155549787757],[-74.1663405407786,6.81539675090697],[-74.1662775006053,6.8152225308956],[-74.166325227198,6.81509598651491],[-74.166293803231,6.81495347765237],[-74.1661355290611,6.81490571899114],[-74.1659296926902,6.81488953333246],[-74.165723966812,6.81481003574834],[-74.1656608709431,6.81466747060678],[-74.1656927072368,6.81457255708566],[-74.1659144617546,6.81454128465111],[-74.1660093651711,6.81460476251767],[-74.1661042973336,6.81465241149669],[-74.1661835017922,6.81463672087219],[-74.1663103789447,6.81452614258394],[-74.1663739140898,6.81441545455798],[-74.1664215580375,6.81433639574425],[-74.1664534221789,6.81422565237235],[-74.1664853402193,6.81408325385541],[-74.1666912861847,6.81403612573029],[-74.1670236960775,6.81411584286734],[-74.166991831936,6.81422658537262],[-74.1669916684427,6.81432155515629],[-74.1670707372557,6.81438500450895],[-74.1670864083658,6.8144800019123],[-74.1670228732207,6.81459068992333],[-74.1669594207206,6.81465389305697],[-74.1669432564354,6.81484380478522],[-74.1670063792537,6.81497054100569],[-74.1671330102678,6.81500241549077],[-74.1673549282789,6.81487617342926],[-74.1674183798807,6.81481297121688],[-74.1675926539442,6.81476578696951],[-74.1677193397554,6.81476600550181],[-74.1677822990804,6.8149877105026],[-74.1679402723147,6.81520957952295],[-74.1679875596313,6.81533628888771],[-74.1680348199984,6.81547882350351],[-74.1679554502497,6.81558948541691],[-74.1677337496309,6.81558910187104],[-74.1675437766095,6.81555711682102],[-74.1674329550462,6.81554109709021],[-74.1672903241386,6.81560416273562],[-74.1672901318992,6.81571496109104],[-74.1674482973729,6.81582603236265],[-74.1675431199411,6.81593699389663],[-74.1674793925565,6.81615847982419],[-74.1674632552207,6.81633256391664],[-74.1673838306749,6.81647488059661],[-74.1672412545646,6.81650629115965],[-74.1670195539457,6.81650590672256],[-74.1668611980291,6.81650563199721],[-74.1667027585692,6.81655284283231],[-74.1667020632732,6.81655697084782],[-74.166797497594,6.81671128974283],[-74.1667814977005,6.81680623138334],[-74.1666546483958,6.81690098212461],[-74.1664961810881,6.81696401994021],[-74.1664801246008,6.81709061912959],[-74.1665116869083,6.81715398694699],[-74.1666858801233,6.81715428843092],[-74.1667648662913,6.81726522289847],[-74.1667488942455,6.81734433653097],[-74.1667013320445,6.81737591115839],[-74.1666851399115,6.81758165059116],[-74.1667325089748,6.81766087477485],[-74.1669224289955,6.81772451545759],[-74.1670650599031,6.81766145009117],[-74.1672077743539,6.81755089836765],[-74.167287336342,6.81732944073437],[-74.1672559105784,6.81718693164388],[-74.1673195292668,6.81702875872371],[-74.1673830913614,6.81690224247072],[-74.1674941051642,6.81680746497072],[-74.1677948736978,6.81687129843117],[-74.1680959440652,6.8167610203586],[-74.1681278621056,6.81661862170278],[-74.1680333126253,6.81634937657851],[-74.1682079163704,6.81611225546483],[-74.1682555333687,6.81604902487251],[-74.1683981642763,6.81598595750166],[-74.1685881920948,6.81598628663728],[-74.1686989597593,6.81603396312993],[-74.1688413984273,6.81608169313578],[-74.1689681659853,6.81603442695238],[-74.1690000561779,6.81590785602699],[-74.1689686591604,6.81574951856284],[-74.1688738087445,6.81565438494008],[-74.1687631237251,6.81555922453948],[-74.1686998356167,6.81552745801945],[-74.168652519554,6.81541657934361],[-74.1687003278934,6.81524255022055],[-74.1686688482309,6.81513169734591],[-74.168589862063,6.81502076416849],[-74.1686058889059,6.81490999241169],[-74.1686695327472,6.81473599164776],[-74.1686064638277,6.81457759938645],[-74.1684801903432,6.81433995737823],[-74.1684171214237,6.81418156587807],[-74.1684174223593,6.81400745513744],[-74.1685285179088,6.81386519302714],[-74.168686846876,6.81388129487525],[-74.1687659426384,6.81392891538308],[-74.168955668623,6.81410335439716],[-74.1689554772819,6.8142141530994],[-74.1689551493968,6.81440409086891],[-74.1689707387603,6.81454657313569],[-74.1691130130367,6.81468927300051],[-74.1693344657205,6.81483211018597],[-74.1694766582502,6.8150222947859],[-74.1695874807118,6.81503831453405],[-74.1696825494184,6.81500682181371],[-74.1697302742145,6.81488027737605],[-74.1697146300538,6.81476945385263],[-74.1696356438858,6.81465851880745],[-74.1696358621764,6.81453189310867],[-74.1695729845981,6.81426270389848],[-74.1694940253796,6.81413594073182],[-74.1693199157078,6.81408815612205],[-74.1693044080911,6.81389818879236],[-74.1692889283221,6.81369239515243],[-74.1692417766511,6.81348654612203],[-74.1691626808887,6.81343892378628],[-74.1689570367572,6.81331194276086],[-74.1689414473938,6.81316946191116],[-74.1688467353184,6.81299518668022],[-74.1688787351055,6.81280530276295],[-74.168989665365,6.81275800949739],[-74.1691479943321,6.81277411049065],[-74.1693219665616,6.81290103635624],[-74.169369364371,6.81296443237853],[-74.1694482687923,6.81312285193184],[-74.1695905430686,6.81326555222035],[-74.1698755291009,6.81329769976203],[-74.1699231452009,6.81323446879849],[-74.1700816098137,6.81317142870858],[-74.1701451979593,6.81302908339689],[-74.1701296076976,6.81288660335515],[-74.170066512727,6.81274403853369],[-74.169892567447,6.81260128457163],[-74.1696552523118,6.81247424891407],[-74.1695444846474,6.81242657385141],[-74.1693230876591,6.81225207981705],[-74.1692918002361,6.81203042885385],[-74.169402922735,6.81187233897009],[-74.1695297163441,6.81180924518269],[-74.1696565369027,6.81173032151936],[-74.1697832487651,6.81171471286089],[-74.1698623993248,6.81173067652513],[-74.1700366446421,6.81169932095167],[-74.1701317133486,6.81166782890403],[-74.1702111091484,6.8115413388877],[-74.1703064221967,6.81136739220394],[-74.1703383941359,6.81119333663608],[-74.1704178716824,6.81101936217487],[-74.1704972126849,6.81092452999353],[-74.1706081168932,6.81089306376235],[-74.170750637308,6.8108933099477],[-74.1708139236198,6.81092507588272],[-74.170892964585,6.81100435290088],[-74.170877020387,6.81106763856892],[-74.1707973506011,6.81135240970007],[-74.170812667775,6.81165317465616],[-74.1707172999295,6.81185877739671],[-74.1706220677296,6.81198523967814],[-74.1704477128178,6.81207990841856],[-74.1703365364199,6.81226965704309],[-74.1703678786402,6.81245964999315],[-74.1704468935543,6.81255475570663],[-74.1706211119221,6.8125392273525],[-74.1707794130415,6.81257115819351],[-74.1708266186114,6.81274534973313],[-74.1709056613732,6.81282462734239],[-74.1710482626364,6.81277738848904],[-74.1712224540548,6.81277768908372],[-74.171333166922,6.81285702109796],[-74.1713804560352,6.81298372840847],[-74.1714594422032,6.81309466294912],[-74.17158601842,6.81315819363356],[-74.1718235248963,6.81317443108504],[-74.1719185109578,6.81319042235182],[-74.1719206669144,6.81320680340965],[-74.171949773228,6.81342789991508],[-74.1719177204403,6.81364944141199],[-74.1716642958172,6.81368066217041],[-74.1715536098994,6.81358550137803],[-74.1714428152856,6.81355365355787],[-74.1712052540121,6.81356907305869],[-74.1711733916672,6.81367981569023],[-74.1710623796611,6.8137745947005],[-74.1708407077883,6.81375838492042],[-74.1707299949211,6.81367905216334],[-74.1707461044091,6.8135207978084],[-74.1706670903933,6.81342569139454],[-74.1705562131344,6.81344132854041],[-74.1704770356253,6.81344119206885],[-74.170382104361,6.81339354386143],[-74.1702712540516,6.81339335297961],[-74.17022363885,6.81345658303019],[-74.1702550906647,6.81358326342317],[-74.1702865712255,6.81369411576383],[-74.1703339411871,6.81377333880606],[-74.1704445453581,6.81391598449079],[-74.1704443261692,6.81404261035223],[-74.1703333680619,6.81410573238884],[-74.1702856971647,6.81420062013524],[-74.1702853692797,6.81439055880211],[-74.170348574743,6.81446980938031],[-74.1704910143094,6.81451753954194],[-74.1707127670306,6.8144862662118],[-74.1707919175903,6.81450222978382],[-74.1708234798978,6.81456559794338],[-74.1707757551017,6.81469214157212],[-74.1705379737409,6.81483418668873],[-74.1702212340599,6.81484946878518],[-74.1700311801902,6.8148649685215],[-74.1699518643405,6.81494397373],[-74.1699357827003,6.8150864005343],[-74.1699830709152,6.81521310903963],[-74.1703472910505,6.81521373698497],[-74.1704106061084,6.8152296737737],[-74.1704419770747,6.81540383848053],[-74.1703309911197,6.8154827891902],[-74.1702355954264,6.81570422091763],[-74.1702828557935,6.81584675720797],[-74.1702194041917,6.81590996017601],[-74.1701085808317,6.81589394045699],[-74.1699187713038,6.81576698684075],[-74.1697921681375,6.8157192844545],[-74.1696970446338,6.81578243302937],[-74.1697283886507,6.8159724254795],[-74.1698073478692,6.81609918905256],[-74.169838745785,6.81625752640119],[-74.1697910200906,6.81638406958336],[-74.1696801706795,6.8163838787027],[-74.1693951828505,6.81635173047597],[-74.1693160861898,6.81630410842487],[-74.1691895369225,6.81622474843808],[-74.1690311262086,6.81625613136656],[-74.1689518382067,6.81631930752167],[-74.1689672631784,6.81655675856011],[-74.1689670448878,6.81668338461599],[-74.1690775385661,6.81688934376936],[-74.1691406083839,6.81704773437485],[-74.1691086076985,6.81723762017972],[-74.1689658950443,6.81734817108358],[-74.1687757297834,6.81742698411058],[-74.1685220841748,6.81758482865679],[-74.168410987727,6.8177270905552],[-74.168394960884,6.81783786166098],[-74.1682362474379,6.81804335471378],[-74.168077725333,6.81813805080079],[-74.1679982729393,6.81829619570401],[-74.1679821912991,6.81843862240415],[-74.1679662165584,6.81851773673488],[-74.167886984252,6.81854925598336],[-74.1677921059884,6.81846995077802],[-74.1677448725707,6.8183115856175],[-74.1676659133522,6.81818482352159],[-74.1671749777612,6.81819980313605],[-74.1671430588225,6.81834220221401],[-74.1671745941806,6.8184213977292],[-74.1672536629936,6.81848484743112],[-74.1673961016617,6.81853257897684],[-74.1675384334302,6.81864362283662],[-74.1676172561048,6.81884952673793],[-74.1676645991169,6.81894457766602],[-74.1678544903916,6.81902404780556],[-74.1680443547168,6.81911934666408],[-74.168059971928,6.81924599969364],[-74.1681546579522,6.81943610315762],[-74.168170248214,6.81957858392847],[-74.1679483266095,6.81970482653526],[-74.167663283085,6.81970433417365],[-74.1675208974176,6.8196249470992],[-74.1674101558043,6.81956144135481],[-74.1672519633811,6.81946619877768],[-74.1670623182448,6.81924427375041],[-74.166841028156,6.81900646636736],[-74.1666513012731,6.81883202646175],[-74.1664615177963,6.81868924309402],[-74.1663190791282,6.81864151156389],[-74.1661606657194,6.81867289344218],[-74.1660654595706,6.81878352696731],[-74.1660334858347,6.81895758245542],[-74.1660015120988,6.81913163877227],[-74.166096417312,6.8191951160309],[-74.1662547741269,6.81919539075471],[-74.1663814060392,6.81922726674274],[-74.1663811590025,6.81936972081694],[-74.1663490756721,6.8196070900675],[-74.1661745797248,6.8197808981837],[-74.1660635371759,6.81989150380228],[-74.1659841943768,6.81998633599371],[-74.1660157279382,6.82006553212909],[-74.1661263581604,6.82019234992084],[-74.1663480605759,6.82019273346304],[-74.1665698438397,6.82014563358943],[-74.1666491866389,6.82005080053752],[-74.166823627789,6.81990864904001],[-74.1669028079931,6.81990878550977],[-74.1670133843163,6.82006725985326],[-74.1671082068845,6.82017822218915],[-74.1672823192511,6.82022600797565],[-74.1672663463071,6.82030512201124],[-74.1672501811235,6.82049503417594],[-74.1673608679396,6.82059019359642],[-74.1675351976986,6.82051135522293],[-74.1676621871404,6.8203374626357],[-74.1678681618519,6.82027450554016],[-74.1681532341225,6.82025917099111],[-74.1683277570192,6.82006953256424],[-74.1684863887186,6.81991152471608],[-74.1687239526871,6.81989610720321],[-74.168771187003,6.82005447094802],[-74.1687360467058,6.82022852062266],[-74.1686913240793,6.82045004113701],[-74.1684854302162,6.82046551304149],[-74.1683903597131,6.82049700451112],[-74.1683182007413,6.82054011105468],[-74.1682318376081,6.82059170100515],[-74.1678833676347,6.8206385831972],[-74.1678197498446,6.82079675581768],[-74.1677561608006,6.82093909971442],[-74.1675661033376,6.82095460014573],[-74.1673443739727,6.82097004438323],[-74.1673124280845,6.82112827219559],[-74.167185522186,6.82125467851399],[-74.1670113002249,6.82127020569379],[-74.1668845308703,6.82131747046877],[-74.1668526936783,6.82141238622182],[-74.1667733499808,6.8215072181122],[-74.166583155974,6.82160185910523],[-74.1665354293812,6.82172840176789],[-74.1664243311368,6.82187066421979],[-74.1663769045813,6.8218230971265],[-74.166361178674,6.82175975579334],[-74.1663456180566,6.82160144702159],[-74.1664726344479,6.82141172706614],[-74.1664570172367,6.82128507371722],[-74.1663779762715,6.82120579572344],[-74.1661563843488,6.82114209841788],[-74.1660616147812,6.82099947985871],[-74.1659036693947,6.82076178305768],[-74.1657138041712,6.82066648274196],[-74.1656344586771,6.82076131477998],[-74.1655549784357,6.82093528838146],[-74.1655547861962,6.82104608639618],[-74.1658396671257,6.82114154986447],[-74.1659501877534,6.82133168111884],[-74.166029010428,6.82153758475679],[-74.1660443788059,6.82180669317233],[-74.1658856914109,6.82199635677814],[-74.1655214110885,6.82202738165461],[-74.1654265328248,6.82194807702505],[-74.1651574604478,6.82186846733357],[-74.1649832654361,6.82186816585265],[-74.1648883880707,6.8217888594128],[-74.1648411277036,6.82164632310614],[-74.1648570736982,6.82158303794283],[-74.1648731023379,6.82147226770296],[-74.1649525286803,6.82132995072335],[-74.1650160638254,6.82121926248499],[-74.1650798756516,6.82095029288471],[-74.1650167249855,6.82083938602905],[-74.1650012730643,6.82061776311961],[-74.1651126192437,6.82033304655023],[-74.1650497156143,6.82007968483897],[-74.1649549478434,6.81993706685546],[-74.1648601252752,6.81982610357178],[-74.164654288006,6.81980991807926],[-74.1644325873871,6.81980953364479],[-74.1642109128194,6.81979331960903],[-74.1641477621533,6.81968241248549],[-74.1640528578384,6.81961893439943],[-74.1639735410904,6.81969793793233],[-74.1640364977205,6.81991964421947],[-74.164067812093,6.82012546551221],[-74.1640992360599,6.82026797462071],[-74.1640514259239,6.8204420028108],[-74.1639245469748,6.82055257973407],[-74.1637661614138,6.82056813369534],[-74.1636871473981,6.82047302600401],[-74.1636557512789,6.82031468915632],[-74.1636084909118,6.82017215241099],[-74.163688027747,6.81996652290949],[-74.1635139719742,6.8198870787931],[-74.1633241345985,6.81977595048535],[-74.1630712579477,6.81949060190808],[-74.1630399453718,6.81928477945062],[-74.1630086309993,6.81907895690476],[-74.162866604658,6.818793800576],[-74.1627876472361,6.81866703771567],[-74.1626768247744,6.81865101541295],[-74.1626132051877,6.81880918868962],[-74.1625813958435,6.81888827441644],[-74.162296269674,6.81893526381048],[-74.1621855011112,6.81888758582253],[-74.1620272817386,6.81880816917804],[-74.162011748969,6.81863402979129],[-74.1621861092707,6.81853936502097],[-74.1621387393091,6.81846014098248],[-74.162107289291,6.81833346009442],[-74.1622341116462,6.81825453839706],[-74.1623292917438,6.81815973440564],[-74.1622661698238,6.81803299902842],[-74.1621871567063,6.81793789172582],[-74.1620606092356,6.81785852933371],[-74.161918032227,6.81788993802215],[-74.1619020583846,6.81796905065955],[-74.1617435901786,6.81803208833464],[-74.1616168774179,6.81804769678744],[-74.1615376145688,6.81809504304893],[-74.1615057504273,6.8182057846349],[-74.161458022038,6.81833232908658],[-74.1613154728771,6.81834790809486],[-74.1611255537547,6.81828426392708],[-74.161014813938,6.81822075800496],[-74.1609040471719,6.81817307994591],[-74.1609041846142,6.81809393879941],[-74.1610310635632,6.8179833622007],[-74.1610785988148,6.81796761638354],[-74.1612370122236,6.81793623535101],[-74.1613798102178,6.81777820271634],[-74.1614433193117,6.81768334243702],[-74.1615066891668,6.81766762604477],[-74.1616334845725,6.81760453391197],[-74.1617129953566,6.81741473209706],[-74.1616023660328,6.81728791267819],[-74.1615709699136,6.81712957566993],[-74.1615236574442,6.81701869468883],[-74.1613495738236,6.81695507888737],[-74.1611597660923,6.81682812198432],[-74.161049109819,6.81671713122178],[-74.1609542611997,6.81662199511519],[-74.1608275205912,6.8166534306436],[-74.1607320638125,6.81690651765739],[-74.1606052684067,6.81696960899013],[-74.1605102527008,6.81696944397669],[-74.1604629123837,6.8168743908729],[-74.1604631046231,6.8167635927855],[-74.1603839819112,6.81673179869436],[-74.1602732160434,6.81668412048719],[-74.1602734639785,6.81654166650665],[-74.160316887641,6.81650923196962],[-74.1601494030445,6.81650894118889],[-74.1599910120936,6.81652449438947],[-74.1599591470538,6.81663524079818],[-74.1598641008052,6.81665090459832],[-74.1598010040379,6.81650833465241],[-74.1596268602302,6.81647637374682],[-74.1594999480435,6.81660278396834],[-74.159373175994,6.8166500500957],[-74.1591356856874,6.81661797859587],[-74.1589615418796,6.81658601769757],[-74.1588352109029,6.8163800227352],[-74.1588673238777,6.81612681681194],[-74.1589306703766,6.8161269256318],[-74.1590257696258,6.81607960593489],[-74.1590418548593,6.81593717318189],[-74.1589154403393,6.81577866357783],[-74.1588205611773,6.81569935434617],[-74.1587893572976,6.81543020860592],[-74.1586946712734,6.81524009641722],[-74.1584572923578,6.81514471115841],[-74.1579204339912,6.81424152764805],[-74.1578114027702,6.81319663136597],[-74.157701738237,6.81251579790256],[-74.1574808883227,6.81202471754594],[-74.1573229132918,6.81180283813232],[-74.1572858272436,6.81150202421146],[-74.1572292226009,6.81104288803126],[-74.1571018998841,6.81059945733232],[-74.1570245962607,6.81033023201986],[-74.1568665951786,6.81012417995963],[-74.1562969941182,6.80983826636779],[-74.1559013122867,6.80971094454554],[-74.1557905706734,6.80964743570401],[-74.1557433121029,6.80950489311131],[-74.1551708265522,6.80953662881101],[-74.1544740393189,6.80955123406474],[-74.1540943771438,6.80932896995623],[-74.1530182349593,6.80894719754218],[-74.1524327966004,6.80867708645846],[-74.1521795417589,6.80861332683371],[-74.1518944470305,6.80864448102138],[-74.1511966824301,6.80921306978977],[-74.1507680620721,6.80981378871197],[-74.1505617810351,6.81005084871755],[-74.1502608786526,6.81006614613007],[-74.1495009991436,6.80993817679252],[-74.1491366990583,6.80998501899547],[-74.1489467008841,6.80996885368618],[-74.1488042936571,6.80990528868421],[-74.1485826532253,6.80987323992467],[-74.1480914732926,6.81003065345635],[-74.1472993891807,6.81020336166859],[-74.1466180412922,6.81043957856374],[-74.1461581936983,6.81078698463015],[-74.1460312851048,6.81091338564783],[-74.1457296793414,6.81132438652068],[-74.1455550648165,6.81156150197422],[-74.1450483835552,6.8115289448998],[-74.1447637388827,6.81130684315502],[-74.1443716790585,6.81099201598554],[-74.1437671461099,6.81071942457527],[-74.1428338378522,6.81016377304568],[-74.1420748925911,6.80951345967213],[-74.1415207641132,6.80944915783553],[-74.1411247364303,6.80952759306997],[-74.1407604354466,6.80957442817718],[-74.1404280596898,6.80947886339592],[-74.1400799337711,6.80933578734986],[-74.1393053003319,6.80860630070645],[-74.1392117893041,6.8077672330191],[-74.1392454428896,6.80665931290977],[-74.1392793498,6.80540893563272],[-74.1392393568036,6.8049603056887],[-74.1392172555526,6.80471237965511],[-74.1389814828248,6.80373060297222],[-74.1385400228464,6.80265348738392],[-74.1381141746894,6.801703027041],[-74.1377355491702,6.8009109330976],[-74.1376175033553,6.8007166397298],[-74.1375419029376,6.80059220912035],[-74.1373408339259,6.800261265484],[-74.1370884648233,6.79970682210236],[-74.1370734261271,6.79926360304109],[-74.1369004887568,6.79856684637243],[-74.1370441132011,6.7979497995951],[-74.1372349575882,6.79749112054072],[-74.1373374391925,6.79685817334041],[-74.1374911589039,6.79590874963937],[-74.1376659980076,6.79554501091502],[-74.137904479156,6.79534312441782],[-74.137983180558,6.79527649879556],[-74.1387762653931,6.79453398891825],[-74.1392525611399,6.79383839481662],[-74.1394655157612,6.79357049901381],[-74.1398214722942,6.79312270810194],[-74.1399122596301,6.79300849795086],[-74.1401571915805,6.79270037383689],[-74.1408402732175,6.79148281482281],[-74.1412622577205,6.79073963810735],[-74.1414597837768,6.79039176707781],[-74.1415768908521,6.79010404165884],[-74.1417237249769,6.78974327787543],[-74.1417301632025,6.78972745977107],[-74.1417636703626,6.78869867886875],[-74.1417810590516,6.78782815239344],[-74.1419097427161,6.78670457150383],[-74.1419582355717,6.78615066822429],[-74.1420698422626,6.78572350199863],[-74.1421340843819,6.78521711033289],[-74.1422452661696,6.78502736886761],[-74.1423407831355,6.784742629416],[-74.1423414038713,6.784394407947],[-74.1427393880849,6.78320799357168],[-74.1429619187471,6.78273354011247],[-74.1430736637786,6.78222723361399],[-74.1432301601825,6.78194165043121],[-74.1432342322457,6.78192945014261],[-74.1432403057553,6.7819051708805],[-74.143246379265,6.78187482403123],[-74.1432524518763,6.78185054565838],[-74.1432646033871,6.78181412765083],[-74.1432706759985,6.78178378079579],[-74.143276752203,6.78176557268185],[-74.143282826611,6.7817473627832],[-74.1433083576297,6.78172309778438],[-74.1433268503481,6.78170027787299],[-74.1433475232778,6.78168614990133],[-74.1433605740022,6.78166115789491],[-74.143373625625,6.78162638656073],[-74.1433779743692,6.78160030984246],[-74.1433800413927,6.78157133937669],[-74.1434019036918,6.7815514105283],[-74.1433982682098,6.7815227825992],[-74.1434149553146,6.78150686164131],[-74.1434247433579,6.78149708052811],[-74.1434286483344,6.78147422492479],[-74.1434443230378,6.78146448216827],[-74.1434468778465,6.7814499447477],[-74.14346063824,6.78143514417773],[-74.1434651046636,6.78141352581784],[-74.1434711790716,6.78139531768991],[-74.1434772552761,6.78137710866928],[-74.1434954838899,6.78134676000269],[-74.1435015582978,6.78133462035707],[-74.143513710707,6.78131641044213],[-74.1435197869116,6.78129820320254],[-74.143544636109,6.78126720245645],[-74.1435705543015,6.78122684341231],[-74.143589611162,6.78120171400931],[-74.1436048528774,6.78116466617881],[-74.1436109281837,6.78114645714947],[-74.1436352321037,6.78111003819663],[-74.1436473854112,6.78109182738116],[-74.1436595378203,6.78107361745701],[-74.1436716893312,6.78104933904383],[-74.1436777619425,6.78102506062938],[-74.1436777592476,6.78100078399777],[-74.1436838345538,6.78098257496223],[-74.143695986963,6.78096436592601],[-74.1437020631676,6.78094615688906],[-74.1437202917813,6.78093401544933],[-74.1437263670876,6.78091580819532],[-74.1437385212934,6.78090366675482],[-74.1437506710076,6.78087331895043],[-74.1437688996213,6.78084297114411],[-74.1437810538271,6.78083689908493],[-74.1437871282351,6.7808186900432],[-74.1438053568488,6.78078834044938],[-74.1438235863609,6.78076406112978],[-74.1438418140763,6.78073371242454],[-74.1438539682821,6.78072157276351],[-74.143866119793,6.78069729254852],[-74.1438904228146,6.78065480506841],[-74.1438964990192,6.78064873479092],[-74.1439208029392,6.78060624463043],[-74.1439329562467,6.78058803647203],[-74.1439511848605,6.78056375535824],[-74.1439633372696,6.78054554719823],[-74.1439754896788,6.78052733636139],[-74.143987642088,6.78050912819997],[-74.1439937182925,6.78049091914585],[-74.1440058680067,6.78046663981125],[-74.1440180213142,6.78044843075554],[-74.1440324419695,6.78043712513757],[-74.1440409831512,6.78041834964014],[-74.1440512356236,6.78039786768394],[-74.1440614862993,6.78037653205183],[-74.1440717396699,6.78036543784388],[-74.1440896799244,6.78035178082626],[-74.1440973712999,6.78033642091813],[-74.1441152432825,6.78032096199392],[-74.1441334727945,6.78030275204064],[-74.144145626102,6.78029061058469],[-74.1441638547158,6.78027239973826],[-74.1441760080233,6.78026026006558],[-74.1441881631274,6.7802481195006],[-74.1442003137399,6.78022384104579],[-74.1442124652507,6.78020563198089],[-74.1442185423536,6.78019956080573],[-74.1442246158633,6.780169213849],[-74.1442306911695,6.78015100478204],[-74.1442306902712,6.78014493539025],[-74.1442539233994,6.78011137354332],[-74.1442658853657,6.78008833054734],[-74.14427015416,6.78006699757761],[-74.1442786944434,6.78003883609363],[-74.1442863786323,6.78001152649969],[-74.144291440639,6.77998105643054],[-74.1443077342816,6.77994837679311],[-74.1443256763327,6.779927039357],[-74.1443384890036,6.77990570459607],[-74.1443530120668,6.77987852790755],[-74.1443651635777,6.77987245583621],[-74.1443894737859,6.77986031347742],[-74.1444016243984,6.77983603500307],[-74.1444137759093,6.77981175652749],[-74.1444198521139,6.77979961684324],[-74.1444380816259,6.77978140687027],[-74.1444502331368,6.77975712749992],[-74.1444623846476,6.77973284902042],[-74.1444641157012,6.7797180439375],[-74.1444708171332,6.77969891605875],[-74.1444861370021,6.77968552395628],[-74.144498582262,6.77966161299106],[-74.1445109915893,6.77964180270417],[-74.1445231439985,6.77962966212362],[-74.1445292193048,6.77961145392829],[-74.1445352937127,6.77959324484025],[-74.1445474452236,6.77956289606128],[-74.1445595994294,6.7795446869714],[-74.1445778262465,6.77951433818941],[-74.1445839033494,6.77951433640532],[-74.1445960566569,6.77950219671357],[-74.1446203596786,6.77945970734404],[-74.1446264358831,6.77944756854296],[-74.1446446662935,6.77942328915581],[-74.1446507398031,6.77941114856972],[-74.1446628931106,6.77939293947412],[-74.1446750437231,6.77936866097623],[-74.1446871979289,6.77935045098697],[-74.1446993476432,6.77932617159491],[-74.1447114982557,6.77928975518066],[-74.1447297268694,6.77926547489351],[-74.1447358012774,6.77924726668442],[-74.1447479536866,6.77922905579856],[-74.1447479527882,6.77922298639513],[-74.1447722558099,6.77918049878504],[-74.1447844100157,6.77916228878871],[-74.1448026386295,6.77914407789961],[-74.1448147928353,6.77913800760308],[-74.1448208681415,6.7791197976051],[-74.1448512509611,6.77908337849915],[-74.1448634033702,6.77907123790452],[-74.1448694777782,6.77905302968811],[-74.1448816310857,6.77903481968692],[-74.1448998561062,6.7789923329523],[-74.1449059323107,6.77898019235537],[-74.1449180847199,6.77896198235142],[-74.144936314232,6.77893163353274],[-74.1449484648445,6.77891342441898],[-74.1449606190503,6.77890128382008],[-74.1449727696628,6.7788709358896],[-74.144984922072,6.77885879618165],[-74.1449909982766,6.77884665647338],[-74.1450031506857,6.77882844646442],[-74.1450092250937,6.77880416883013],[-74.1450213757062,6.77878595881955],[-74.145033529912,6.77877381910946],[-74.1450396052183,6.77875560998978],[-74.1450517594241,6.77874346938687],[-74.1450639091383,6.77871919085627],[-74.1450760624458,6.77870097995046],[-74.1450882139566,6.7786767014177],[-74.1451209207178,6.77866054576041],[-74.1451362342984,6.77863607097779],[-74.1451561391685,6.77861006546058],[-74.1451672064128,6.77857351251074],[-74.1451732808208,6.77856137368735],[-74.1451915112311,6.77854316188353],[-74.1452036636403,6.77853102216732],[-74.1452158169478,6.77851888155876],[-74.1452340428666,6.77847639388661],[-74.1452461952757,6.77845211534258],[-74.1452583485832,6.77843997473203],[-74.1452704991957,6.77842176559975],[-74.1452826516049,6.77839748705294],[-74.1452948031158,6.77836713819871],[-74.145300878422,6.77834892906363],[-74.1453130281363,6.77832465051319],[-74.1453251796471,6.77830037196149],[-74.1453434100575,6.77828216103985],[-74.145349486262,6.77826395279361],[-74.145361635078,6.77823967334684],[-74.1453798636917,6.77820932359063],[-74.1453920187958,6.77820325239031],[-74.1454041703067,6.7781850441411],[-74.1454224016153,6.77817897204843],[-74.1454406293308,6.77814862318041],[-74.1454527817399,6.77813648167019],[-74.1454710121503,6.778112202217],[-74.1454892398658,6.77808185334481],[-74.1454953142737,6.77806364419894],[-74.1455074666829,6.77804543505244],[-74.1455135419891,6.77802722590525],[-74.1455256926017,6.77800294644655],[-74.1455378459091,6.77798473818977],[-74.1455439203171,6.77796652814822],[-74.145549994725,6.7779422495785],[-74.1455742950518,6.77788155359487],[-74.1455925263605,6.77786334354943],[-74.1455985998701,6.77783906586656],[-74.1456168266872,6.77780871697713],[-74.1456168248906,6.777790507821],[-74.1456228984002,6.77776623013445],[-74.1456289737065,6.77774802186872],[-74.1456472023202,6.77772374150391],[-74.1456593538311,6.77770553145254],[-74.1456775806482,6.77766304460072],[-74.1456972699226,6.7776488371194],[-74.1457171801826,6.7776335377837],[-74.1457355552217,6.7776044734155],[-74.1457493353782,6.77758306005246],[-74.1457661769931,6.77755858521511],[-74.145773832436,6.7775325841],[-74.1457747972266,6.77750522797807],[-74.1457808743295,6.77749915766094],[-74.1457991047399,6.7774870170264],[-74.1458112580473,6.77748701435027],[-74.1458294902543,6.77748094403289],[-74.1458355673572,6.7774748728234],[-74.1458537950727,6.77745059333688],[-74.1458781016876,6.77742631295709],[-74.145896332098,6.77741417142868],[-74.1459084863038,6.77740203168405],[-74.145920638713,6.77738989193911],[-74.1459388664284,6.7773595421294],[-74.1459570950421,6.77733526174501],[-74.1459631712467,6.77731705346305],[-74.1459753209609,6.77728670454077],[-74.1459874733701,6.77726849536491],[-74.1459996248809,6.77724421676002],[-74.1460178561896,6.77723207611909],[-74.1460313605633,6.77720123121816],[-74.1460359536494,6.77718134679099],[-74.1460451416181,6.77716605011656],[-74.1460543071289,6.77714103111458],[-74.1460543062306,6.77712889136307],[-74.1460664541482,6.77709854421306],[-74.1460846863552,6.7770864026764],[-74.1460968387644,6.77706819170891],[-74.1461211372945,6.77699535764442],[-74.146122620413,6.77700161886417],[-74.1461280381525,6.77697454102825],[-74.1461280363559,6.77695829521797],[-74.1461334540953,6.7769258009197],[-74.1461334514004,6.77690413864762],[-74.1461442931676,6.77687706080623],[-74.1461551340364,6.77686081142451],[-74.1461659758036,6.77682831801169],[-74.1461768193674,6.7768120695204],[-74.1461822389035,6.77679582281261],[-74.1461985046983,6.77677415696656],[-74.1462093473638,6.77675249468772],[-74.1462310353897,6.77673082973176],[-74.1462472975913,6.77669833363406],[-74.1462635633861,6.77667666956772],[-74.1462744060516,6.77666042196333],[-74.1462852487171,6.77664417346637],[-74.1462906691515,6.77662792675294],[-74.146301511817,6.77661167736286],[-74.1463178620535,6.77659474110181],[-74.1463318110932,6.77657651851921],[-74.1463503083033,6.77654668604126],[-74.1463774176619,6.776525020184],[-74.1463991047895,6.77649793964518],[-74.1464045270205,6.77648169292682],[-74.1464153678894,6.77645461238556],[-74.1464207883238,6.77643836566574],[-74.146431630091,6.77641670247975],[-74.1464533190152,6.77640045308252],[-74.1464641607824,6.77638420546882],[-74.1464641607824,6.77637878900281],[-74.1464804265772,6.77636254049632],[-74.1464912692427,6.77634629288137],[-74.1464966896771,6.7763246305833],[-74.1465129545736,6.77630838207499],[-74.1465183759064,6.77629213356616],[-74.1465292203685,6.77628130063197],[-74.146540063034,6.77626505390632],[-74.1465509048011,6.77624338982049],[-74.1465617483649,6.77621631015786],[-74.1465725901321,6.77619464785395],[-74.1465834310009,6.7761783993413],[-74.1465888523337,6.77615673703569],[-74.1466105403596,6.77613507205297],[-74.146621383025,6.77612423911521],[-74.1466322247922,6.77610257591511],[-74.1466430701526,6.77609174297663],[-74.1466593323542,6.77605924772791],[-74.1466701768164,6.77605383036619],[-74.1466755981491,6.77603758274081],[-74.1466864426112,6.77603216537885],[-74.146697286175,6.77601591864479],[-74.1467081288405,6.77599967101814],[-74.1467189706076,6.77597800692041],[-74.146718968811,6.77596176107657],[-74.1467298105782,6.77594551255605],[-74.1467352319109,6.77592926581909],[-74.1467514968074,6.77591301640542],[-74.1467569181402,6.77589135408789],[-74.1467623349813,6.77585885971769],[-74.1467677572124,6.77584802766579],[-74.1467731767485,6.7758371965057],[-74.1467785989796,6.77582636445328],[-74.1467894434417,6.77581553150863],[-74.1467948629778,6.77579928476728],[-74.1468111287726,6.77577762066052],[-74.1468165483087,6.77576137391788],[-74.1468219696415,6.7757505418638],[-74.1468273900759,6.77573429333617],[-74.146832809612,6.77571263190263],[-74.1468382291481,6.77569096868405],[-74.1468436486842,6.77566388988246],[-74.146854492248,6.77564764313599],[-74.1468653322186,6.77562056343991],[-74.1468761712908,6.77557723788554],[-74.1468870121596,6.77555015907756],[-74.1468978548251,6.77552849674371],[-74.1469032761579,6.77551224910066],[-74.1469086938973,6.77548516939697],[-74.1469195356645,6.77546350706019],[-74.1469249578955,6.77544725941496],[-74.1469303774317,6.77542559618444],[-74.1469412183005,6.77539851736795],[-74.1469520618643,6.77538768619774],[-74.1469629063264,6.77537685235117],[-74.1469791721213,6.77535518911749],[-74.1469900156851,6.77534435616223],[-74.1470008583505,6.77532269292708],[-74.14700627609,6.77529561410481],[-74.1470062742934,6.77527936913003],[-74.1470116920329,6.77525228852125],[-74.1470116893379,6.77523062706607],[-74.1470116848463,6.77520355091473],[-74.1470116821514,6.77518188767327],[-74.1470116785581,6.77516564091057],[-74.1470173379444,6.77514587147291],[-74.1470248550467,6.77512333670365],[-74.1470293663861,6.7751053094227],[-74.1470406429378,6.77508878255617],[-74.147044202063,6.77506815764678],[-74.1470550438302,6.77504649439923],[-74.1470658873939,6.77503566143703],[-74.147071309625,6.77502482936663],[-74.1470767291611,6.77500316790122],[-74.1470821486972,6.77498150465076],[-74.1470821460023,6.77496525877336],[-74.1470821442056,6.77494901200338],[-74.1470929850745,6.77491110287123],[-74.1470875583519,6.77488944050869],[-74.1470929769897,6.77485694696303],[-74.1471092418862,6.77484069840531],[-74.1471146614223,6.77481361955598],[-74.1471255049861,6.77480278748057],[-74.1471363467533,6.77477570862912],[-74.1471471858255,6.77473779859132],[-74.1471580293893,6.77472696562219],[-74.147162538932,6.77472245902132],[-74.147180574408,6.77463550980491],[-74.1471742826077,6.7746240684601],[-74.14716885858,6.77461865375837],[-74.147163433654,6.77459699405881],[-74.1471688540885,6.77458616197857],[-74.1471742736246,6.77455908311494],[-74.1471851135951,6.77452658865498],[-74.147201376695,6.77449409419282],[-74.1472013748984,6.77447784651492],[-74.1472013713051,6.7744507694293],[-74.1472013677118,6.77443452264199],[-74.1472122103773,6.77440744466187],[-74.1472122984122,6.77440279265494],[-74.147212294819,6.77438654586599],[-74.1472231392811,6.77437029818444],[-74.1472231365861,6.7743594678832],[-74.1472177125584,6.77434322109279],[-74.1472177116601,6.77433780549588],[-74.1472231320946,6.77432155870474],[-74.1472231302979,6.77430531191306],[-74.1472285489357,6.77427823481773],[-74.1472285471391,6.77426740273033],[-74.1472339666752,6.77425115504479],[-74.1472393880079,6.77423490914276],[-74.1472448066457,6.7742132458578],[-74.1472461568136,6.77417815106648],[-74.1472514173479,6.77413533652377],[-74.1472559206024,6.77409101977495],[-74.1472604301452,6.77406172504587],[-74.1472709584003,6.77404069153632],[-74.1472837396301,6.77401665451291],[-74.1472827290254,6.77396412737724],[-74.1472950305549,6.77394505368493],[-74.1473044116615,6.77390455486889],[-74.1473017912758,6.77387595057092],[-74.147309824011,6.77382873643747],[-74.1473098186212,6.77379624371243],[-74.1473098168245,6.77377999690305],[-74.1473152363606,6.77375833359765],[-74.1473206567951,6.77374208767902],[-74.1473260763312,6.77372584086783],[-74.1473260727379,6.77370417756004],[-74.1473369163017,6.77368251514326],[-74.1473423358378,6.77366085183347],[-74.1473423331429,6.77363918852273],[-74.1473477517807,6.77362294260013],[-74.1473585944461,6.77360127839562],[-74.1473585908529,6.77357961686631],[-74.1473585890562,6.77356337094167],[-74.1473585872596,6.77354712412444],[-74.147358582768,6.77352546170066],[-74.1473717817145,6.773502439799],[-74.1473657621038,6.77348065873117],[-74.1473665086038,6.77344760756231],[-74.1473732774094,6.77341756169195],[-74.1473747757993,6.77339277621145],[-74.1473785298589,6.77335747262179],[-74.1473837912915,6.77332742674582],[-74.1473852905797,6.77330489278366],[-74.1473845368932,6.77328611611643],[-74.147380236658,6.7732655152152],[-74.1473802348613,6.77324926838795],[-74.1473802321664,6.77323302156015],[-74.1473856517025,6.77320594351263],[-74.1473970656965,6.77318332569247],[-74.1474012823884,6.7731649031627],[-74.1474060210015,6.77314174119267],[-74.14741339617,6.77312489579848],[-74.1474191912019,6.77309647253956],[-74.1474291984342,6.77304751884012],[-74.1474313022886,6.77301698945586],[-74.1474291876544,6.7729785645692],[-74.1474235731839,6.77295141068345],[-74.1474235686923,6.77292433262013],[-74.147424445448,6.77290651042763],[-74.1474286576484,6.77289177203862],[-74.1474249673692,6.7728749310959],[-74.1474181356815,6.77285393321647],[-74.1474235570142,6.77283768459126],[-74.147434400578,6.77282685157945],[-74.1474452459384,6.77282143507348],[-74.1474452432435,6.77280519001538],[-74.1474452387519,6.77277269722136],[-74.1474452351587,6.77274561914796],[-74.1474452279721,6.7726968795041],[-74.1474452243789,6.77267521793415],[-74.1474506430167,6.77264813896327],[-74.1474560616545,6.77262106177494],[-74.1474560589595,6.77259939841751],[-74.147461476699,6.77257232033439],[-74.1474668971334,6.77254524314181],[-74.1474668917435,6.77251274854622],[-74.1474723103813,6.77248025573251],[-74.1474777290191,6.77245317675068],[-74.1474723022965,6.77243151695388],[-74.1474668755739,6.77239902413473],[-74.1474734099192,6.77238085402438],[-74.1474755146719,6.77235295613753],[-74.1474722870251,6.77232320546669],[-74.1474777056629,6.77229612736808],[-74.1474831234024,6.77226363364774],[-74.1474871200071,6.77223046107705],[-74.147492912344,6.77219940444097],[-74.1474987055793,6.77217255915986],[-74.1474976500589,6.77214939892625],[-74.1474992266022,6.7721336078978],[-74.1474976437706,6.77210571088868],[-74.1474995131647,6.77208083613597],[-74.1475103549319,6.77205375713173],[-74.1475103513386,6.77202667991004],[-74.1475103468471,6.77199960179479],[-74.1475211877159,6.77196710805449],[-74.1475320312797,6.77195085939942],[-74.1475330418844,6.77194681574557],[-74.1475635908923,6.77162840711263],[-74.1476497662775,6.77073022122175],[-74.1476457283503,6.77071611076967],[-74.1476403034243,6.77069445000286],[-74.1476348767017,6.77067278834302],[-74.1476240241547,6.77062946591249],[-74.1476077511733,6.77058614437014],[-74.1476023217558,6.77054282193182],[-74.1475914737004,6.77052657679699],[-74.1475914710054,6.77051032987752],[-74.147596851914,6.77047584408752],[-74.1475951621829,6.77044217273749],[-74.1475909436944,6.77040092519671],[-74.1475959949212,6.77035883466421],[-74.1475805933057,6.77027746533341],[-74.1475805888141,6.77025038801207],[-74.1475805861191,6.77023414197535],[-74.1475751513117,6.77014207871148],[-74.1475751432268,6.77008792405205],[-74.1475697120126,6.77003377117066],[-74.1475642825951,6.76997961560702],[-74.1475588558724,6.76994712351481],[-74.1475534273532,6.76990921577379],[-74.1475534219633,6.76987130802978],[-74.1475534201666,6.76985506108825],[-74.147547993444,6.76982256898765],[-74.1475479898508,6.76980090818075],[-74.1475538540529,6.76977566043144],[-74.1475566846444,6.76974924498463],[-74.1475585693099,6.76972094195394],[-74.1475377840908,6.76970490642373],[-74.1475264437587,6.76966999952754],[-74.1475198258699,6.76963792489496],[-74.1475154232267,6.76958970678788],[-74.1475316854283,6.76955179634262],[-74.1475481497509,6.76953099992243],[-74.1475613720535,6.7695036388865],[-74.1475632603123,6.76947911100814],[-74.1475538073405,6.76945175175334],[-74.1475370887948,6.76942182338514],[-74.1475370843032,6.76938933036334],[-74.1475319531263,6.76937911814289],[-74.1475319513297,6.76936287118477],[-74.1475427930968,6.76933579202801],[-74.1475482117346,6.76931954506846],[-74.1475590552984,6.7693032972163],[-74.1475644748345,6.76928163370992],[-74.1475807379344,6.76925455365652],[-74.1475807352395,6.7692328919321],[-74.1475753112118,6.76921123199076],[-74.1475698764043,6.76913541460601],[-74.1475698647262,6.76905959810142],[-74.1475698620313,6.76903793547616],[-74.1475752806691,6.76900544153645],[-74.1475861224362,6.76897836235964],[-74.1475861197413,6.7689621180642],[-74.1475969624068,6.7689404527584],[-74.1475969498304,6.76885921967272],[-74.14760758768,6.76882420388481],[-74.1475969336607,6.76875091095201],[-74.1475969300674,6.76871841788504],[-74.1475914961583,6.76864260309907],[-74.1475806418147,6.76858844916345],[-74.1475860577575,6.76853429254564],[-74.1475914710054,6.76846930548827],[-74.1476077269188,6.76838265576749],[-74.1476131428617,6.76834474701154],[-74.1476239846288,6.76831766779766],[-74.1476239819339,6.76829600513912],[-74.1476348201078,6.76825268071115],[-74.1476293915885,6.76822018761062],[-74.1476293861986,6.76817686406793],[-74.1476293781138,6.76812270918801],[-74.1476347940566,6.76806855251795],[-74.1476402099995,6.7680306446294],[-74.1476456286373,6.76800356718202],[-74.1476510472751,6.76797107317268],[-74.1476618872456,6.7679331626003],[-74.1476727290128,6.76791149903243],[-74.1476781512438,6.76790608247128],[-74.1476835707799,6.76788983457153],[-74.147683568085,6.76786817278582],[-74.1477039005531,6.76782290274602],[-74.1477086203016,6.76780309018887],[-74.1477105076621,6.76778516522083],[-74.1477095590411,6.7677502564017],[-74.1476916044135,6.76772573111043],[-74.1476944376999,6.76769624509497],[-74.1476887666356,6.76765945403127],[-74.1476934836891,6.76762831949218],[-74.1476906468094,6.76760756402376],[-74.1476859207727,6.76758586565109],[-74.1476781018365,6.76756490679201],[-74.1476943568515,6.76747825690892],[-74.147699774591,6.76744576286423],[-74.1477106145616,6.76740785314264],[-74.1477268740682,6.76734827982497],[-74.1477377149371,6.76732120055521],[-74.1477349265664,6.76728428992735],[-74.1477497460737,6.76726102598061],[-74.1477508006958,6.76722800917601],[-74.1477613846465,6.76720791738065],[-74.1477772641658,6.76718782647649],[-74.1477973424107,6.7671749737211],[-74.1478081850762,6.76715872579675],[-74.1478190250467,6.76712081516059],[-74.1478244427862,6.76708290719763],[-74.1478244400912,6.76706124448368],[-74.1478244355996,6.76703416698189],[-74.1478244320064,6.76700708947863],[-74.1478190043854,6.76697459807842],[-74.1478189998939,6.76695293446754],[-74.1478081518385,6.76693127442392],[-74.1478081464486,6.76688795076557],[-74.1478135659847,6.76686628893492],[-74.1478248173836,6.7668395040171],[-74.1478282040323,6.76681918651499],[-74.1478315933758,6.76680902687155],[-74.1478383729613,6.76679548097733],[-74.1478451507501,6.76677516258132],[-74.1478451471568,6.76674468721586],[-74.1478417506268,6.76671082559727],[-74.1478417461352,6.76667696308427],[-74.1478417434402,6.76665664468326],[-74.147841739847,6.7666363289576],[-74.1478417362537,6.7666092389432],[-74.1478417335588,6.76659230679138],[-74.1478417290672,6.76655844516214],[-74.1478417245756,6.76653135603542],[-74.1478417191857,6.76649410814921],[-74.1478383271472,6.7664771768854],[-74.1478349342104,6.76646363276598],[-74.1478349324137,6.76644670150112],[-74.1478349288205,6.76642977112771],[-74.1478349261255,6.76640945271632],[-74.1478349234306,6.76638574983474],[-74.1478349207356,6.76636881856712],[-74.1478281366586,6.76635527533673],[-74.1478315242056,6.76633495781424],[-74.1478349126508,6.76631802565281],[-74.1478450833765,6.76630447885278],[-74.1478552532038,6.76628754669025],[-74.1478654212345,6.76626384201858],[-74.1478755910618,6.76624690896257],[-74.1478823679523,6.76622320339683],[-74.1478755856719,6.76621304641704],[-74.147882364359,6.7661995005061],[-74.1478891430462,6.7661757958301],[-74.1478959217333,6.76616563706519],[-74.1479027013188,6.76614870489782],[-74.147906089764,6.76613854613233],[-74.1479094800059,6.76612838647457],[-74.1479128675528,6.76611484145332],[-74.1479162559981,6.7661012964317],[-74.1479162542015,6.76608775140968],[-74.1479162524048,6.76607082102368],[-74.1479128612646,6.76606404851231],[-74.1479060780859,6.76605389063709],[-74.1479026860474,6.76604373276171],[-74.1479060735944,6.76602680059005],[-74.14791624432,6.76601325467389],[-74.1479196327653,6.76599970964939],[-74.1479264105541,6.76597939121991],[-74.1479331910378,6.76597261870723],[-74.1479501422473,6.7659522984925],[-74.1479569209344,6.76594213793874],[-74.1479637014181,6.76592859291228],[-74.1479670889651,6.76591504788544],[-74.1479704783087,6.76589811570928],[-74.1479738658556,6.76588457068154],[-74.1479772551992,6.76587441101845],[-74.1479840347846,6.76586086599008],[-74.147984032988,6.76584732006927],[-74.1479874223315,6.76584054755475],[-74.1479908098785,6.7658202300106],[-74.1479975876673,6.76579991068152],[-74.1480009752142,6.76576943436244],[-74.1480009734176,6.76575927558895],[-74.1480043618628,6.76574573055737],[-74.1480077494098,6.76572541300923],[-74.1480145280969,6.76570509546028],[-74.1480179147455,6.76568139076002],[-74.1480213040891,6.7656678457262],[-74.148024691636,6.76565091443344],[-74.1480280800813,6.76563398314006],[-74.1480280782847,6.76562382436376],[-74.1480280746914,6.7656035068105],[-74.148031464035,6.76558318836434],[-74.14803146134,6.76556625796067],[-74.1480348479886,6.76554255414565],[-74.1480348452937,6.76552223748102],[-74.1480348425988,6.76550869155074],[-74.1480348408021,6.76549514651208],[-74.1480382283491,6.76546805821778],[-74.1480483945831,6.7654375792016],[-74.148051784825,6.76542403416099],[-74.1480551741686,6.76540371570723],[-74.1480585608172,6.76538678440523],[-74.148065338606,6.7653596934287],[-74.1480721172932,6.76533937586432],[-74.1480755057384,6.76532582992887],[-74.1480788941837,6.76531228488513],[-74.1480856737691,6.76529873894892],[-74.1480890622144,6.76528180764319],[-74.1480890604177,6.76526826259821],[-74.1480856683792,6.76525471844488],[-74.1480826662095,6.76522814396396],[-74.1480860546548,6.76521798517911],[-74.1480860528582,6.76520782639406],[-74.1480894413034,6.76519089508518],[-74.148092830647,6.7651807354075],[-74.1480962199905,6.76517057662164],[-74.1481029977794,6.76515025815726],[-74.1481029968811,6.76514009937079],[-74.1481097737716,6.76511639464279],[-74.1481097728732,6.76510623674765],[-74.1481131622168,6.76509269169774],[-74.1481131604202,6.76507914575539],[-74.148119938209,6.76506221354991],[-74.1481199364124,6.76504528312796],[-74.1481199319208,6.76502157839529],[-74.1481199292258,6.76500126170876],[-74.1481199274292,6.76498433039264],[-74.1481233131795,6.76495046775858],[-74.1481233113829,6.76493353644067],[-74.1481266989298,6.76491660601422],[-74.1481300855784,6.76489628753913],[-74.1481368651639,6.7648759699553],[-74.1481368633673,6.7648624248989],[-74.1481470278047,6.76481840257102],[-74.1481504162499,6.76479808498388],[-74.1481538046952,6.76478453992532],[-74.1481605815857,6.76475744980705],[-74.1481673575779,6.76472019999989],[-74.1481741371633,6.76470665493915],[-74.1481809140538,6.7646795630324],[-74.1481876936393,6.76466940334396],[-74.1481910829829,6.76465924454738],[-74.1481944714281,6.76463554068781],[-74.1482012456237,6.76459829087129],[-74.1482080252091,6.76457797238281],[-74.1482114118577,6.76456104194389],[-74.1482148020996,6.76454749598665],[-74.1482215807868,6.76453733540335],[-74.1482215789901,6.76452717749603],[-74.148224969232,6.76451701780441],[-74.1482283576773,6.76450685989668],[-74.1482317461225,6.76449331393789],[-74.1482351363644,6.76447976797871],[-74.148238523013,6.76445945037733],[-74.1482385221147,6.76444929157633],[-74.1482419096616,6.76443574650801],[-74.1482452981069,6.76441204352956],[-74.1482452954119,6.76439511308482],[-74.1482452936153,6.76438495249831],[-74.1482486829589,6.76437479458779],[-74.1482486811622,6.76436124951738],[-74.1482486757724,6.76432738773171],[-74.1482554526629,6.76430029669573],[-74.1482588411081,6.76427997908682],[-74.1482622277567,6.76425966147704],[-74.148265616202,6.76424273013492],[-74.1482690037489,6.76421902536284],[-74.148269001054,6.76420209401931],[-74.1482723886009,6.76418177551419],[-74.1482791645931,6.76414452744676],[-74.1482825530384,6.76413098147781],[-74.1482893317255,6.76411404834706],[-74.1482927192724,6.76409034535282],[-74.1482994979595,6.76407002773506],[-74.1483028864048,6.76405648265609],[-74.1483096659903,6.76404293668467],[-74.1483130544355,6.76403277698284],[-74.1483232233645,6.76400907309254],[-74.1483300020517,6.76399214084956],[-74.1483333895986,6.76397859576842],[-74.1483367789422,6.76396504979481],[-74.1483401682857,6.76395489098341],[-74.148343556731,6.76394134590118],[-74.1483469451762,6.76392780081862],[-74.1483503336215,6.76391425395151],[-74.1483503318248,6.76390070976023],[-74.1483571123086,6.76389393721841],[-74.1483638909958,6.76387361870035],[-74.1483672803393,6.76386345899495],[-74.1483740590265,6.76384991301811],[-74.14837744837,6.7638397542043],[-74.1483808377136,6.76382959539027],[-74.1483977880247,6.7638126604648],[-74.1483910066426,6.76380927597741],[-74.1484011773682,6.76379572999906],[-74.1484045640169,6.76377879774861],[-74.1484147329459,6.7637584783336],[-74.1484181222894,6.76374831951787],[-74.1484282921168,6.76373477353781],[-74.148431680562,6.76372122755736],[-74.1484418503894,6.76369752275973],[-74.1484486272799,6.76367720601753],[-74.148455405967,6.76366027376292],[-74.1484655730994,6.76362641014396],[-74.1484791331686,6.76360947699553],[-74.1484859118557,6.76358915846549],[-74.1484960807848,6.76356883993459],[-74.14849946923,6.76355529394951],[-74.1484994674334,6.76354513602154],[-74.1484994656367,6.76353497720131],[-74.1484960726999,6.76351465956019],[-74.1484965838413,6.76349123753662],[-74.1484999731849,6.76348107960731],[-74.1485033634268,6.76347091989366],[-74.1485067509737,6.76346076107187],[-74.1485135305592,6.76345060135778],[-74.1485169199027,6.7634370571535],[-74.1485270888317,6.76341673772417],[-74.1485338666206,6.76339980546043],[-74.1485406426127,6.7633659427153],[-74.1485474230965,6.76333885162539],[-74.148554199987,6.76331514770108],[-74.1485609786741,6.76329821543375],[-74.1485677555646,6.76326773895686],[-74.148577925392,6.76324741952037],[-74.1485914836646,6.76322371380742],[-74.1486016525936,6.76320678153691],[-74.1486084330773,6.76319323554167],[-74.1486253815918,6.76317291610208],[-74.1486321611772,6.76315259755365],[-74.1486355487242,6.76313566617273],[-74.1486423283096,6.76312212017549],[-74.1486524963403,6.76309502907195],[-74.1486558847856,6.76308486935018],[-74.1486592732308,6.76307132335152],[-74.1486626616761,6.76305100658297],[-74.1486558775991,6.76303746236749],[-74.1486660456298,6.76301037215124],[-74.1486762127622,6.76297650759469],[-74.1486863789962,6.76293925765023],[-74.1486897674415,6.76292232715388],[-74.1486965470269,6.76290878115066],[-74.1486965452303,6.7628986232091],[-74.1487033221208,6.7628681458149],[-74.1487168812917,6.76284444008336],[-74.1487236608772,6.76283766663466],[-74.148730438666,6.76281396179368],[-74.1487372182514,6.76279702950882],[-74.1487473862821,6.76276993838702],[-74.1487507738291,6.76275977865845],[-74.1487541631726,6.76274284637166],[-74.1487575507196,6.76272930214756],[-74.148764330305,6.76270559819331],[-74.1487711062972,6.76267850706642],[-74.1487778849843,6.7626615747768],[-74.1487778831877,6.76264464337864],[-74.1487812698363,6.7626209412044],[-74.1487846591799,6.76260739519273],[-74.1487880458285,6.7625870775126],[-74.1487914333754,6.76255998637907],[-74.1487914306805,6.76254982843017],[-74.1487948200241,6.76253289702809],[-74.1488015969146,6.76251257845278],[-74.1488151569838,6.76249225898457],[-74.1488219356709,6.76247871386134],[-74.1488287161547,6.76246516784567],[-74.1488354939435,6.7624448501596],[-74.1488422717323,6.7624279178618],[-74.1488456619742,6.76241775901805],[-74.1488490486228,6.76239744043789],[-74.1488558282083,6.76237712185689],[-74.1488558264116,6.7623601904488],[-74.1488592139586,6.76234664442982],[-74.1488626024038,6.76232971391271],[-74.1488659899507,6.7623093962209],[-74.1488727668413,6.76228230596384],[-74.1488761543882,6.76225860109561],[-74.1488761516933,6.76224505685791],[-74.1488795401385,6.76222812455311],[-74.1488897063726,6.76218410287724],[-74.1488998726066,6.76215362543799],[-74.148910042434,6.7621333068467],[-74.148920211363,6.76211637453798],[-74.1489303775971,6.76208589709445],[-74.1489337669406,6.76207235195986],[-74.1489405456278,6.76205541964902],[-74.1489473243149,6.76203171476963],[-74.1489574941422,6.76202155591758],[-74.1489676630713,6.76200123642868],[-74.148977831102,6.76197414437026],[-74.1489913902729,6.76195382577141],[-74.1490015601002,6.76194366602568],[-74.1490030027945,6.761942222662],[-74.1490155603439,6.76189014203009],[-74.149015520818,6.76188995469608],[-74.1490156834131,6.7618896308759],[-74.14904262838,6.76177786561736],[-74.1490426265834,6.76176804842155],[-74.1490494061689,6.76174772981407],[-74.1490494591694,6.76174751482597],[-74.1491118543524,6.76140787985771],[-74.1491273368164,6.76139074502423],[-74.1491273359181,6.76138539351089],[-74.1491273332231,6.76136507667146],[-74.1491273314265,6.76135153151664],[-74.1491273269349,6.76132444209796],[-74.1491307135835,6.76129735178568],[-74.1491374922707,6.76127703315841],[-74.1491408798176,6.76126010171178],[-74.1491510514416,6.76124994195143],[-74.1491544389885,6.76123639590133],[-74.149161218574,6.76122284985085],[-74.1491646079175,6.76121607637942],[-74.1491713866046,6.76119914493065],[-74.1491781643935,6.76117882719131],[-74.149181553737,6.76116528113922],[-74.1491883324242,6.76115173597881],[-74.1491917217677,6.76114157621619],[-74.1491917208694,6.76113141734543],[-74.1491917190728,6.76112125847443],[-74.1491917172762,6.76110432791439],[-74.1491917136829,6.76108401106314],[-74.1491951003315,6.76105691984533],[-74.1492018781203,6.76103321670113],[-74.1492086550108,6.76101289806276],[-74.149232386704,6.76099257674732],[-74.1492357760476,6.76098241787344],[-74.1492459458749,6.76097225810724],[-74.149252727257,6.76096887092375],[-74.1492595059441,6.76095532486576],[-74.1492662873262,6.76094855139062],[-74.1492730669116,6.76094177791536],[-74.1492832376373,6.76093500443999],[-74.1492900181211,6.76093161636419],[-74.1492967986048,6.76092484288867],[-74.1493069693305,6.76091806941306],[-74.1493137498143,6.76091129593741],[-74.1493069648389,6.7608909799701],[-74.1493069630423,6.76087743480202],[-74.1493035719021,6.76086727681775],[-74.1492967878251,6.76085034714089],[-74.1492933957865,6.76084018915607],[-74.149290003748,6.76083341657137],[-74.1492798303274,6.76082325947822],[-74.149273048047,6.76080971609237],[-74.1492730408605,6.76076569517934],[-74.1492764302041,6.76075553451656],[-74.149279817751,6.7607386039437],[-74.1492832061963,6.76072167158612],[-74.1492865946415,6.76071151270653],[-74.1492967671638,6.76070812462916],[-74.1493103281313,6.76070135204257],[-74.1493171086151,6.76069796396512],[-74.1493306686843,6.76068780419295],[-74.1493408403083,6.76068102982197],[-74.1493510110339,6.76067425455882],[-74.149357792416,6.76067086915741],[-74.1493645720014,6.76066409478616],[-74.1493747427271,6.76065732041484],[-74.1493948811591,6.76064057182064],[-74.1494100078902,6.76064057003648],[-74.1494160553487,6.76062546195652],[-74.1494221028072,6.76060128956286],[-74.1494281520623,6.7605892038116],[-74.1494342004191,6.76057711538385],[-74.1494372241484,6.76056805196206],[-74.1494402487759,6.76055596442582],[-74.1494432734035,6.76054690100362],[-74.1494493199637,6.76052877148252],[-74.1494523436929,6.76051668483739],[-74.1494553656255,6.76050157675354],[-74.1494674659324,6.76048344544661],[-74.1494735133909,6.76046531681517],[-74.1494795644427,6.76045323106055],[-74.1494795617477,6.76044416585226],[-74.1494856101045,6.76042905776618],[-74.1494916593596,6.76042301399638],[-74.1494946848855,6.76041394967963],[-74.149500732344,6.76039884159256],[-74.1495067798025,6.7603807120659],[-74.1495098026334,6.76036862541708],[-74.1495098017351,6.76035956288343],[-74.1495097999385,6.76034747534199],[-74.1495097981418,6.76033236903701],[-74.1495097972435,6.76032330471855],[-74.1495097954469,6.76031121896033],[-74.149509792752,6.76029913409391],[-74.1495067654295,6.76028100456351],[-74.1495067609379,6.76024776961688],[-74.1495128083964,6.76023568385677],[-74.1495158330239,6.7602205748721],[-74.1495188558549,6.76020848911134],[-74.14952490511,6.76019942300642],[-74.1495309525685,6.76018431580473],[-74.1495339780944,6.7601752514835],[-74.1495400273495,6.76016618537795],[-74.1495491012322,6.76015107639109],[-74.1495611988441,6.76012690486579],[-74.1495793484061,6.76010877265271],[-74.1495853967629,6.76009970743801],[-74.1496005199007,6.76007251268488],[-74.14960354363,6.76006042692039],[-74.1496065691558,6.7600513608127],[-74.1496095919868,6.76004229648897],[-74.1496126139194,6.76002114550756],[-74.1496126130211,6.76001208296742],[-74.1496126112244,6.76000301775086],[-74.1496156340554,6.75998790965099],[-74.1496248911944,6.75997064274077],[-74.1496279149236,6.75996157841553],[-74.1496309386529,6.75995855697375],[-74.1496400143322,6.75994042653853],[-74.1496490882148,6.7599283389866],[-74.1496642113527,6.75990718800021],[-74.1496732861337,6.75989812188963],[-74.1496823600164,6.75988603433665],[-74.1496890614484,6.75987934113281],[-74.1497163989791,6.75979445973913],[-74.149954554039,6.75943083114461],[-74.1499854533898,6.75939256307351],[-74.1500021638508,6.75936759935095],[-74.1500390998803,6.75928884282996],[-74.1500362360512,6.75928169555351],[-74.1500392606787,6.75927263121535],[-74.1500392588821,6.75925752398471],[-74.1500392570855,6.75924241675358],[-74.1500392552888,6.75923335152263],[-74.1500392525939,6.75922126662924],[-74.1500362252714,6.75920918173557],[-74.1500362225764,6.75919407361085],[-74.1500422718316,6.75918198693234],[-74.1500422709332,6.7591699011456],[-74.1500452937642,6.75915781535855],[-74.1500483165951,6.75914572957122],[-74.1500543658502,6.75913968578535],[-74.1500634406312,6.75912155442733],[-74.150069488988,6.75911249008617],[-74.1500755391415,6.75910342485278],[-74.1500815883966,6.75909133906407],[-74.1500906622793,6.75907925149091],[-74.150099736162,6.75906716391745],[-74.1501057854171,6.7590550763437],[-74.1501118346722,6.75904601289336],[-74.1501148592998,6.75903694855078],[-74.150117883029,6.75903090476358],[-74.1501239331825,6.75902486097626],[-74.1501269560134,6.75901881808096],[-74.1501330070652,6.75901277340145],[-74.1501390563203,6.75900068671842],[-74.1501451046771,6.75899464293076],[-74.1501511557288,6.75898557858721],[-74.1501572040856,6.75897953479932],[-74.1501753536476,6.75896140343531],[-74.150175351851,6.75894629619494],[-74.1501783746819,6.75893118895408],[-74.1501783728853,6.7589160817128],[-74.1501844221404,6.75890399502731],[-74.1501874440731,6.75887982254757],[-74.150190466904,6.75886773675325],[-74.1501995398884,6.75885262772585],[-74.1502025654142,6.75884356248755],[-74.1502116401952,6.75884054103878],[-74.1502237396038,6.75882845256729],[-74.1502358399107,6.7588224078854],[-74.1502418900641,6.75881334353862],[-74.1502479384209,6.75879823450948],[-74.1502570132019,6.75878614782108],[-74.1502600369312,6.75877406202444],[-74.1502570087103,6.75876197533544],[-74.1502539822861,6.75875593422099],[-74.1502539813878,6.75875291277166],[-74.1502539795912,6.75874686987298],[-74.1502600324396,6.75874082608214],[-74.1502630552705,6.75872873939227],[-74.1502751546791,6.75871967415169],[-74.1502781793066,6.75871060891093],[-74.1502872531893,6.75870154366998],[-74.1502933042411,6.75869852222031],[-74.1502993525979,6.75869549898649],[-74.1503114529048,6.75869247575264],[-74.1503265814325,6.75869549452612],[-74.150322289282,6.75867497596524],[-74.1503371977225,6.75866008013713],[-74.1503446537393,6.75864891049592],[-74.1503521097562,6.75864146258152],[-74.1503521079596,6.75863029472405],[-74.1503558305781,6.75861540246283],[-74.150363286595,6.75860050841704],[-74.1503744652304,6.75857072300029],[-74.1503819203489,6.75855955246494],[-74.1503930998826,6.75854093490545],[-74.1503968269927,6.75852604264152],[-74.1504080074248,6.75851114859297],[-74.1504191860601,6.75848880751929],[-74.1504266375855,6.75845157685453],[-74.1504340873141,6.75842179053654],[-74.1504415424326,6.75839945213491],[-74.1504452677461,6.75838455986661],[-74.1504564463815,6.75835849705787],[-74.1504713557203,6.75834360211208],[-74.1504862641607,6.75832870805789],[-74.1505049033046,6.75831753484075],[-74.1505198126433,6.75830636340747],[-74.1505347228804,6.75829891548781],[-74.1505459042108,6.75828774494618],[-74.1505608117529,6.75827285089029],[-74.1505794499984,6.75825423153563],[-74.1506129966844,6.75823188866592],[-74.1506204535996,6.75822444163717],[-74.15063536204,6.75820582495686],[-74.1506502695822,6.75818720649171],[-74.1506651789209,6.75816858980997],[-74.150680089158,6.75815741748119],[-74.1506912695901,6.75814624782836],[-74.1507024509204,6.75813507549907],[-74.1507061771322,6.75812018411469],[-74.1507248135811,6.75810528916158],[-74.150735996708,6.75810156475417],[-74.1507509060468,6.75809039242385],[-74.150769543394,6.7580717739542],[-74.1507807256227,6.75806804865448],[-74.1507956376564,6.75805687899958],[-74.1508105469951,6.75804198493659],[-74.1508217292238,6.75803453612076],[-74.1508515505963,6.75803453166041],[-74.15086646263,6.75803825250001],[-74.1508813728671,6.75802708195237],[-74.1508962822059,6.75801590962033],[-74.1509186493581,6.75800473639597],[-74.1509298306885,6.7579972893637],[-74.1509335577986,6.75798611970719],[-74.1509447373323,6.75796377860922],[-74.1509596448744,6.75794516191889],[-74.1509671008913,6.75793771488574],[-74.1509745551115,6.75793399047704],[-74.1510043746874,6.75791537110932],[-74.1510118307042,6.75790792496777],[-74.1510230129329,6.75790419788262],[-74.1510528334071,6.75788930203076],[-74.1510677436441,6.75788929935453],[-74.1510901125931,6.75788929578624],[-74.1511087517369,6.75788184786015],[-74.1511162050588,6.75787812345101],[-74.1511273899824,6.75787439993394],[-74.1511422993212,6.75785950497323],[-74.1511497508464,6.75784461001207],[-74.1511609321768,6.7578297168346],[-74.1511683881936,6.75782226979964],[-74.1511795677274,6.75781109835495],[-74.1511870264391,6.75781109746285],[-74.1511982068712,6.75779992780206],[-74.151205662888,6.75779247987459],[-74.1512168442184,6.75778130842918],[-74.1512242957437,6.75777386139348],[-74.1512354806673,6.7577664134656],[-74.1512429348875,6.75776641257355],[-74.1512503909044,6.75775524291169],[-74.1512615704381,6.75773290269516],[-74.1512727490735,6.75771056247756],[-74.1512764770819,6.7577031154408],[-74.1512839322004,6.75768822315103],[-74.151291384624,6.75768077611391],[-74.1513025650561,6.75766960377387],[-74.151313748183,6.75765098796427],[-74.1513212024033,6.7576435400345],[-74.1513361090471,6.75762120070486],[-74.1513472939707,6.75761002836345],[-74.1513659277246,6.75759141076741],[-74.1513808397583,6.75757651669006],[-74.1513994717156,6.75755045205359],[-74.1514069286308,6.75754672674984],[-74.1514181099612,6.75753927971052],[-74.1514255677746,6.75753555619085],[-74.1514330201982,6.75752810915135],[-74.1514479304353,6.75751693769987],[-74.151459112664,6.75750204362025],[-74.1514628370792,6.75749087395227],[-74.151470293096,6.75748342602004],[-74.1514740202061,6.75747225635164],[-74.1514777428247,6.75745736494688],[-74.1514804772964,6.75745326853925],[-74.1514926467735,6.75741011263326],[-74.1514926467735,6.75740896274872],[-74.1514926458752,6.75740523833594],[-74.1514889178668,6.75738662519239],[-74.1514889160702,6.7573717320008],[-74.1514889142735,6.75736056322192],[-74.1514926368921,6.75734567002953],[-74.1515000911123,6.75732705509954],[-74.1515038182224,6.7573084374926],[-74.1515075444342,6.75728982256118],[-74.151507540841,6.75727493115079],[-74.1515075399426,6.75726376147757],[-74.1515075372477,6.75724514565238],[-74.1515075345527,6.75723397687055],[-74.1515075336544,6.75722280808848],[-74.1515075318578,6.75721163841407],[-74.1515038002561,6.75719302258686],[-74.1515037993578,6.75718185380383],[-74.1515037966629,6.75717068591264],[-74.1515037948662,6.75715951712911],[-74.1515000632645,6.75714090308401],[-74.1514963298662,6.75711111757735],[-74.151496323578,6.75707388680653],[-74.1515006390846,6.75707167089088],[-74.1515118240082,6.75706422384429],[-74.1515192764318,6.75705305238206],[-74.1515341857706,6.75704560444309],[-74.1515416426858,6.75704188091957],[-74.1515640053464,6.75702326151753],[-74.1515714613633,6.75701581357807],[-74.1515789137869,6.75701209005436],[-74.1515938249223,6.75700836474646],[-74.1516050107442,6.75700464122264],[-74.1516236507864,6.75700463765436],[-74.1516311041083,6.75700091234642],[-74.1516497441504,6.75700090967017],[-74.1516646552858,6.75700090788602],[-74.1516870233364,6.75699718168595],[-74.151705658887,6.75699345548585],[-74.1517205691241,6.75698600754597],[-74.1517503931915,6.75697483518986],[-74.1517615754202,6.75697110988166],[-74.1517727567505,6.75696366104936],[-74.1517839380808,6.75695993574107],[-74.1517988510129,6.75694876516851],[-74.1518137621483,6.75694131544379],[-74.1518212136735,6.75693387017929],[-74.1518398519191,6.756922697822],[-74.151847305241,6.75691897340547],[-74.1518696705966,6.75689663047405],[-74.1518845808337,6.75688545990005],[-74.1518920368505,6.75687801285058],[-74.1519069461893,6.75686684138405],[-74.1519218564264,6.75685939344221],[-74.1519330368584,6.75684822197524],[-74.1519404928753,6.7568407749252],[-74.1519479461972,6.75683704961595],[-74.1519628573326,6.75682960167365],[-74.1519740377646,6.7568258781485],[-74.1519852235865,6.75682215283915],[-74.1520001338236,6.75681470489661],[-74.1520187729675,6.75680725606188],[-74.1520374076197,6.75679980633497],[-74.1520448654332,6.7567960828096],[-74.152059774772,6.75678863397458],[-74.1520821419242,6.75678118513943],[-74.1520970521613,6.7567700127786],[-74.1521231437287,6.75675511689181],[-74.1521417810759,6.75674394542244],[-74.1521529633046,6.75673649747872],[-74.1521716006518,6.75672532511685],[-74.1521790539737,6.75671787717279],[-74.1521939678041,6.75671415186264],[-74.1522200602698,6.75670297950026],[-74.1522498798457,6.75669180535347],[-74.1522573376592,6.75669180446138],[-74.1522685198878,6.75668808004308],[-74.1522908843451,6.75668063120642],[-74.1523020692687,6.75667690589595],[-74.1523207066159,6.75666573264065],[-74.1523356177513,6.75666200822215],[-74.1523542542002,6.75665455849297],[-74.1523691644373,6.75665083407438],[-74.1523840773693,6.75664338612922],[-74.1524027120216,6.75663593639978],[-74.1524138978435,6.75662848845438],[-74.1524213502671,6.75662104318507],[-74.1524362614025,6.75661359167115],[-74.1524474454278,6.75660614461747],[-74.1524623547666,6.75659869667161],[-74.152477265902,6.75659869488745],[-74.1524959023508,6.7565912451573],[-74.1525070872744,6.75658752073826],[-74.1525219984098,6.75658379542707],[-74.1525480908756,6.75657634480463],[-74.1525630002143,6.7565688977504],[-74.1525779113497,6.756565171547],[-74.1526040074088,6.75655772181634],[-74.1526226438577,6.75655771914013],[-74.152637557688,6.75655771646388],[-74.1526561941369,6.75655398847625],[-74.1526636501537,6.7565465432058],[-74.1526785621874,6.75654653963751],[-74.1526934706279,6.75653909258281],[-74.1527009266448,6.75652792200053],[-74.1527195621953,6.75651674963383],[-74.1527270173139,6.75650558083522],[-74.1527344697375,6.75649813288778],[-74.1527456537628,6.75648696052041],[-74.1527568350931,6.75647206819321],[-74.1527754706437,6.75645344966129],[-74.1527866528723,6.7564422799691],[-74.1528015622111,6.75643110670838],[-74.1528127417448,6.75641621348738],[-74.1528201977617,6.75640876553859],[-74.1528276546768,6.75640504201017],[-74.1528462884308,6.75638270173126],[-74.1528611968712,6.75636780583252],[-74.1528686528881,6.75636035877509],[-74.1528761044134,6.75634546555188],[-74.1528835604302,6.75633429585724],[-74.1528910137521,6.75631195468297],[-74.1528910101589,6.75628961796803],[-74.1528910065656,6.75626727946795],[-74.152891004769,6.75625983240893],[-74.1528872632858,6.75625421589191],[-74.1528909903959,6.7562430470872],[-74.1529021699296,6.75622815386041],[-74.1529058970398,6.75621698416304],[-74.1529133503617,6.75620581178917],[-74.1529245289971,6.75618719592322],[-74.1529319841156,6.75617602622491],[-74.1529394401325,6.75616113299605],[-74.1529506187679,6.75614251445216],[-74.1529580720898,6.75613134475278],[-74.1529655272083,6.75611645152258],[-74.1529729778353,6.75610155918394],[-74.1529804329538,6.7560903868074],[-74.1529878853774,6.75607549446799],[-74.1529953413943,6.75606804651397],[-74.1530027956145,6.75605315417387],[-74.1530139751482,6.75603453651788],[-74.1530288826904,6.75600847269039],[-74.1530400631224,6.75598985681683],[-74.1530437911308,6.75598241064564],[-74.1530549697662,6.7559675147346],[-74.1530624248848,6.75595262149931],[-74.1530698773084,6.75593773004772],[-74.1530736044185,6.75592655945155],[-74.1530810586387,6.75591538885514],[-74.1530847821555,6.75590049561827],[-74.1530922381724,6.75588932591331],[-74.153099690596,6.75588187884851],[-74.1531071457146,6.75586698561059],[-74.1531108719264,6.75585581501279],[-74.1531183252483,6.75584092177406],[-74.1531257785702,6.75582602853488],[-74.1531295056803,6.75581485972029],[-74.1531332300955,6.75580741265433],[-74.1531406834174,6.75578134970667],[-74.1531444087309,6.75576273471646],[-74.153148133146,6.75575156500834],[-74.1531518602561,6.75574039351579],[-74.1531593126797,6.75571805499034],[-74.1531630361966,6.75570316263946],[-74.1531704913151,6.75568826939603],[-74.1531704886202,6.75567709968617],[-74.1531779410438,6.75566220644198],[-74.1531853961623,6.75564731319729],[-74.1531891241708,6.75563986702083],[-74.153196575696,6.75562497377544],[-74.1532003019078,6.75561380317206],[-74.1531965712045,6.75559518906747],[-74.153204026323,6.75558029582076],[-74.15321147695,6.75556540257354],[-74.1532189320685,6.75555050843378],[-74.1532301116022,6.75553189165054],[-74.1532375667208,6.75552072193709],[-74.1532450191444,6.75550582868805],[-74.1532487453562,6.75549465808192],[-74.153256201373,6.75548348747553],[-74.153263652,6.75546487158179],[-74.1532711080168,6.75545370275886],[-74.1532822884489,6.75543880683151],[-74.1532897399742,6.75542391357994],[-74.153293466186,6.75541274475606],[-74.1533009222028,6.75540529679183],[-74.1533083728298,6.75538295646676],[-74.1533158288466,6.75537178674983],[-74.1533232803719,6.75535689349624],[-74.1533307336938,6.75533455584513],[-74.1533381861174,6.7553196608062],[-74.1533493656511,6.75528615165033],[-74.1533568180747,6.75527126017826],[-74.1533605433882,6.75524891984695],[-74.1533679940152,6.75523402658956],[-74.1533717211253,6.7552228568692],[-74.1533791744472,6.75519679389007],[-74.153382900659,6.75518190063106],[-74.1533866250742,6.75517073180159],[-74.1533940783961,6.75514839146567],[-74.1533978028113,6.75512232937458],[-74.1534015254298,6.75510371435902],[-74.1534127058618,6.75507392783479],[-74.1534201582854,6.75505903457202],[-74.1534238853955,6.75504786573971],[-74.1534313342259,6.75501807921205],[-74.1534425173528,6.75499573976115],[-74.1534462435646,6.75498457003532],[-74.153446241768,6.75497339941716],[-74.1534536932933,6.75495850704331],[-74.1534574204034,6.75494733820873],[-74.1534611457169,6.7549287231864],[-74.153464870132,6.75491755256694],[-74.1534723252506,6.75490265840725],[-74.1534760505641,6.75488776603127],[-74.1534797749792,6.75488031895102],[-74.1534872291995,6.75486170303408],[-74.1534872283012,6.75485425595343],[-74.1534946798264,6.7548430871164],[-74.1534984069365,6.75483191649495],[-74.1535021331484,6.7548170241168],[-74.1535058602585,6.75480585438681],[-74.1535133117837,6.75479468287244],[-74.1535170388939,6.75478351403404],[-74.1535244940124,6.7547686207623],[-74.1535282166309,6.75475372838219],[-74.1535356717495,6.75474255775869],[-74.1535393988596,6.75472766448568],[-74.1535431232748,6.75472021918712],[-74.1535399899511,6.75469843370409],[-74.1535474423746,6.75467981688806],[-74.1535511685865,6.754668648047],[-74.1535586192134,6.75465003212193],[-74.1535623454252,6.75463513884607],[-74.153566071637,6.75462396821982],[-74.1535735258572,6.75460162964281],[-74.153584705391,6.75457929017268],[-74.1535921560179,6.75456067245996],[-74.1535958822297,6.75454205653069],[-74.1536033373483,6.75452344060074],[-74.1536070599668,6.75451227175607],[-74.1536145150853,6.75449737758392],[-74.1536256946191,6.75448248341127],[-74.1536294208309,6.75446386837108],[-74.1536368759494,6.75444897419744],[-74.1536405976696,6.7544303573718],[-74.1536517798983,6.75440801878582],[-74.1536555034151,6.75438940195862],[-74.1536592287286,6.75437450956682],[-74.1536666838471,6.75436333982667],[-74.1536704082623,6.75435217008621],[-74.1536741353724,6.75434100034552],[-74.1536853149062,6.75432238262363],[-74.1536890411179,6.7543074893377],[-74.1536964962365,6.7542925969434],[-74.1537002206517,6.75427398100381],[-74.1537039450668,6.75426281036923],[-74.1537114001854,6.75424419442853],[-74.1537113983888,6.75423302557742],[-74.1537151237022,6.75421813407289],[-74.1537263032359,6.7541995154542],[-74.153730030346,6.75418834570997],[-74.153737480973,6.75416972976641],[-74.1537412080831,6.75415856091357],[-74.1537486587101,6.75414366673053],[-74.1537598418371,6.75412504989314],[-74.1537710240657,6.75411760280115],[-74.1537784791843,6.7541027095089],[-74.1537859307095,6.7540915379783],[-74.1537896578197,6.75408036912366],[-74.1537971111416,6.75407292203098],[-74.1538008373534,6.75406175139175],[-74.1538045635652,6.75405058164433],[-74.1538120168871,6.75404313544328],[-74.1538194711073,6.75402079505529],[-74.1538269262258,6.75400962441487],[-74.1538343777511,6.75399473201139],[-74.1538455581831,6.75397611338409],[-74.1538567404118,6.75395749743235],[-74.1538753705725,6.75392398818213],[-74.1538790976826,6.7539128166474],[-74.1538902817079,6.75389792334885],[-74.1538977341315,6.75388303004984],[-74.1539089118686,6.75386068876237],[-74.1539163678854,6.75385324255839],[-74.153923820309,6.75383834836595],[-74.1539350043343,6.75382717772131],[-74.153946183868,6.75380856176381],[-74.1539573643001,6.75379738933432],[-74.1539648194186,6.75378249692431],[-74.1539722718422,6.75377132717044],[-74.153979727859,6.75376388007304],[-74.1539871802826,6.75375270942668],[-74.1539946354012,6.75374153788796],[-74.1540020860281,6.75372292192721],[-74.1540058131383,6.75370802951487],[-74.1540132673585,6.75368941355282],[-74.154016992672,6.75367451935534],[-74.1540244450956,6.75366334959897],[-74.1540319002141,6.7536484580769],[-74.1540468068579,6.75362611588654],[-74.1540579881883,6.75361122168707],[-74.1540617152984,6.75360005282137],[-74.1540691668237,6.75359260572129],[-74.1540766228405,6.75358143507097],[-74.1540803499506,6.75357398886271],[-74.1540878032726,6.75356654087016],[-74.1540952601877,6.75356653997806],[-74.154102711713,6.75355536843505],[-74.1541064406198,6.7535516457768],[-74.1541064361282,6.75351813917472],[-74.1541101614417,6.75349952142117],[-74.1541213409754,6.7534846281099],[-74.1541250680855,6.75347345834918],[-74.1541399774243,6.75345856503711],[-74.1541474289495,6.75344739349164],[-74.1541548849664,6.75343994549711],[-74.1541660662967,6.75342877573537],[-74.1541735196187,6.75341388242192],[-74.1541809729406,6.75340643621107],[-74.1541884289574,6.75339526555646],[-74.1541958822793,6.75339154200487],[-74.1542107907198,6.75337664601402],[-74.1542182458384,6.75336547535872],[-74.1542294271687,6.75335802736297],[-74.1542406076007,6.75334685759933],[-74.1542480636176,6.75333940960327],[-74.1542592449479,6.7533282389471],[-74.1542667018631,6.75332451450292],[-74.1542741533884,6.75330962118628],[-74.154285335617,6.75329100520887],[-74.1542927889389,6.75328355721196],[-74.154303969371,6.75327238655451],[-74.1543226049215,6.75324632168613],[-74.1543337871502,6.75322398215341],[-74.1543412386755,6.75320908794157],[-74.1543449666839,6.75320536438854],[-74.1543598733277,6.75317557774744],[-74.1543673266496,6.75317185419416],[-74.1543747835648,6.75316812974876],[-74.1543859648951,6.75316068174996],[-74.1543934200137,6.75314951108969],[-74.1544046004457,6.75313089421405],[-74.1544120546659,6.75311600089144],[-74.1544195061912,6.75310110756837],[-74.1544232333013,6.75308993690669],[-74.1544306848266,6.75307876713687],[-74.1544381390468,6.75306015115058],[-74.1544344083435,6.75304526050205],[-74.1544348431281,6.75303204518492],[-74.1544454800793,6.75301610366171],[-74.1544561179289,6.75301078952319],[-74.1544614368537,6.75299484978344],[-74.1544720747033,6.75297891093529],[-74.1544827116546,6.75296296941034],[-74.1544933450126,6.7529470305611],[-74.1545039810656,6.75292577667983],[-74.1545146180169,6.75290983782936],[-74.15451993784,6.75289921044199],[-74.1545412144375,6.75287795655858],[-74.154546529769,6.75286733095465],[-74.1545603979604,6.75282684375293],[-74.1545703764466,6.75281023405251],[-74.1545803513395,6.75279694379394],[-74.1545969800537,6.75277701018957],[-74.1546003038202,6.75276704204893],[-74.1546136069713,6.75275375178918],[-74.1546235863558,6.75274378454016],[-74.1546302365838,6.75273713941002],[-74.1546402123751,6.75272717305271],[-74.1546468643997,6.75272052792234],[-74.1546513478913,6.75271604787868],[-74.1546568428859,6.75271056067263],[-74.1546701478336,6.75269726684298],[-74.1546767971633,6.75268730316116],[-74.1546901003144,6.75267401289917],[-74.1547000752073,6.75266072352895],[-74.1547067263337,6.75265075538594],[-74.1547167039215,6.75263746601506],[-74.1547300070725,6.75262417753592],[-74.1547366581989,6.75261420939213],[-74.1547466330918,6.75260091912819],[-74.154756608883,6.75259095187602],[-74.1547632591111,6.75258098551574],[-74.1547732393939,6.75257101737107],[-74.154779889622,6.7525643749148],[-74.1547865407483,6.75255440587769],[-74.154793192773,6.7525510837574],[-74.1547998438994,6.7525411165042],[-74.154806495924,6.75253447137124],[-74.1548197990751,6.7525211811051],[-74.1548264502015,6.75251121385129],[-74.1548397542508,6.7525078899465],[-74.1548464062755,6.75250456693377],[-74.1548530574019,6.75249127755889],[-74.1548630322948,6.75247798907573],[-74.1548696834211,6.752471344834],[-74.1548763336492,6.752461375795],[-74.1548896368002,6.75244808820309],[-74.1548962870283,6.7524381191636],[-74.154902939053,6.75243147492136],[-74.1549095910776,6.75242482889482],[-74.154916242204,6.75241818465235],[-74.1549228933304,6.75240489438302],[-74.1549328709182,6.75239492801892],[-74.1549461722726,6.75238163774892],[-74.1549594736271,6.75236502714115],[-74.1549694521132,6.75235173687034],[-74.1549761032396,6.75234509084272],[-74.1549827552643,6.75233512358528],[-74.1549927301572,6.75232515721975],[-74.155002707745,6.75231186694781],[-74.1550093597697,6.75230522270384],[-74.1550160090994,6.75228861209344],[-74.1550259848907,6.75227864394275],[-74.1550392871434,6.75225870942493],[-74.1550459391681,6.75225206518019],[-74.1550592414208,6.75223213066127],[-74.1550725427752,6.75221551737213],[-74.1550791947999,6.7522088740189],[-74.1550891723878,6.75219558374378],[-74.1550891705911,6.75218561915954],[-74.1550958217175,6.7521756518988],[-74.1551024728439,6.75216900497669],[-74.1551057966104,6.7521590386077],[-74.1551157759949,6.75215239436162],[-74.1551257499895,6.75213578285387],[-74.1551324020142,6.75212913771538],[-74.1551390531405,6.75211584922226],[-74.1551457042669,6.75210920319141],[-74.1551523553933,6.75209591380565],[-74.1551623302862,6.75208594654307],[-74.1551689814125,6.7520759801724],[-74.1551723069757,6.7520660138015],[-74.1551789581021,6.75205604653831],[-74.1551822809703,6.75204608105909],[-74.1551955832231,6.75202614563963],[-74.1552122128356,6.75200288898731],[-74.1552155348055,6.75199292261493],[-74.1552221868302,6.75198627836654],[-74.1552321653164,6.75197631110171],[-74.1552421411076,6.75196634383668],[-74.1552554442586,6.75195305266284],[-74.1552687474097,6.75193976238073],[-74.1552753994344,6.75193311813161],[-74.1552820487641,6.75192314997358],[-74.1552887007888,6.75191650661634],[-74.1552953519151,6.75190653935008],[-74.1553020030415,6.75189657119154],[-74.1553186326541,6.75187995967501],[-74.1553252819838,6.75187663576588],[-74.1553319331101,6.7518666693909],[-74.1553385842365,6.75186334458958],[-74.155341910698,6.75185337910642],[-74.1553485627227,6.75184673574818],[-74.1553552129507,6.75183676848052],[-74.155365188742,6.75183012155371],[-74.1553751681264,6.7518168330524],[-74.1553818183545,6.75180022153313],[-74.1553851412227,6.75179025604864],[-74.1553884667859,6.75178028788771],[-74.1553951188106,6.7517736436364],[-74.1554050928052,6.75175371088195],[-74.155401767242,6.75175038875616],[-74.1554049670411,6.75173911993393],[-74.1554252833395,6.75171882409929],[-74.1554388263407,6.75169852737171],[-74.1554523711386,6.75168499711162],[-74.1554794589377,6.75165116744534],[-74.1554930028372,6.75163087339119],[-74.1555065458384,6.75161057755203],[-74.1555200888397,6.7515902808199],[-74.1555336336375,6.75156998497907],[-74.1555471766387,6.75154968913734],[-74.15556071964,6.75152939507894],[-74.1555878056424,6.75150233098055],[-74.1556081237375,6.75147526866484],[-74.1556148916449,6.75145497371125],[-74.1556126790943,6.75142523781129],[-74.1556299231545,6.75139939497284],[-74.1556471690113,6.75138216522364],[-74.1556730368983,6.75135632238286],[-74.1556902809585,6.75133047954072],[-74.1557161488454,6.75130463580511],[-74.1557420221222,6.75128740605254],[-74.1557765120392,6.75126156053045],[-74.1558110037529,6.75122710280581],[-74.1558454981615,6.75120125817257],[-74.1558627440183,6.75118402841632],[-74.1558799862818,6.75116679865949],[-74.1558972312403,6.75114095759137],[-74.1559144770972,6.75112372872508],[-74.1559403458824,6.75110649896605],[-74.1559662173626,6.75108065521848],[-74.1559834614228,6.75107203855411],[-74.1560007045847,6.7510461965889],[-74.1560351971966,6.75101173795684],[-74.1560524457484,6.75100312307541],[-74.1560783118387,6.75097727753815],[-74.1560955567972,6.75095143556785],[-74.156138667846,6.75089113763179],[-74.1561559146011,6.75087390786448],[-74.1561731613563,6.75085667898868],[-74.1561990256499,6.75082222301937],[-74.1562335191602,6.75078776437135],[-74.1562680072806,6.75075330572092],[-74.1562938778625,6.75072746284656],[-74.1563111192277,6.75070161907875],[-74.1563283650845,6.75068439198098],[-74.1563714761333,6.75062409044331],[-74.156405967847,6.75058963267325],[-74.1564404613573,6.75055517490079],[-74.1564835759993,6.75052071534168],[-74.1565094438863,6.75050348556123],[-74.1565353099765,6.75046902867469],[-74.1565698052835,6.75045179621613],[-74.1565870493436,6.75042595510985],[-74.1566387860158,6.75038287975698],[-74.1566646601909,6.75037426308019],[-74.1566905262812,6.75034842018563],[-74.1567336409233,6.75031396061179],[-74.1567681344336,6.75027950192763],[-74.1567940023205,6.75026227035438],[-74.1568112490756,6.75024504234888],[-74.1568284949325,6.75022781255859],[-74.1568457362977,6.7502019696562],[-74.1568888509398,6.75016751007196],[-74.1569060976949,6.75015889517551],[-74.1569233435517,6.75014166716633],[-74.1569405912052,6.75013304870106],[-74.156957837062,6.75011582069096],[-74.1569923287757,6.75009859000401],[-74.1570095764291,6.75008997243007],[-74.1570268222859,6.75007274352634],[-74.1570526910712,6.75005551283783],[-74.1570699360297,6.75002967171043],[-74.1571044286417,6.75000382612119],[-74.1571216753968,6.74998659721438],[-74.1571389221519,6.74996936741492],[-74.1571647882422,6.74994352360663],[-74.1571734075774,6.74992629648188],[-74.1571992799559,6.7499004526713],[-74.1572078965961,6.74987461153558],[-74.1572251433512,6.74985738262421],[-74.1572337662796,6.7498573817321],[-74.1572510112381,6.74983153880994],[-74.1572768782267,6.74980569499429],[-74.1572941240835,6.74978846697254],[-74.1573286166955,6.74976262047834],[-74.1573458652473,6.74975400557469],[-74.1573717340325,6.74973677398275],[-74.1574062284411,6.74971093016204],[-74.1574407165615,6.74968508366368],[-74.1574665898383,6.74966785296139],[-74.1574924559286,6.74964201092118],[-74.1575183247139,6.74962477843318],[-74.1575355705707,6.74960755040499],[-74.1575528173258,6.74959032059201],[-74.1575700622843,6.74956447854766],[-74.1576045522013,6.74953863382569],[-74.1576476668434,6.74950417419419],[-74.1576735383236,6.74947833036108],[-74.157708026444,6.74944387161743],[-74.1577080192575,6.74940080688225],[-74.1577252660126,6.74939219108008],[-74.1577425118694,6.74937496036737],[-74.1577597577263,6.74935773322234],[-74.1577856238165,6.7493232753622],[-74.1578028678767,6.74929743241153],[-74.1578201137335,6.74928020437168],[-74.157837361387,6.74926297365498],[-74.1578632292739,6.74924574472183],[-74.1578804751308,6.74922851489598],[-74.1579063412211,6.7491940579187],[-74.1579494531682,6.74914237200216],[-74.1579666981267,6.74912514306471],[-74.1579925660136,6.74909929921136],[-74.1580098118704,6.7490820693803],[-74.1580270559306,6.74905622820093],[-74.1580443017874,6.74903899836832],[-74.1580615449493,6.7490217685351],[-74.1580787908061,6.74900454048548],[-74.158096036663,6.74898731065104],[-74.1581219063465,6.74897008081597],[-74.1581477769284,6.74895284919613],[-74.1581563971618,6.74893562292824],[-74.1581736394254,6.74889255368742],[-74.1581822587606,6.74887532474109],[-74.158190878994,6.74884087041496],[-74.1582167450843,6.74880641341009],[-74.1582253653178,6.74878918713695],[-74.1582253608262,6.74876334772613],[-74.1582426048864,6.74873750474555],[-74.1582943442535,6.74869443102667],[-74.1583115883137,6.7486685880424],[-74.1583374570989,6.748651358196],[-74.1583547029558,6.74863412834903],[-74.1583719497109,6.74862551253318],[-74.1584064387296,6.74859105462091],[-74.1584236845864,6.74857382566386],[-74.1584409322399,6.74856520984694],[-74.1584668001268,6.7485393659637],[-74.1584840459836,6.74852213611274],[-74.1585099111756,6.74848767908519],[-74.1585271570324,6.74847045101653],[-74.158544401991,6.74844460802033],[-74.1585875148364,6.74840153516748],[-74.1586133809267,6.74836707813135],[-74.1586392506102,6.74834123334543],[-74.1586737396289,6.74830677541294],[-74.158682361659,6.74828954912202],[-74.1587082304442,6.74826370522406],[-74.1587168479828,6.74823786400103],[-74.1587340956362,6.74822924817813],[-74.1587599626248,6.74820340338488],[-74.1587858323084,6.74816894633465],[-74.1588203222254,6.74814310153819],[-74.1588548148374,6.74811725674031],[-74.158880681826,6.74809141283316],[-74.1589151744379,6.74805695399078],[-74.1589410414265,6.7480311118646],[-74.1589582872834,6.74801388199552],[-74.1589669084152,6.74800526795285],[-74.1589927798953,6.74798803540659],[-74.1590358936391,6.74795357566475],[-74.1590617624243,6.74792773353305],[-74.1590790091795,6.74791911592048],[-74.1590876303112,6.74791050187614],[-74.1591134999948,6.74788465795792],[-74.1591307422584,6.74785881582257],[-74.1591479890135,6.74785019999293],[-74.1591753391206,6.74781801507742],[-74.1591925858758,6.74780939835498],[-74.159209827241,6.74778355621558],[-74.1592270730979,6.74776632812188],[-74.1592529427814,6.74775770961434],[-74.1592701877399,6.74774048062763],[-74.1592960592201,6.74771463580831],[-74.159321927107,6.74768879366384],[-74.1593391720655,6.74767156289047],[-74.1593564179223,6.74765433479282],[-74.1593736619825,6.74764571806747],[-74.1593909060427,6.74761987681141],[-74.1594167730313,6.74759403198565],[-74.1594340197865,6.74758541615132],[-74.159451264745,6.74755957399997],[-74.1594771317336,6.74753373006306],[-74.1594857528654,6.74749927564144],[-74.1595029987222,6.74748204664555],[-74.159511619854,6.74747343259342],[-74.1595288657108,6.7474562027045],[-74.1595547318011,6.74743035876207],[-74.1595719803529,6.74742174292485],[-74.1595806005863,6.74741312887161],[-74.1596064729648,6.74739589719639],[-74.1596150923,6.74737866998099],[-74.1596409619835,6.74737005235863],[-74.1596582069421,6.7473442110879],[-74.1596754527989,6.74732698208644],[-74.1596840730323,6.74730975397654],[-74.1597013170925,6.74728391002629],[-74.1597099400209,6.74726668369898],[-74.1597271849795,6.74724083974645],[-74.1597444254464,6.7472149975767],[-74.1597530483748,6.74718915897399],[-74.1597702933333,6.74717192818285],[-74.1597875373935,6.74716331144891],[-74.1598220309038,6.7471460797648],[-74.1598565253124,6.74712023491372],[-74.1598737720675,6.74711161817886],[-74.1598910179244,6.74709439006125],[-74.1599082601879,6.74707716105094],[-74.159925506943,6.74706854342325],[-74.1599427527999,6.74705131441203],[-74.1599513739316,6.74704270035221],[-74.1599772436152,6.7470082441115],[-74.1599772409203,6.74699101688232],[-74.1600289739991,6.74693932983852],[-74.1600548427844,6.74692209903851],[-74.1600807151629,6.74690486912997],[-74.1601065848464,6.74689624971502],[-74.1601238316016,6.74688763386826],[-74.1601496967936,6.74685317672444],[-74.1601583161287,6.74682733810239],[-74.1601755601889,6.74680149501847],[-74.160192806944,6.74679287917007],[-74.1602186739326,6.74676703519223],[-74.1602272905728,6.74670674119551],[-74.1602445346331,6.7466808981052],[-74.1602617813882,6.74666366908018],[-74.1602790200585,6.74662921370458],[-74.1602876420886,6.74660337239432],[-74.1602876358004,6.74656891969074],[-74.160296250644,6.74652585291567],[-74.1602962461524,6.74650001249197],[-74.1602876196307,6.74647417563531],[-74.1603048636909,6.74644833342466],[-74.1603134803311,6.74641387981793],[-74.1603134767378,6.7463966516755],[-74.1603134749412,6.74637942710086],[-74.1603307225947,6.74637081035283],[-74.1603393428281,6.74636219449675],[-74.160356588685,6.74634496546041],[-74.1603824601651,6.74634496189199],[-74.1603910848902,6.74633634781965],[-74.160399706022,6.74632773374715],[-74.1604169500822,6.74630188974449],[-74.1604428143758,6.74625882116151],[-74.1604428116809,6.74624159390567],[-74.160442806291,6.74620714117635],[-74.1604600503512,6.74618129895145],[-74.1604686723813,6.74615545761729],[-74.1604945357766,6.74611238812922],[-74.1605031551118,6.74609515997606],[-74.1605527969127,6.74602192693692],[-74.1606286281974,6.74593966855105],[-74.1606914680465,6.74588554686465],[-74.1607521330742,6.74583142695642],[-74.1607846242397,6.74573835186916],[-74.1608496263337,6.74570154575348],[-74.1608929520798,6.74560413951192],[-74.1609969365656,6.74541581786805],[-74.1610727633587,6.74527944654608],[-74.1612049279949,6.74513873602339],[-74.1612439202681,6.74505215438214],[-74.1613002401448,6.7449179507558],[-74.1613240589746,6.74480755986847],[-74.1613717110071,6.74469283960273],[-74.1614367086095,6.7445954286979],[-74.1615515285742,6.74440927267793],[-74.1615688489912,6.74432269358262],[-74.1615970111754,6.74426208437067],[-74.1616511831803,6.74422528171125],[-74.1617075156334,6.74419280483839],[-74.1617443519499,6.74415816819092],[-74.1617486782363,6.74410622035181],[-74.1617421672472,6.7440434540161],[-74.1617681582033,6.74397851719375],[-74.1618634802347,6.74381400506667],[-74.1619956269046,6.7435802257533],[-74.1621191120185,6.74336376468018],[-74.1622144322533,6.7431862651364],[-74.1622577597961,6.74313431273262],[-74.1622967601541,6.74308885303657],[-74.1623487492529,6.74298278664059],[-74.1624657350557,6.7427771473886],[-74.1625448029704,6.74264077800028],[-74.162646635991,6.74253686860965],[-74.1627506249683,6.74237884693178],[-74.162830787031,6.74228359891099],[-74.1629152717868,6.7421147586164],[-74.163001928669,6.7419805506081],[-74.1630950956421,6.74187664196804],[-74.1632294333029,6.74179004279395],[-74.1635067980284,6.7417012517052],[-74.1636801567085,6.74167092017313],[-74.1638383581149,6.74170768645031],[-74.1639778889364,6.74172386742957],[-74.1640490013709,6.74172398875567],[-74.1640908556766,6.74171483666256],[-74.1644433896284,6.74159803260169],[-74.1647127009573,6.74151934991047],[-74.1648193498462,6.74149148771157],[-74.1649619052952,6.74144775765173],[-74.1649965299596,6.74144520088072],[-74.1650190866563,6.74143930674738],[-74.1650137084427,6.74142489034105],[-74.1651087924206,6.74137756687848],[-74.1653938018091,6.74137805396752],[-74.1658828239886,6.74146518669356],[-74.1659457392961,6.74147355373964],[-74.1659888368702,6.74148640271734],[-74.1662960346462,6.74155371376273],[-74.16656510343,6.74161748849845],[-74.1667299496745,6.741626010768],[-74.1668234148883,6.74162706791121],[-74.1671029643165,6.74164216677108],[-74.1673066698836,6.74167026715308],[-74.167510376349,6.74169403904548],[-74.1677270904197,6.74175892978456],[-74.1678679642225,6.74184980749298],[-74.1679698250909,6.74190390019076],[-74.1680381985621,6.74196711196316],[-74.1683534416498,6.74214289554724],[-74.1685953606508,6.74228013398376],[-74.1686882653158,6.74231933387093],[-74.1689049802848,6.74238638965928],[-74.1691173662725,6.7424599390522],[-74.169432688412,6.74260273251937],[-74.1696364056572,6.74269143512482],[-74.1696788366813,6.74270459273755],[-74.1699745557846,6.74277739004029],[-74.1701565167319,6.74280388546531],[-74.1702419788548,6.74280852617899],[-74.1709807713108,6.74279635255741],[-74.1713595297806,6.74274478193145],[-74.1713938750689,6.74273438805167],[-74.1717340796434,6.74263259474739],[-74.1719854300565,6.74251133842481],[-74.1721696107409,6.74240524781567],[-74.1723212849884,6.74230349191056],[-74.1725162912703,6.74217575259334],[-74.1727600437328,6.74201121219905],[-74.1729073800158,6.74189647075288],[-74.173115376835,6.74172111172089],[-74.1732540362907,6.74155009449625],[-74.1734121981711,6.74138556905536],[-74.1736310241811,6.74117990682304],[-74.1736897111186,6.74111198017335],[-74.1743114450082,6.74032257549434],[-74.1743795292219,6.74018196701677],[-74.1745160003816,6.73992220868464],[-74.1745809719328,6.739740386512],[-74.1746437758493,6.73954557785776],[-74.1746957586598,6.73939622292713],[-74.1748473826017,6.73907802392187],[-74.1749556861873,6.73884208074394],[-74.1750336536657,6.73860831063005],[-74.1751354318891,6.73824899821052],[-74.1752025656853,6.73803254278582],[-74.1752588604092,6.73779011702031],[-74.1754299562331,6.73730525442041],[-74.1754992585623,6.73710395288666],[-74.175644388583,6.73679874064892],[-74.1758675193198,6.73644589649608],[-74.1760386681443,6.73622942153228],[-74.1763116463963,6.73591336152408],[-74.1765477856367,6.73559514506782],[-74.1766522040087,6.73548720805104],[-74.1769315046036,6.73509769608574],[-74.1770183447421,6.73511521010683],[-74.1770320027277,6.73510156251647],[-74.1774220036133,6.73480495794361],[-74.1776170080986,6.73468587553645],[-74.1779203476104,6.73451049783889],[-74.1782886973011,6.734309130913],[-74.1785768750476,6.7341467405297],[-74.178789208933,6.73400600893368],[-74.1789863729682,6.73384147468865],[-74.1792366220468,6.73368125467345],[-74.1794077933292,6.73358382192975],[-74.1797458123027,6.7334235839871],[-74.1799754800798,6.73327635666041],[-74.1803112856043,6.73291050194403],[-74.1806601023275,6.73257061480047],[-74.180980729917,6.73217878989969],[-74.1812277019414,6.73186056742593],[-74.1815071651314,6.73150337861364],[-74.1816565882008,6.73133783988195],[-74.1816880130661,6.73129088655844],[-74.1817139752761,6.73127627358345],[-74.1818895509984,6.7311288555831],[-74.1821495557809,6.73097296236401],[-74.1824269088283,6.73087117640477],[-74.1831094478828,6.73060480869157],[-74.1834106278448,6.73046838592211],[-74.1838049693899,6.73025185744081],[-74.1841971424019,6.73002883686702],[-74.1842896149772,6.72997603107421],[-74.184889361702,6.72952338069957],[-74.1850706354381,6.7294013734982],[-74.1851905335791,6.72929704910913],[-74.185504688807,6.72905240115174],[-74.1857560149656,6.72884023275828],[-74.1860246777109,6.72866269310728],[-74.1862042554277,6.72857215104518],[-74.1862209892448,6.72856002613342],[-74.1862377248586,6.72855527555165],[-74.1862651818653,6.72854143150872],[-74.1864623566802,6.72845048082928],[-74.1869227297886,6.7279893609436],[-74.1872867145653,6.72770141371147],[-74.1877135373945,6.7273939705886],[-74.1881685152212,6.72702808199942],[-74.1886959592437,6.72644499653382],[-74.1889166321899,6.726190143822],[-74.1889577894029,6.72615554514304],[-74.1891163168978,6.72598029283132],[-74.1894911272719,6.72565987343192],[-74.1900327709641,6.7252333594578],[-74.1903859157702,6.72494108552327],[-74.1905462336074,6.72478737515656],[-74.1907361114074,6.72458910347653],[-74.1908015518792,6.72447325433951],[-74.1908206967745,6.72446850371781],[-74.1909210089473,6.72432410353091],[-74.1912048127967,6.72404049972245],[-74.191267245709,6.72398939547495],[-74.1914677254259,6.72376210136692],[-74.1915806741998,6.72373284819936],[-74.1917496913222,6.72359450362079],[-74.1919901757137,6.72340397966823],[-74.192239344119,6.72327189245014],[-74.1924560195621,6.72319825182768],[-74.1927398746155,6.72313108811592],[-74.1930042317356,6.72308557301783],[-74.1932621003244,6.72309849742196],[-74.1934442202736,6.72312905671771],[-74.1934758328867,6.72313255746717],[-74.1934969055667,6.72313606000089],[-74.1935039330871,6.72313956610317],[-74.1935179836365,6.72314657919974],[-74.1935320341859,6.72315008351764],[-74.1935531077641,6.72315709393762],[-74.1935671583135,6.72316060003971],[-74.1935776946534,6.72316410614178],[-74.1935917461011,6.7231711165616],[-74.1935987727233,6.72317111566944],[-74.1936128223743,6.7231711121009],[-74.1936198454032,6.72317461909504],[-74.193626871127,6.72317461641862],[-74.1936479456036,6.72318162773039],[-74.1936549731241,6.72318513472447],[-74.1936619952546,6.72318513383231],[-74.1936690218768,6.72318513204803],[-74.1936830733245,6.7231921460361],[-74.1936900963534,6.72319214335968],[-74.1937006371849,6.72319915556333],[-74.1937217098648,6.72320265988088],[-74.1937252240742,6.72320265898872],[-74.1937533260712,6.72322019217374],[-74.1937638624112,6.72322018949732],[-74.1937708881351,6.72322018771304],[-74.1937779111639,6.72321667982711],[-74.1937884457073,6.72321316837257],[-74.1937954723294,6.72320965781016],[-74.1938060059745,6.7232061463556],[-74.1938200538289,6.72319912790708],[-74.1938341025816,6.72319561556029],[-74.1938411283055,6.72319210767416],[-74.1938516637471,6.72318859711158],[-74.1938586858777,6.7231885944352],[-74.1938657116015,6.72318859354304],[-74.193872736427,6.72318859175876],[-74.1938902966942,6.72318507851975],[-74.1938973242147,6.72318858551379],[-74.1939078605546,6.72318858372953],[-74.1939289323362,6.72318506959839],[-74.1939359553651,6.72317454415545],[-74.1939464899085,6.72316752570647],[-74.193953514734,6.72316050814952],[-74.1939640528706,6.72316752213793],[-74.1939710758995,6.72317102645567],[-74.1939781052166,6.72317804133605],[-74.1939781052166,6.72318155011442],[-74.1939781106065,6.72320610710153],[-74.1939745999904,6.72321312376568],[-74.1939675796564,6.72322715798584],[-74.1939640690403,6.72323417375752],[-74.1939570460114,6.72324820886922],[-74.1939535389885,6.72326224041192],[-74.1939535407852,6.72327276585296],[-74.193950030169,6.72327978162404],[-74.1939500319657,6.72329030438828],[-74.1939500355589,6.72330433771404],[-74.1939500382538,6.72331486136991],[-74.1939500400505,6.72332187892464],[-74.1939535551582,6.72333240168796],[-74.193960583577,6.72335344810609],[-74.1939640986847,6.72336397176089],[-74.1939676137924,6.72337098753063],[-74.1939781528273,6.72338150850863],[-74.1939851776528,6.72339203037855],[-74.1939922060716,6.72339904436359],[-74.1939957229759,6.72341307590198],[-74.1940062629092,6.72343061443223],[-74.1940097780169,6.72344113808532],[-74.1940168037407,6.72345165995395],[-74.1940203188484,6.72345867483028],[-74.1940308578833,6.72346919759068],[-74.1940378872005,6.72347971945866],[-74.194040530044,6.72348587788278],[-74.194080513159,6.72352906981793],[-74.1942141564221,6.72366312412824],[-74.1942240810094,6.7236656007006],[-74.1942311076315,6.72366559891632],[-74.1942346218409,6.72366910679902],[-74.1942416448698,6.72367261289742],[-74.1942451599775,6.72367962866272],[-74.1942521857013,6.72369014963403],[-74.1942592141201,6.72369716539906],[-74.1942662389457,6.72370768904643],[-74.1942697531551,6.72371119336028],[-74.1942873179138,6.72372171611518],[-74.194294341841,6.72372522042893],[-74.1943048853675,6.72373925106574],[-74.1943119110913,6.72375328081],[-74.194311912888,6.72376029568198],[-74.1943224519229,6.72377081754369],[-74.1943294776467,6.72377432453351],[-74.194343530891,6.7237883533846],[-74.1943505539199,6.72378835160034],[-74.1943610956498,6.72379887346144],[-74.1943751470975,6.72380939353806],[-74.1943821728213,6.72381641019349],[-74.1943927136528,6.72383745480639],[-74.1943927190427,6.72385850209481],[-74.1943927217377,6.72387253451204],[-74.1943962404386,6.72389358269105],[-74.1943997591396,6.72391462908488],[-74.1944143630512,6.72392473788403],[-74.1944108524351,6.72393175364569],[-74.1944108542317,6.72394227818007],[-74.1944143702377,6.72395280182213],[-74.1944178808538,6.72395981758338],[-74.1944213968599,6.72397033944077],[-74.1944354527991,6.72399839980767],[-74.1944424839128,6.72401594010106],[-74.1944424857095,6.72402295496924],[-74.1944495096367,6.72402996983737],[-74.1944530256427,6.72404400135751],[-74.1944600522648,6.7240545241052],[-74.1944670797853,6.72406153808071],[-74.1944741073058,6.72407907747967],[-74.1944776233118,6.72408959933449],[-74.1944846517306,6.72410012208119],[-74.1944916765561,6.7241106448277],[-74.1944987067715,6.72412467456124],[-74.194502218286,6.72413168942786],[-74.1945092449081,6.72413519641508],[-74.1945162697336,6.72414221306581],[-74.1945232972541,6.72414571737653],[-74.1945303220796,6.72415273313496],[-74.1945373487018,6.72415623744563],[-74.1945443744256,6.72416676108301],[-74.1945478877367,6.72417026806996],[-74.1945514037427,6.72417728382809],[-74.194561940981,6.72418429690967],[-74.1945689702981,6.72419481876221],[-74.1945724818125,6.72420183541209],[-74.1945759960219,6.72420884938543],[-74.1945830244407,6.72421586246657],[-74.1945900510629,6.72422989487349],[-74.1945970785833,6.72423690973858],[-74.1946005900978,6.72424392371143],[-74.1946111336243,6.7242614622117],[-74.1946181575515,6.72426847707634],[-74.1946251868686,6.7242754901566],[-74.1946357241069,6.72428250412893],[-74.1946532897639,6.72429653296536],[-74.1946603145894,6.72430354693737],[-74.1946673430082,6.72431056001715],[-74.1946743669354,6.72431757488108],[-74.1946813953542,6.72432108186694],[-74.1946884192814,6.72432809583858],[-74.1946989583163,6.72433861679589],[-74.1947059858368,6.72434563255153],[-74.1947095009445,6.72435264741497],[-74.19471652577,6.72435966049402],[-74.1947235532905,6.72436667714152],[-74.1947340923254,6.72437719809799],[-74.1947340950204,6.72439029018921],[-74.1947351182015,6.72439123050022],[-74.1947411180493,6.72439122871595],[-74.1947481446714,6.72439473391702],[-74.194758682808,6.72439824001018],[-74.1947692209446,6.72440525398073],[-74.1947902999127,6.72441928013719],[-74.1948078655698,6.72443330807756],[-74.1948113779826,6.72444383170897],[-74.1948148930903,6.72445435534016],[-74.1948254321252,6.72446487718685],[-74.1948289481312,6.72447539992544],[-74.1948359747534,6.72447890601805],[-74.1948376213653,6.72448548284101],[-74.1949179181753,6.72455931596965],[-74.1949483602836,6.72461683639406],[-74.1949519131206,6.72461919966038],[-74.1949554282283,6.72462621451986],[-74.1949589424377,6.72463323116352],[-74.1949659681615,6.72464375389844],[-74.1949694832692,6.72465076786546],[-74.1949765098914,6.72465427484889],[-74.1949835329202,6.72465778094021],[-74.1949940719552,6.72466479490698],[-74.1949975861646,6.72467180887369],[-74.1950011012723,6.72467882462452],[-74.1950046172783,6.72469285701807],[-74.1950081287927,6.72469987187649],[-74.1950116439004,6.72470688762696],[-74.1950151590081,6.72471390159302],[-74.195022184732,6.72472442521836],[-74.1950256998397,6.72473494795131],[-74.1950292149474,6.72474196370127],[-74.1950327309534,6.72475248554174],[-74.1950362415695,6.72475950218356],[-74.1950397575756,6.72476651793313],[-74.1950467859944,6.72477703977306],[-74.1950502966105,6.72478405373814],[-74.1950573250293,6.72479106948736],[-74.1950643498548,6.72479808256009],[-74.1950678649625,6.72480509741699],[-74.1950748915846,6.72480860350723],[-74.1950784039974,6.72481562014824],[-74.1950819191051,6.724822635897],[-74.1950819209018,6.72483315862786],[-74.1950854369078,6.72484368135847],[-74.1950854387044,6.72485069889112],[-74.1950889538121,6.7248612225135],[-74.1950924662249,6.72486823647733],[-74.1950959822309,6.72487876099149],[-74.1951100327802,6.72488928104468],[-74.1951205736118,6.72491032650326],[-74.19513111624,6.72492084834008],[-74.1951381410655,6.72492786319521],[-74.195145168586,6.72493487805023],[-74.1951521943098,6.72494189201301],[-74.1951592227286,6.72495241384913],[-74.1951627333447,6.72495592172259],[-74.1951697617635,6.7249629347929],[-74.1951802990018,6.72496994875529],[-74.1951873247256,6.72496994786315],[-74.1951943495511,6.72497696182544],[-74.1952013761733,6.72497696004118],[-74.1952084009988,6.72498397400334],[-74.195215427621,6.72498748098441],[-74.1952189400337,6.72499449673071],[-74.1952259675542,6.7250015098005],[-74.1952294835602,6.72501203341963],[-74.1952329950746,6.72501905005769],[-74.1952400243918,6.72503307887286],[-74.1952435403978,6.72504009461851],[-74.1952435430927,6.72505061912891],[-74.1952470546072,6.72506114185484],[-74.1952540821276,6.72506815581578],[-74.1952611087498,6.72508218552167],[-74.1952681371686,6.72508920215874],[-74.1952751619941,6.72509621611931],[-74.1952821904129,6.72510323097191],[-74.1952857064189,6.72511726067679],[-74.1952892179333,6.72512427642123],[-74.1952892188316,6.72513129305768],[-74.1952927348377,6.72514181488971],[-74.1952962499454,6.72514883063376],[-74.1952997650531,6.7251558454856],[-74.1953067898786,6.72516636910137],[-74.195310304088,6.72516987608111],[-74.1953173298118,6.7251803979123],[-74.1953243591289,6.72519092063538],[-74.1953243600272,6.72519793816303],[-74.1953278248293,6.72520830922292],[-74.1953944070598,6.72527509616703],[-74.1953981386615,6.72527509438276],[-74.1954051625887,6.72527860136173],[-74.1954086776964,6.7252856171038],[-74.1954157016236,6.72529263195366],[-74.1954192167314,6.72529964680341],[-74.1954227309407,6.7253031537822],[-74.1954262460485,6.72530666165311],[-74.1954332699757,6.7253136756105],[-74.1954402983944,6.72532068956785],[-74.1954508338361,6.72532068689143],[-74.1954578577633,6.72532419387006],[-74.1954648852838,6.72532770084863],[-74.1954683985948,6.72533120782721],[-74.1954754234204,6.72533471302151],[-74.1954824500425,6.72533822000004],[-74.1954894739697,6.72534172697851],[-74.1954929890775,6.72535225059025],[-74.1954965050835,6.72536277241749],[-74.1955070414234,6.72536277063323],[-74.195514063554,6.72535926097849],[-74.1955246025889,6.72535925740993],[-74.1955351407255,6.72536627136662],[-74.1955421646527,6.72536977656065],[-74.1955491921732,6.72537328353889],[-74.195556217897,6.72538731502024],[-74.1955632454175,6.7253908219984],[-74.1955667587286,6.72539432808436],[-74.1955702711413,6.7254013438248],[-74.195573786249,6.725408358673],[-74.1955773013567,6.72541537441322],[-74.1955843270806,6.72542589713122],[-74.1955913537027,6.72542940143267],[-74.1956018918393,6.72543992504252],[-74.1956124317726,6.72545395384557],[-74.195615945982,6.7254574608232],[-74.1956357421559,6.72546663463417],[-74.1956407583484,6.72547664348206],[-74.1956608069489,6.72550166337055],[-74.1956708339441,6.72552168106469],[-74.1956758474417,6.72553168991146],[-74.195685871742,6.72554169697374],[-74.1957059194442,6.72556171020559],[-74.1957159464394,6.72557672302835],[-74.1957259707396,6.72558673098186],[-74.1957359968365,6.72559673804301],[-74.195766068839,6.7256217543568],[-74.1957811021453,6.72562675565671],[-74.1957911237506,6.72563676360917],[-74.1958161876453,6.72567179054906],[-74.1958262128439,6.72567679274059],[-74.1958512740437,6.72570181172662],[-74.1958663118415,6.72572182762828],[-74.1958763343452,6.72573183468666],[-74.1958763361418,6.72574160800592],[-74.1960240048014,6.72587492034335],[-74.1960855232287,6.72591900598333],[-74.1961018743635,6.72591695943051],[-74.1961219175742,6.72591195099653],[-74.1961319373828,6.72590694256249],[-74.1961569922944,6.72590693720971],[-74.1961770408949,6.72591694158786],[-74.1962071102025,6.725931949939],[-74.196227156108,6.72594695918177],[-74.1962371875948,6.72598198966779],[-74.1962472136917,6.72599700158545],[-74.1962522280876,6.72601201617904],[-74.1962572406869,6.72602702988003],[-74.1962572442801,6.72604206499173],[-74.1963346583964,6.7260975395807],[-74.1963374350889,6.7260970765639],[-74.1963624917971,6.72610207607464],[-74.1963775277984,6.72611708798857],[-74.1963925629013,6.7261270941467],[-74.19640258271,6.72612709057814],[-74.1964226259206,6.72611707639086],[-74.1964526943298,6.72612207411716],[-74.196467727636,6.7261270754119],[-74.1964777519363,6.72613207759873],[-74.196487771745,6.72613708067766],[-74.1965078194472,6.72613707621699],[-74.1965178401542,6.72613206778528],[-74.1965429022523,6.72616709558157],[-74.1965429049472,6.72618210838565],[-74.1965529409256,6.72623716187219],[-74.1965629697174,6.72626218261364],[-74.1965694052481,6.72626860685788],[-74.1965809396164,6.72627719184626],[-74.1965930390249,6.72627718916985],[-74.196643154238,6.72630220188007],[-74.1966682073529,6.72629218591213],[-74.1966782289582,6.72628717748203],[-74.1966882505636,6.72628217083611],[-74.1967032811749,6.726272156652],[-74.1967333477875,6.72627715437671],[-74.1967634161966,6.72628715785512],[-74.1967734395986,6.7262921600403],[-74.1967834630005,6.72630717284048],[-74.1967884782947,6.72631718077894],[-74.1968035196859,6.72635221302254],[-74.1968135421895,6.72636221917581],[-74.196823570083,6.72638223505023],[-74.1968335952816,6.72639224298711],[-74.1968536411871,6.72640725310783],[-74.1968736897877,6.72641725747568],[-74.196883711393,6.72642225965956],[-74.1969037608918,6.72643726977931],[-74.196918796893,6.72645228168289],[-74.1969238103906,6.72646228872622],[-74.1969488688955,6.72647729795262],[-74.1969739274003,6.72648729964264],[-74.1969989814136,6.72649229914941],[-74.1970140156182,6.72649229558085],[-74.1970240390201,6.72650230262335],[-74.1970340642187,6.72651231055779],[-74.1970541101243,6.7265273206748],[-74.1970641353228,6.72653732771658],[-74.1970841839234,6.7265473329739],[-74.1971042316256,6.72656734705643],[-74.1971142559258,6.72657235013085],[-74.1971643738338,6.72661237561665],[-74.1972094782442,6.72663739009387],[-74.1972545799597,6.72663737849617],[-74.1972796321764,6.72663737135909],[-74.1972896573749,6.72664738018287],[-74.1972996816752,6.72665238147224],[-74.1973247392817,6.7266723946583],[-74.1973748571897,6.72669740556392],[-74.1973848841849,6.7267124183516],[-74.1973949048919,6.72671742053241],[-74.197429990392,6.72674744253751],[-74.1974500380942,6.72676745750394],[-74.1974700857964,6.72677746186437],[-74.1974901326003,6.72679247108104],[-74.1975101812008,6.72680247454884],[-74.197525217202,6.72681248069284],[-74.1975264577754,6.72681351467291],[-74.1975937254205,6.72685209220998],[-74.1975953801173,6.72685250348241],[-74.1976354683351,6.72686250338047],[-74.197665535846,6.72687250684683],[-74.1977056276571,6.72688751070778],[-74.1977256753593,6.72688750535497],[-74.1977457176716,6.7268925048576],[-74.1977757860808,6.72690250653909],[-74.1977908211837,6.72690750782578],[-74.1978108688859,6.72691751307548],[-74.1978208895929,6.72692251614632],[-74.1978459489961,6.72693752357424],[-74.1978609832007,6.72694252575273],[-74.1978860408072,6.72695252921744],[-74.1979010750118,6.72695753050366],[-74.1979110993121,6.72696253268194],[-74.1979411677213,6.72697754100074],[-74.1979562046208,6.72698754535688],[-74.1979662307177,6.72700255813557],[-74.1979762514247,6.72700755852913],[-74.1979812676172,6.72701756734528],[-74.1979912892225,6.72702757616122],[-74.1980013153194,6.7270375831927],[-74.1980113396197,6.72704759111612],[-74.1980213657166,6.72705759814718],[-74.1980263783158,6.7270676069623],[-74.1980414116221,6.72707260735519],[-74.19805644942,6.72708761834699],[-74.1980664728219,6.72709262052397],[-74.1980815079248,6.72710262576985],[-74.1980915286318,6.72710762883875],[-74.1980965439261,6.72711763676072],[-74.1981216051259,6.72713264507473],[-74.1981266159285,6.72714265388834],[-74.1981416510314,6.7271526600253],[-74.198156687931,6.72716767190678],[-74.1981717230339,6.72717767804321],[-74.1981767356332,6.72718768685586],[-74.198191776126,6.72720269605984],[-74.1981967878269,6.727212704872],[-74.1982118247265,6.72722771496734],[-74.1982168373257,6.72724272863075],[-74.1982268643209,6.72725273565779],[-74.1982318760219,6.72726274446889],[-74.1982419030171,6.72727775813122],[-74.1982619480244,6.72728776248117],[-74.1982870101225,6.72731277959999],[-74.1983126507356,6.72735021071004],[-74.1983226732393,6.72736021773486],[-74.1983276876352,6.72737022654374],[-74.1983327020311,6.72738524020275],[-74.1983427272297,6.72739524633472],[-74.198347739829,6.72740525335862],[-74.1983477434222,6.7274202688008],[-74.1983577668242,6.72742527186647],[-74.1983728037237,6.72744028284737],[-74.1983778208146,6.72747031194484],[-74.1983978730083,6.72749533083856],[-74.1984078964103,6.72750533607613],[-74.1984429846053,6.72754536683784],[-74.1984580224031,6.72756538355561],[-74.1984680476017,6.72757539057601],[-74.1984780719019,6.72759540818471],[-74.1984880997955,6.72761542311621],[-74.1984931132931,6.72763043676763],[-74.1984981312822,6.7276454504186],[-74.1985081582774,6.72768048256639],[-74.1985131753683,6.72769049047656],[-74.1985232023635,6.72771050718839],[-74.1985332257655,6.72772551905259],[-74.1985532770609,6.72774553397872],[-74.1985683130621,6.72776054494974],[-74.198583348165,6.72777055196611],[-74.1985983859629,6.72779056778251],[-74.1986134237608,6.72781058270596],[-74.1986434939666,6.72783059406004],[-74.1986485065659,6.72784060285923],[-74.198668556963,6.72785561293519],[-74.1986886037669,6.72787562785593],[-74.1986966032645,6.72788627452664],[-74.1989236515542,6.72810136773526],[-74.1989335249375,6.72809574910766],[-74.1990600292891,6.72819092943572],[-74.1995662577995,6.72844502903369],[-74.199714065698,6.72847595376571],[-74.1997160141439,6.72847595376571],[-74.1997310456535,6.7284759501972],[-74.1997376365927,6.72848088545024],[-74.1999529951057,6.72852594416543],[-74.1999615650335,6.72852594148903],[-74.1999715884354,6.72852593970479],[-74.1999815812947,6.72853192588418],[-74.2000963401739,6.72855593661855],[-74.2000968683833,6.72855593483426],[-74.2001068890903,6.72855092821177],[-74.2001269331992,6.72854091407442],[-74.2001369503129,6.72853090082903],[-74.2001569962185,6.72853089547627],[-74.2001920736337,6.72854089801612],[-74.2002020988323,6.72854590017813],[-74.2002171348335,6.72856090934014],[-74.2002271600321,6.72857091812428],[-74.2002522167403,6.72858592550128],[-74.200282010265,6.72858253273858],[-74.2002945435599,6.72858566053927],[-74.2003133470954,6.72859504394117],[-74.2003258812885,6.72859816906543],[-74.2003321470377,6.72860442734294],[-74.2003384145834,6.72860442555869],[-74.2003458589222,6.72860814216368],[-74.2004051073067,6.72862053917327],[-74.2010735652692,6.72874579659198],[-74.2010841725761,6.72873254492723],[-74.2010904356302,6.72872315617519],[-74.2011029689251,6.72872628219072],[-74.2011249021911,6.72872627683796],[-74.2011405706062,6.72872627237731],[-74.2011593678536,6.72872626791666],[-74.2011719011484,6.72872626434817],[-74.201193838906,6.72873877643921],[-74.2012063722008,6.72874190245463],[-74.2012157730702,6.72874190067038],[-74.2012345676226,6.72871998912176],[-74.2012439693904,6.72871998555326],[-74.2012502324446,6.72871685596917],[-74.201265901758,6.72871998109261],[-74.2013191718544,6.72874500259834],[-74.2013285727239,6.72874813039798],[-74.2013348420662,6.72875125908971],[-74.2013567789255,6.72876377118011],[-74.2013724473406,6.72877628416233],[-74.2013912517745,6.72878879803633],[-74.2014006490507,6.72879192494356],[-74.2014194498913,6.72879192048294],[-74.2014382507318,6.72879191602228],[-74.2014507858233,6.72879817072881],[-74.2014727235809,6.72881694287707],[-74.2014761641284,6.72882123579479],[-74.2015130624287,6.72882815067532],[-74.2016059212796,6.72885288847891],[-74.201610597909,6.72885133082431],[-74.2016199951852,6.72885132814795],[-74.2016230674234,6.72885745617159],[-74.2017560522215,6.72889288433655],[-74.2017578713099,6.72889197615086],[-74.2017766685572,6.72888258294126],[-74.2017892009538,6.72887945068186],[-74.2017986027215,6.72888257669635],[-74.2018268053299,6.72889821836629],[-74.2018393431163,6.7289076017622],[-74.2018487430874,6.72891698872643],[-74.201853192443,6.72891876405989],[-74.2020511416058,6.72897149948962],[-74.2021073959055,6.72909253616479],[-74.2021088529729,6.72909217217695],[-74.2021245177948,6.72908903813462],[-74.2021589843556,6.72908903010548],[-74.2021621203743,6.72908902921337],[-74.2021871905573,6.72911092736339],[-74.2021934563064,6.72911405694494],[-74.2022091301114,6.72913282908098],[-74.2022185327775,6.72914534383791],[-74.2022310705639,6.729164117757],[-74.2022467380808,6.72917350203987],[-74.2022652047481,6.72919883844299],[-74.2022786237818,6.72922116391683],[-74.2022830991886,6.72923902518728],[-74.2022920437138,6.72924348849751],[-74.2023054609509,6.72925688288858],[-74.2023144063745,6.72927474237347],[-74.2023278227133,6.72928813765578],[-74.2023367699335,6.72930153293774],[-74.2023457135605,6.72931492643507],[-74.2023546625774,6.72933725279573],[-74.2023591352891,6.72934618298282],[-74.2023680798144,6.72935064718418],[-74.2023770261363,6.72935957558681],[-74.2023949151869,6.72937743417577],[-74.2024128051358,6.72940422295016],[-74.202421752356,6.72941762001317],[-74.20243963961,6.72943547681577],[-74.2024485841353,6.72943547503152],[-74.202470944101,6.72944440075617],[-74.2024843613381,6.72945779335745],[-74.2024933031684,6.72946672265023],[-74.2025067222021,6.72948458212738],[-74.2025201394392,6.72949797561966],[-74.2025380275915,6.72952029840337],[-74.2026424576416,6.72962552557603],[-74.202796342643,6.72974452982552],[-74.2029307279145,6.72988085020392],[-74.2030087618683,6.72996740689771],[-74.2030475807667,6.73002180870367],[-74.2032049656045,6.73016054041832],[-74.2035660712807,6.73041318214615],[-74.2035766282819,6.73041962150158],[-74.2035937816123,6.73043256979792],[-74.2038852876169,6.73063651657113],[-74.2041343383429,6.73081076088692],[-74.2042994343191,6.73091508405859],[-74.204435977344,6.73100378880148],[-74.2044722342471,6.73102990393287],[-74.2055769868751,6.73151110974813],[-74.2056062791399,6.73151861339128],[-74.2057211368338,6.73156403581054],[-74.2058069888255,6.73158958709039],[-74.2066472927052,6.73174577005119],[-74.2067212384262,6.73173259697511],[-74.2068859301605,6.73173688362219],[-74.207059287044,6.73174549349332],[-74.2072131495875,6.73176060336624],[-74.2073626750649,6.73177787841904],[-74.2075295326373,6.73178649275003],[-74.2076002668811,6.73180413714045],[-74.2077579490613,6.73181208773217],[-74.2077809108983,6.73181239908279],[-74.2079672673023,6.73179936339527],[-74.2080951200251,6.73179932949467],[-74.2083226300489,6.73171701962926],[-74.208584813246,6.73164335976834],[-74.2088491595864,6.73155238379842],[-74.2092099194112,6.73139644967766],[-74.2094352591053,6.73131197634577],[-74.2095932170682,6.73125704743964],[-74.209662042392,6.7311957585812],[-74.2097450817585,6.73108751637183],[-74.209894803967,6.73102946946874],[-74.2099307069339,6.73101750609269],[-74.2099506576181,6.73101750073995],[-74.2099706038106,6.73101749449509],[-74.2100025200543,6.73101350135026],[-74.2100104961958,6.73100951445024],[-74.2100823057229,6.73099754215245],[-74.2100902863559,6.73099753947611],[-74.2101501267303,6.73098955497035],[-74.2101620940865,6.73098955140185],[-74.2101860305956,6.73098954515699],[-74.2102019900649,6.73098555647252],[-74.2102259247773,6.73098156511168],[-74.2102498603881,6.73097358952691],[-74.2102618286426,6.73096960173446],[-74.2102698092756,6.73096959905808],[-74.2102777863153,6.73096959638173],[-74.2103336381698,6.73096161276761],[-74.2103575773738,6.73096160652274],[-74.2103735350465,6.73096160206212],[-74.2103894909226,6.73096159760151],[-74.2104054512902,6.73096159403303],[-74.2104333781158,6.73096158600392],[-74.2104533252067,6.73096158065114],[-74.2104772608174,6.73096157351417],[-74.2104852396538,6.73095758661376],[-74.2104932193884,6.73095359971328],[-74.2105011991231,6.73095359792904],[-74.2105171532025,6.73094163901175],[-74.2105331081803,6.73093764943479],[-74.2105570446894,6.73092568873284],[-74.2105769890853,6.73091771493137],[-74.2105969352779,6.73091372356997],[-74.2106527853357,6.73090175662255],[-74.2106607659687,6.7309017548383],[-74.2106807121613,6.73089776347677],[-74.2107126266084,6.7308937712231],[-74.210728586976,6.73089376676247],[-74.2107565129032,6.73088977361663],[-74.2107764590958,6.73088578403925],[-74.2107964052884,6.73088179356973],[-74.2108203426958,6.73087780310013],[-74.2108442792048,6.7308738108463],[-74.2108602359792,6.73087380638568],[-74.2108801821718,6.73087380192504],[-74.210892152223,6.73087379746441],[-74.210900130161,6.73086582633847],[-74.2109240639751,6.73085785075179],[-74.2109320446081,6.73085784896755],[-74.2109440128626,6.73086182962391],[-74.2109799203212,6.73086181981055],[-74.210986928977,6.73087453881929],[-74.2109919182201,6.73086955452378],[-74.2110043886329,6.73086207585008],[-74.2110118707009,6.73085709066231],[-74.2110268357352,6.73084961288057],[-74.2110343222948,6.73084961109633],[-74.2110393088429,6.73084711671812],[-74.2110542783688,6.7308446214478],[-74.21106425416,6.7308421279617],[-74.2110767245728,6.73083465017973],[-74.2110867039573,6.73082966409956],[-74.2110991716751,6.73082467712721],[-74.211106659133,6.73082218274888],[-74.2111241169922,6.73081470407445],[-74.2111291071336,6.73081470318235],[-74.2111340963767,6.7308122096961],[-74.2111390847215,6.73080971799409],[-74.2111490623094,6.7308097144256],[-74.2111615354171,6.7308072200472],[-74.2111789977679,6.73080472388455],[-74.2111864807342,6.73080472210031],[-74.2111964574238,6.73080222772187],[-74.2112064368082,6.73080222504552],[-74.2112214036392,6.73080222058489],[-74.2112388668883,6.73080221612425],[-74.2112488435778,6.73080221255577],[-74.211253832821,6.73080221166364],[-74.2112812718613,6.73079971193248],[-74.2112887557259,6.7307997101482],[-74.2112987360088,6.73079970747185],[-74.2113087118,6.73079970479546],[-74.2113211867043,6.73080219382115],[-74.2113286696706,6.7308021911448],[-74.2113361571285,6.73080218846842],[-74.2113561141009,6.73080218400779],[-74.2113660898921,6.7308021804393],[-74.2113760701749,6.73080217865506],[-74.2113860459662,6.73079968338449],[-74.211396026249,6.73079968070811],[-74.2114010127971,6.73079967981601],[-74.2114159832213,6.73079967446328],[-74.2114209688711,6.7307971827612],[-74.211435938397,6.73079468749062],[-74.2114434222617,6.73079468570637],[-74.211450905228,6.73079468392211],[-74.2114558926744,6.73078969873366],[-74.2114633747424,6.730784712653],[-74.2114683639855,6.73077972835657],[-74.2114733523303,6.73078470997664],[-74.2114858272347,6.73078969070454],[-74.2115182573147,6.73078719097328],[-74.2115257393827,6.73078469570265],[-74.211533225044,6.73078469391841],[-74.2115556730446,6.73077721256706],[-74.211560663186,6.73077471997273],[-74.2115656488358,6.73077222737841],[-74.2115731353954,6.73077222559417],[-74.2115930932661,6.73077471105151],[-74.2116105547186,6.73078218080529],[-74.2116180376849,6.73078217902103],[-74.211630511691,6.73078217545255],[-74.2116454812168,6.73078217188406],[-74.2116529641831,6.7307796775055],[-74.2116604471495,6.73077718401908],[-74.2116754130821,6.73077717955845],[-74.2116804041218,6.73077717866634],[-74.2116928772295,6.73077717509785],[-74.2117003610942,6.73077717242148],[-74.2117203171682,6.73077965966302],[-74.2117352839991,6.73077716350024],[-74.2117477571069,6.73077715993172],[-74.21175274635,6.73077466733743],[-74.2117702087008,6.73077217206672],[-74.2117826836051,6.73077964271268],[-74.2117951540179,6.73077963914418],[-74.2118026405775,6.73077963646781],[-74.2117976522327,6.73078462076424],[-74.2118126190637,6.73078461719575],[-74.21182010203,6.73078461451936],[-74.2118300823128,6.73078461184302],[-74.2118375652791,6.73078461005877],[-74.2118475428669,6.73078709997664],[-74.2118550294265,6.7307870981924],[-74.2118674998393,6.7307870946239],[-74.2118774801221,6.73078709194755],[-74.2118824711618,6.7307895818654],[-74.2118874568117,6.73078958008116],[-74.2119024263375,6.73078708481054],[-74.2119124030271,6.73078708213418],[-74.2119223833099,6.73078458686352],[-74.2119373492425,6.73078458240293],[-74.2119448331072,6.73078707410506],[-74.2119598008364,6.73078956045442],[-74.2119647918762,6.73079454296652],[-74.2119697811192,6.73079454118227],[-74.2119972219562,6.73079204145109],[-74.2120072013407,6.7307920396668],[-74.212014684307,6.73078954618044],[-74.2120196726518,6.73078954350409],[-74.2120246609966,6.73078954261196],[-74.2120321448612,6.73079203252983],[-74.2120396323191,6.73079452155555],[-74.2120446188672,6.7307970114734],[-74.2120545991501,6.73079700879702],[-74.2120670731561,6.73079700612066],[-74.2120720632975,6.73079700344428],[-74.2120795462638,6.73079700166003],[-74.2120870301284,6.73079699987579],[-74.2120920202698,6.73079699898364],[-74.2121044915809,6.73079450371307],[-74.2121244467567,6.73078951495611],[-74.2121369171694,6.73078702057763],[-74.2121593687633,6.73078203003635],[-74.2121668517296,6.73078451906212],[-74.212171841871,6.73078451816997],[-74.2121768329108,6.73078451638573],[-74.2121818176623,6.73077953298144],[-74.2121868069054,6.73077454779282],[-74.2121892997303,6.73077205609061],[-74.2122117558157,6.73078700005876],[-74.2122192378837,6.73077952316807],[-74.2122267199518,6.7307770278974],[-74.2122342038164,6.73077702611316],[-74.2122441823026,6.7307720409245],[-74.2122516652689,6.7307670557358],[-74.2122591482352,6.73076705395156],[-74.2122815998291,6.73077701273127],[-74.2122940729368,6.73077202754266],[-74.2123065433496,6.73075956635507],[-74.2123115325927,6.73075956546293],[-74.2123215128755,6.73076205359672],[-74.2123264994236,6.73076205270458],[-74.2123339832882,6.73076205092032],[-74.2123489537125,6.7307670289721],[-74.2123564375771,6.73076702718782],[-74.2123614277185,6.73076702540358],[-74.2123664142666,6.73076453280922],[-74.212371404408,6.73076453191708],[-74.2123788846794,6.73075705502606],[-74.2123988407535,6.73075206716082],[-74.2124088201379,6.73075206448447],[-74.2124212932457,6.73075206091594],[-74.2124387537998,6.73075205556321],[-74.2124462412577,6.73075205377897],[-74.212453724224,6.73075205199473],[-74.2124661964335,6.73074706502157],[-74.2124736776032,6.7307420789405],[-74.2124786641513,6.73074207804837],[-74.2125085987115,6.73073708572238],[-74.2125185798926,6.73073708393814],[-74.2125235664408,6.73073708215388],[-74.2125335458253,6.7307345877751],[-74.2125510045828,6.73073209161209],[-74.2125684696286,6.73073706966414],[-74.21257345977,6.7307370678799],[-74.2125784499113,6.73073706698779],[-74.212598407782,6.73074204503978],[-74.2126033952285,6.73074204236339],[-74.2126133737147,6.73074204057915],[-74.2126258477207,6.73073954620043],[-74.2126358244102,6.73073954263194],[-74.2126482966196,6.73073704736106],[-74.2126632661455,6.73073704379254],[-74.2126732419368,6.73073454941379],[-74.2126857159428,6.73073205503499],[-74.2126907051859,6.73073205414288],[-74.2126981890505,6.7307320514665],[-74.2127106612599,6.73072955708772],[-74.2127206370512,6.73072706181679],[-74.212730617334,6.7307270591404],[-74.2127405940235,6.73072705646402],[-74.2127480769898,6.73072705467978],[-74.212765540239,6.73072705021918],[-74.2127705312787,6.7307270475428],[-74.2127805079682,6.73072953746099],[-74.2127929810759,6.73072953389247],[-74.2127979712173,6.73072953300036],[-74.2128054541837,6.73072953121611],[-74.2128079523984,6.73072952943187],[-74.2128154353648,6.73072952764763],[-74.2128179281897,6.73072952675548],[-74.2128304012974,6.7307295240791],[-74.2128403815802,6.73072952051062],[-74.2128503582698,6.73072951783427],[-74.2128578403378,6.73072453264513],[-74.2128628295809,6.73072453175299],[-74.2128703116489,6.73072203737417],[-74.2128753008919,6.7307170539692],[-74.2128877739997,6.73071704950858],[-74.2128977497909,6.73071455602182],[-74.2129027399323,6.7307120634272],[-74.2129127193168,6.73070707734578],[-74.2129251879329,6.73070458296684],[-74.2129276825545,6.73069959777744],[-74.2129326717975,6.73069710518275],[-74.2129351619275,6.73068464666962],[-74.2129401520689,6.73068464577749],[-74.2129526278716,6.73069211642479],[-74.2129651018776,6.73069709536939],[-74.2129725848439,6.73069460188253],[-74.2129825624318,6.73069460009829],[-74.212992540918,6.7306945965298],[-74.2130100005739,6.73069210036655],[-74.2130299566479,6.73068960420332],[-74.2130424306539,6.7306896006348],[-74.2130499136202,6.73069208966107],[-74.2130598948013,6.73069208698469],[-74.2130698705926,6.73069208341621],[-74.213074860734,6.73069208252406],[-74.2130798508754,6.73069208073982],[-74.2130898266666,6.73068958814508],[-74.2131047970908,6.73068958279231],[-74.2131122800572,6.73068958100807],[-74.2131197630235,6.73068957922382],[-74.2131297442046,6.73068957565534],[-74.2131422128207,6.73068458957368],[-74.2131521913069,6.73068209608676],[-74.2131596751715,6.73068209341039],[-74.2131671581379,6.73068209162613],[-74.2131721482793,6.73068208984189],[-74.2131846195904,6.73067710286803],[-74.2131896097317,6.73067461116531],[-74.2131970909014,6.73066962597562],[-74.2132020810429,6.73066713248862],[-74.2132120541391,6.73065467219048],[-74.213209557721,6.73064470716339],[-74.2132170388906,6.73063722937833],[-74.213222029032,6.73063722848624],[-74.213229513795,6.73064470091851],[-74.213256951937,6.73063472786209],[-74.2132744151861,6.73063472250932],[-74.2132843289936,6.73063536483876],[-74.2132992958246,6.73063536037812],[-74.2133117689323,6.73063535680964],[-74.2133242411417,6.73063037072742],[-74.2133292312831,6.73063036983529],[-74.2133466891423,6.73062289115794],[-74.2133566676285,6.73062039677857],[-74.2133691398379,6.73061540980408],[-74.2133741263861,6.73061291542469],[-74.2133816129456,6.73061291364044],[-74.2133915878385,6.73060792755798],[-74.213401567223,6.73060294147548],[-74.213438980258,6.73059047493082],[-74.2134514515691,6.73058798055127],[-74.2134614309536,6.7305805027654],[-74.2134689130216,6.73057801017007],[-74.2134813861293,6.73057302319515],[-74.2134988430902,6.73056554273265],[-74.213508823373,6.73056554005626],[-74.2135312713737,6.73055805959364],[-74.213538751645,6.73055058269942],[-74.2135437417864,6.73054809010394],[-74.2135487319278,6.73054808921183],[-74.2135612032389,6.73054061053318],[-74.2135711790302,6.7305406078568],[-74.2135786646914,6.73053562266573],[-74.2135836503412,6.73053063658248],[-74.213588638686,6.73052814487903],[-74.2136011117937,6.73052315790357],[-74.2136210660711,6.73051567922458],[-74.2136260553142,6.73051318484466],[-74.2136335373822,6.73050820054543],[-74.2136435140718,6.73050819786906],[-74.213651002428,6.73051317859978],[-74.2136634746374,6.73052314095322],[-74.2136734540219,6.73051815576197],[-74.2136859244347,6.7305081853793],[-74.2136909136778,6.7305081844872],[-74.2136959011242,6.73050818359506],[-74.2137033858872,6.73050319751153],[-74.21371336078,6.73049821321222],[-74.2137258329895,6.73049322534431],[-74.2137333159558,6.73049073096432],[-74.2137457881652,6.73048574488059],[-74.2137507774083,6.73048325139269],[-74.213758258578,6.73047826798526],[-74.2137682352675,6.73047577360515],[-74.2137732236123,6.73047328011716],[-74.213778214652,6.73047327922506],[-74.2137807056803,6.73046829581753],[-74.2137956743078,6.73046081713766],[-74.2138256061731,6.73045582480877],[-74.2138231106533,6.73044835058935],[-74.2138256025799,6.73044585888548],[-74.2138380756876,6.73044087190917],[-74.2138430640324,6.73043837842101],[-74.2138480532755,6.73043339501316],[-74.2138555362418,6.73043090152495],[-74.2138630183098,6.73042840803673],[-74.2138754914175,6.73042591365637],[-74.2138829752821,6.73042591098001],[-74.2138879654235,6.73042591008788],[-74.2138979421131,6.73042839822336],[-74.2139079232942,6.73043337806277],[-74.2139154071588,6.73043337538642],[-74.2139328623231,6.73041842248612],[-74.2139428408093,6.73041094558973],[-74.2139478282557,6.73040595950521],[-74.213957804047,6.73040346512473],[-74.2139652879116,6.73040097163636],[-74.2139727717762,6.73039349563184],[-74.2139777574261,6.73038851222353],[-74.2139852385957,6.7303860187351],[-74.2139902278388,6.73038103354243],[-74.213995214387,6.73036608242477],[-74.2140002018334,6.73035860641971],[-74.2140076847998,6.73035860463546],[-74.2140176623876,6.73035860195907],[-74.2140251489472,6.73035860017483],[-74.2140326319135,6.73035859749845],[-74.2140376175633,6.73035610490199],[-74.2140426077047,6.73035361141339],[-74.2140500906711,6.73035360962914],[-74.2140650619936,6.73035609687286],[-74.2140675539202,6.73035360516851],[-74.2140775270165,6.73034114486233],[-74.214080021638,6.73033117893666],[-74.2140800198414,6.73032370293106],[-74.2140875010111,6.73031871773776],[-74.2141024651471,6.73030874735099],[-74.214117434673,6.73030874378251],[-74.2141274113625,6.73030874110615],[-74.2141348961255,6.73031123013435],[-74.2141398853685,6.7303112283501],[-74.2141498656514,6.73031122567371],[-74.2141573477194,6.73030873307703],[-74.2141623351658,6.73030623958817],[-74.2141698190304,6.7302987635822],[-74.2141773002001,6.73029128668396],[-74.214194759856,6.73029128222333],[-74.2142022437206,6.7302937703595],[-74.214207233862,6.73029376946737],[-74.2142147177266,6.73029625938778],[-74.2142246971111,6.7302912741942],[-74.2142321800775,6.73029127151784],[-74.2142371693205,6.73028877892102],[-74.2142496424283,6.73028628275571],[-74.2142621119427,6.73027132985089],[-74.2142695940107,6.73026883636184],[-74.2142770760787,6.73026634376493],[-74.2142870509716,6.7302613576789],[-74.2142945366329,6.73025637248496],[-74.2143045133224,6.73025387810374],[-74.2143095025655,6.7302538772116],[-74.2143144927069,6.73025387542735],[-74.2143219738766,6.73024639763631],[-74.2143269604248,6.73024390503929],[-74.2143319487696,6.73024141155011],[-74.2143394308375,6.73023642814021],[-74.214344420979,6.730233934651],[-74.2143494093237,6.73022894945677],[-74.2143568913917,6.73022396604674],[-74.214364374358,6.73022147166534],[-74.2143693627028,6.7302189790682],[-74.2143818367089,6.73022146720471],[-74.2143868268503,6.73022146452837],[-74.2143968044381,6.73022395444911],[-74.2144067847209,6.73022644258564],[-74.2144142676872,6.73022394998851],[-74.2144242443768,6.73022145471499],[-74.2144317273431,6.7302189621178],[-74.2144441986542,6.73021646684425],[-74.2144516807222,6.73021148164984],[-74.2144566708636,6.7302114798656],[-74.2144616619033,6.73021396978643],[-74.2144666520447,6.7302139688943],[-74.214474135011,6.73021396621794],[-74.2144841081073,6.73020150501602],[-74.2144890946555,6.73019153819535],[-74.2144915910736,6.73018904559805],[-74.2144965776218,6.73018904470591],[-74.2145040596898,6.73018405951125],[-74.2145115471477,6.7301865485401],[-74.2145165345941,6.73018903846106],[-74.2145215247355,6.73018903756893],[-74.2145290077019,6.73019152659774],[-74.2145364906682,6.73018654140311],[-74.2145414799113,6.73018654051097],[-74.2145564449456,6.73017906182676],[-74.2145714126748,6.73016909143715],[-74.2145913669522,6.73016410267378],[-74.2145988508169,6.73016409999739],[-74.2146013427435,6.73016160739994],[-74.2146063319866,6.73015662398921],[-74.2146113212296,6.73015413049958],[-74.214616311371,6.73015163790206],[-74.2146188023993,6.73014416367795],[-74.2146262853657,6.730141668404],[-74.2146312737104,6.73013917669858],[-74.2146437468181,6.73013668142458],[-74.2146512297845,6.73013667964033],[-74.2146562181292,6.73012920363175],[-74.2146612028807,6.73012671192623],[-74.2146686867454,6.7301242157601],[-74.2146786652315,6.73012172137816],[-74.214683655373,6.73011922878049],[-74.2146886437177,6.73011673618278],[-74.2146936311642,6.73011673439852],[-74.2147011150288,6.73011673261428],[-74.2147110926167,6.73011174652675],[-74.2147210666113,6.73010426962562],[-74.2147385307587,6.73010675687063],[-74.2147435209001,6.73010675508638],[-74.2147510038664,6.73010675241003],[-74.2147609850476,6.73010674973364],[-74.2147684680139,6.73010425713591],[-74.2147784429068,6.7300992710482],[-74.2147859249748,6.73009677755828],[-74.2147934079411,6.73009428496049],[-74.2148033846306,6.73008431546126],[-74.2148058792522,6.73008431456911],[-74.214810867597,6.73008431367702],[-74.2148183505633,6.73008181840276],[-74.2148258344279,6.73008181661851],[-74.2148358129141,6.73007683053058],[-74.2148457887053,6.73007433704056],[-74.2148557689881,6.73007184176625],[-74.214865743881,6.73006685657037],[-74.2148732304406,6.73006436308032],[-74.2148807134069,6.73006436040392],[-74.2148857017517,6.73006186780592],[-74.2148906891982,6.73006186602168],[-74.2148956793396,6.73006186512958],[-74.2149031596109,6.73005687993358],[-74.2149131407921,6.73005687814933],[-74.2149206228601,6.73005438376705],[-74.2149306004479,6.73005438198281],[-74.2149380861092,6.7300518867084],[-74.2149455672789,6.73004441159064],[-74.2149530493469,6.73003942461024],[-74.2149580376916,6.73003693201211],[-74.2149605314149,6.73003443941401],[-74.2149605314149,6.73003194860015],[-74.2149705054095,6.7300244716978],[-74.2149754937543,6.73002197820749],[-74.2149829758223,6.73001699390324],[-74.2149879659637,6.73001699211898],[-74.2149929552067,6.73001449952075],[-74.2149979435515,6.73001200603039],[-74.2150029300997,6.73000951343216],[-74.2150079202411,6.73000951164792],[-74.2150129085858,6.73000452734353],[-74.2150154023091,6.73000203474522],[-74.2150178960323,6.72999455873456],[-74.2150228816821,6.72998957443002],[-74.2150303673434,6.72998708183164],[-74.2150353529932,6.72998458834114],[-74.2150528162423,6.72998209306638],[-74.2150627929319,6.72998458120416],[-74.2150752669379,6.72998457763565],[-74.2150852472207,6.72998706577341],[-74.2150952239103,6.72998706309702],[-74.2151076979163,6.72998955034262],[-74.2151151817809,6.72998954855837],[-74.2151201719223,6.72998954677413],[-74.2151276539903,6.72998705417575],[-74.2151376342732,6.72998455979315],[-74.2151476091661,6.72997957370425],[-74.2151575876522,6.72997957102786],[-74.2151675661384,6.72998206094989],[-74.2151725562798,6.72998205916564],[-74.2151775464212,6.7299820573814],[-74.2151875222124,6.72997956299872],[-74.2151925105572,6.72997706950818],[-74.2151975015969,6.72997706861608],[-74.21520249084,6.72997706683181],[-74.2152074800831,6.72997457512554],[-74.2152149630494,6.72997208074283],[-74.2152199486992,6.72996709643807],[-74.2152199478009,6.72996460562384],[-74.2152299271854,6.72996460294746],[-74.2152349146319,6.72995712515197],[-74.2152374092534,6.72995712336772],[-74.2152473886379,6.72995462987707],[-74.2152523751861,6.72995462898493],[-74.2152548716042,6.72995711979919],[-74.2152648491921,6.72995711712284],[-74.2152723330567,6.72995960615284],[-74.2152823133395,6.72995960258435],[-74.2152873025826,6.7299596016922],[-74.2152972792722,6.72995710820156],[-74.215302267617,6.72995461471092],[-74.2153097496849,6.72994962951385],[-74.2153147398264,6.72994962772957],[-74.2153197299677,6.72994713602317],[-74.2153247147193,6.72994464253246],[-74.2153322021772,6.72994464074821],[-74.2153446707933,6.72993965376677],[-74.2153546483812,6.72993217775512],[-74.2153596376242,6.72993217597087],[-74.2153671205906,6.72993217418661],[-74.2153746053535,6.72992967980373],[-74.2153795945966,6.72992967891159],[-74.2153845811447,6.7299271854208],[-74.2153895703878,6.72992469282213],[-74.2153945587326,6.72992220022345],[-74.2153995479757,6.72991970584049],[-74.2154045372188,6.72991472153517],[-74.21541451301,6.7299122280443],[-74.2154195031514,6.72991222536791],[-74.2154219941797,6.72990724195463],[-74.2154269816262,6.72989976683464],[-74.2154319708692,6.72989478252913],[-74.2154369574174,6.72989228993026],[-74.2154419466605,6.72989228903815],[-74.2154544188699,6.72988979287079],[-74.2154619018362,6.72988480856517],[-74.2154743740456,6.729882314182],[-74.215479364187,6.72988231239776],[-74.2154843552267,6.72988231061351],[-74.2154918363964,6.72987732363142],[-74.215514287092,6.72988230258438],[-74.21551927903,6.72988728421367],[-74.2155267628947,6.72988728153727],[-74.2155317512394,6.7298847889384],[-74.2155367413808,6.72988478804626],[-74.2155417270307,6.72988229455525],[-74.2155566947599,6.7298723223753],[-74.2155641777263,6.72987232059102],[-74.2155741553141,6.72987480962149],[-74.2155866284218,6.729874806053],[-74.2155941113881,6.72987231256192],[-74.215604088976,6.72986732647184],[-74.2156090791174,6.72986483387287],[-74.2156140647672,6.72986483298073],[-74.2156290360898,6.72986482762798],[-74.2156290342931,6.72985735339945],[-74.2156265369766,6.72985486258468],[-74.2156215486319,6.72984988184721],[-74.2156240387618,6.7298424067263],[-74.2156315208298,6.72983492892893],[-74.2156365118695,6.72983991055867],[-74.2156464885591,6.72984240048141],[-74.2156489858756,6.72983990699018],[-74.2156514778022,6.72983741349892],[-74.2156564670453,6.72983243097702],[-74.2156589616668,6.72983741171468],[-74.2156689428479,6.72984488594351],[-74.2156664473281,6.72984488594351],[-74.2156714392661,6.72985236017223],[-74.2156739383792,6.72985983172448],[-74.2156789258257,6.72986730506084],[-74.2156913989334,6.72986481067761],[-74.2157013774196,6.72985733288055],[-74.2157113523125,6.72985234768249],[-74.2157188343805,6.72984985419131],[-74.2157487689407,6.72983987844217],[-74.215771218738,6.72984236568852],[-74.2157787017043,6.72984236390427],[-74.2157936739251,6.72984734196545],[-74.2158136308975,6.72984733572056],[-74.215838574418,6.72983736175566],[-74.2158435600678,6.72983237744946],[-74.2158610242152,6.72983486380375],[-74.2158660143566,6.72983486291162],[-74.2158759892496,6.72982987682118],[-74.2158834713176,6.72982738243774],[-74.2158984417418,6.72982737886923],[-74.215903425595,6.72981990285587],[-74.2158984381485,6.72981492211805],[-74.215918389731,6.72979747481514],[-74.2159233762791,6.72979498221577],[-74.2159283673188,6.72979747213874],[-74.215945830568,6.72980245198465],[-74.2159508216077,6.72980743272261],[-74.2159583081672,6.72981490516766],[-74.2159656096739,6.72981671618285],[-74.215970598917,6.72981422358362],[-74.2159755890584,6.72981173098434],[-74.2159830711264,6.72980923749297],[-74.2159905540927,6.72980923481658],[-74.2159955433358,6.72980674221728],[-74.2160080164435,6.7298042469416],[-74.2160130029916,6.72980424604949],[-74.2160229823761,6.72980175166592],[-74.2160304653425,6.72979925817447],[-74.2160354536872,6.72979925549811],[-74.2160404411337,6.7297967637909],[-74.2160479276933,6.72979676200665],[-74.216060400801,6.72979675754601],[-74.2160703765922,6.72979426405454],[-74.216080356875,6.72979426048604],[-74.2160853434232,6.72979176877881],[-74.2160903326662,6.72979176699455],[-74.2160953219093,6.72979176610245],[-74.2161052985989,6.72979176253392],[-74.216122761848,6.72979175807331],[-74.2161302457126,6.72979175539693],[-74.2161427188204,6.72979175182842],[-74.2161526991032,6.72978925655268],[-74.2161626748944,6.72978925476843],[-74.2161726551772,6.72978925209204],[-74.2161826309684,6.72978675592414],[-74.2161876211098,6.72978675413989],[-74.2162000942176,6.7297867505714],[-74.2162075780822,6.72978674878714],[-74.2162175538734,6.72978674611076],[-74.2162250413313,6.7297867434344],[-74.2162325233993,6.72978425083498],[-74.2162375081508,6.72977926652827],[-74.2162449938121,6.72977677303671],[-74.2162524767784,6.72977427865302],[-74.2162574669198,6.72977178694569],[-74.2162624525696,6.72977178516143],[-74.2162699364343,6.72977178248505],[-74.2162749256774,6.72977178159294],[-74.2162824104403,6.72977177980865],[-74.2162873996834,6.72977177802441],[-74.2162923898248,6.7297717771323],[-74.2162973808645,6.72977675787058],[-74.216302368311,6.72977924779365],[-74.2163123503904,6.72978422763971],[-74.216314842317,6.72978173593243],[-74.2163223225884,6.72977176821102],[-74.2163223207917,6.72976429398106],[-74.2163273100348,6.72975930967415],[-74.2163322983796,6.72975432447506],[-74.2163472652105,6.72975681172186],[-74.2163522553519,6.72975681082974],[-74.2163572463917,6.7297568090455],[-74.2163647275614,6.72975431555382],[-74.2163722123243,6.72975431376956],[-74.2163796925957,6.72974932857041],[-74.2163896728785,6.7297468324023],[-74.2163971540482,6.72974184809522],[-74.2164046370145,6.72973935460346],[-74.2164121199808,6.7297368611117],[-74.2164196020488,6.72973436672781],[-74.2164295823316,6.72973187234387],[-74.2164345679814,6.72973187145176],[-74.2164420536427,6.72972937885206],[-74.2164495384056,6.7297293761757],[-74.216457021372,6.72972937349932],[-74.2164620097167,6.7297268808996],[-74.2164694917847,6.7297243874078],[-74.2164769756494,6.72972189391595],[-74.2164869514406,6.72971690782433],[-74.2164944371019,6.72971441522458],[-74.2164994227517,6.7297144125482],[-74.2165168860008,6.72971191637994],[-74.2165318519334,6.72970942199589],[-74.2165393348998,6.72970942021165],[-74.2165518071092,6.72970692404333],[-74.216561787392,6.72970442787504],[-74.2165742578048,6.72969944178323],[-74.2165867309125,6.72969445479931],[-74.2165992040202,6.72969445212292],[-74.2166066860882,6.72969195863091],[-74.216611671738,6.72968946603105],[-74.216624145744,6.72968946157041],[-74.2166316296087,6.72969195060178],[-74.2166540829992,6.72968945354126],[-74.2166640587904,6.7296869591571],[-74.2166740381749,6.72968446477295],[-74.2166840112712,6.72967200444959],[-74.2166790211298,6.72966203851019],[-74.2166840067796,6.72965705509435],[-74.216696478989,6.7296545598179],[-74.2167089529951,6.72965704795735],[-74.2167139440348,6.72965953788099],[-74.2167314090806,6.72966700765196],[-74.2167413830751,6.72965703903607],[-74.2167463723182,6.72965205383592],[-74.2167488633465,6.72964457871201],[-74.2167488588549,6.72963212195609],[-74.2167588400361,6.72963461098779],[-74.2167862799747,6.72963460295866],[-74.2167937629411,6.72963460117441],[-74.2168062369471,6.72963459671377],[-74.21681372171,6.72964207005358],[-74.2168286894393,6.72964206470084],[-74.2168361751006,6.72963957210071],[-74.2168411607504,6.72963707771628],[-74.2168436571686,6.72963707771628],[-74.2168511392366,6.72963209251593],[-74.2168536302649,6.72962461560746],[-74.2168611132312,6.72961963219123],[-74.2168685979941,6.72961713780674],[-74.2168760809604,6.72961713602245],[-74.2168860567517,6.72961464074581],[-74.2168935424129,6.72961713066972],[-74.2168985307577,6.7296171297776],[-74.2169060182156,6.72962709393365],[-74.216911008357,6.72962709304153],[-74.2169184922216,6.72962958296537],[-74.2169259751879,6.72962958118113],[-74.216930964431,6.72962708679665],[-74.2169359527758,6.72962210159619],[-74.2169409411206,6.72961711817996],[-74.2169484231886,6.72961213208727],[-74.2169583980815,6.72960714599455],[-74.2169708693926,6.72959717648531],[-74.2169758586357,6.72959717559318],[-74.2169808478788,6.72959468299282],[-74.2169883317434,6.72959468120857],[-74.2169958138114,6.72959218771606],[-74.2170032967777,6.72959218503966],[-74.2170232528517,6.72958968887078],[-74.2170282420948,6.72958470366995],[-74.2170382169877,6.7295797166848],[-74.2170481981689,6.72957971400841],[-74.217053187412,6.7295797131163],[-74.2170606721749,6.72958469474866],[-74.2170756408025,6.72959216452077],[-74.2170806300456,6.72959216273653],[-74.217085620187,6.72958967102825],[-74.2170931040516,6.72958966835187],[-74.2171005834247,6.72957720802607],[-74.2171055717694,6.72957222282511],[-74.2171080645943,6.72957222193296],[-74.2171230314253,6.72957221747236],[-74.2171429883977,6.72957221211958],[-74.2171579570252,6.72956971684269],[-74.2171654408898,6.72956971505845],[-74.2171754157828,6.72956472896529],[-74.2171928799302,6.72956721621306],[-74.2171978700716,6.72956721353667],[-74.2172128369026,6.72956970078443],[-74.217217827044,6.72956969989232],[-74.2172303001517,6.72956720461543],[-74.2172352858015,6.72956221941436],[-74.2172452633894,6.72955723421323],[-74.2172552391806,6.72955224901206],[-74.2172527445591,6.72954975908786],[-74.2172527427624,6.72954228217808],[-74.2172502481409,6.72953730054526],[-74.2172452562028,6.72952982809594],[-74.2172502436493,6.72952484289452],[-74.217262716757,6.72952234761737],[-74.2172701997233,6.72951985501661],[-74.2172776826897,6.72951985234023],[-74.2172901566957,6.72952233958826],[-74.2172951432438,6.72951984787963],[-74.217300129792,6.72950988104495],[-74.2173051181368,6.72950240235035],[-74.2173101073798,6.72949990974948],[-74.2173250742108,6.72949990618097],[-74.2173325598721,6.72950987033946],[-74.217340044635,6.72951485197254],[-74.2173425428498,6.72951983360559],[-74.2173550186525,6.72952979597941],[-74.2173600060989,6.72953228590372],[-74.2173625034154,6.72953228501161],[-74.2173749756248,6.72952979062663],[-74.217379962173,6.72952978884239],[-74.2173924352807,6.72952729356529],[-74.2174074057049,6.72952978081324],[-74.2174173823944,6.72952728642829],[-74.2174398348867,6.72952728107554],[-74.2174448214348,6.72952478669055],[-74.2174498106779,6.72952478579844],[-74.2174697667519,6.72952477955355],[-74.2174747568933,6.7295247786614],[-74.2174797470347,6.72952228606067],[-74.2174872291027,6.7295197925678],[-74.2174922147526,6.729517299967],[-74.2174972039956,6.72951480647413],[-74.2175071815835,6.72950732867167],[-74.2175271376575,6.72950233900937],[-74.2175396098669,6.72949735380765],[-74.2175470919349,6.72949485853038],[-74.2175570677262,6.72949236503735],[-74.2175670471107,6.72948987065218],[-74.2175795202184,6.72948737537487],[-74.2175870022864,6.72948488188181],[-74.217594486151,6.72948488009757],[-74.2175994762924,6.72948487920546],[-74.2176044673322,6.72948736913002],[-74.2176119502984,6.72948736645363],[-74.2176244234062,6.72948736377723],[-74.217629409056,6.72948486939206],[-74.2176343982991,6.7294823767911],[-74.217651857955,6.72946991557041],[-74.2176568436048,6.72945745613369],[-74.2176568427065,6.72945247182361],[-74.2176618292546,6.72944998011464],[-74.2176668167011,6.72944499491237],[-74.2176742996674,6.72944250141908],[-74.2176792907071,6.72944499045173],[-74.2176892700916,6.7294549537192],[-74.2176967566512,6.72945495193494],[-74.2177092306572,6.72945494747431],[-74.2177291867312,6.72945494301369],[-74.2177416562457,6.72945244773621],[-74.2177491410086,6.72944497082494],[-74.2177541266585,6.72944247911592],[-74.2177591150032,6.72943500309663],[-74.2177690925911,6.72943001789421],[-74.2177790728739,6.72944247197892],[-74.2177890531567,6.72944246841041],[-74.2177990298463,6.72944495655092],[-74.2178090119257,6.72944993640045],[-74.2178239787567,6.72944993283194],[-74.2178314608247,6.72944743933868],[-74.2178314581297,6.72943747339468],[-74.2178389384011,6.72942750566621],[-74.2178464240623,6.72943248640802],[-74.2178539097236,6.72943248373162],[-74.2178713693795,6.72942998756193],[-74.2178788523458,6.72942500235944],[-74.217888830832,6.72942499968306],[-74.2178988057249,6.72942001269628],[-74.2179062922845,6.729417520095],[-74.2179212573188,6.72941253221601],[-74.2179262483585,6.72941253043176],[-74.21793123311,6.72941003783045],[-74.2179362241497,6.72941003693831],[-74.2179462044325,6.7294100333698],[-74.2179536847039,6.72940504816712],[-74.217966156015,6.72939757036302],[-74.2179761318062,6.72939507597738],[-74.2179836147725,6.72939258248385],[-74.2179910950439,6.72938261475445],[-74.2179960833887,6.72937264613272],[-74.2179985780102,6.72937015353122],[-74.2180085520048,6.72936018580137],[-74.2180160349711,6.72935769141551],[-74.2180210251125,6.72936018134073],[-74.2180310062937,6.72936017866433],[-74.2180359919435,6.72936017777222],[-74.2180409811866,6.72935519256902],[-74.218045971328,6.72935519167691],[-74.2180584426391,6.72935269639889],[-74.2180709157468,6.72935020201302],[-74.2180759022949,6.72935020112089],[-74.2180808924363,6.72934770762712],[-74.2180908709225,6.72934521234909],[-74.2180983538888,6.72934271974743],[-74.2181058350585,6.72933524194237],[-74.2181108251999,6.72933274844853],[-74.2181183063696,6.72932776413719],[-74.2181232938161,6.72932028811611],[-74.2181282812625,6.72932028722399],[-74.2181357642288,6.72932028454761],[-74.21814574541,6.72932277268877],[-74.2181532283763,6.72932526261415],[-74.218163211354,6.72933273417449],[-74.2181681979022,6.72933522409984],[-74.2181731898402,6.72934020484259],[-74.2181856629479,6.72934020216621],[-74.2181906530893,6.72934019948985],[-74.218198136954,6.72934019770559],[-74.2182156011014,6.72934268584661],[-74.2182205867512,6.72934268495451],[-74.2182255768926,6.72934018967645],[-74.2182330589606,6.72933769707474],[-74.2182405419269,6.72933769439838],[-74.2182555123512,6.72933768993774],[-74.2182604988993,6.72933768904561],[-74.2182654881424,6.72933519555177],[-74.2182679818656,6.72932772042297],[-74.2182704719956,6.72931526276682],[-74.218275462137,6.72931277016502],[-74.2182929208945,6.72931027399467],[-74.2182954164144,6.72930778139283],[-74.218297908341,6.72930030715573],[-74.2183044965853,6.72929030820002],[-74.2183089468392,6.72929030552363],[-74.2183134015847,6.72929475009872],[-74.2183156294066,6.72930141874552],[-74.2183200841521,6.72930586510479],[-74.2183267613296,6.72931030789549],[-74.2183312151768,6.72931030700334],[-74.2183378896593,6.72931030521909],[-74.2183423426082,6.72930807936312],[-74.2183512476076,6.72931030075845],[-74.2183601517087,6.72931029897421],[-74.2183690522165,6.7293102954057],[-74.2183735051654,6.72930807044184],[-74.2183779554193,6.72930806954974],[-74.2183824083682,6.72930362408263],[-74.2183846299019,6.72929250818438],[-74.218395756435,6.7292836118971],[-74.2184046614344,6.72928805468799],[-74.2184180166877,6.72929249747885],[-74.2184224687383,6.72929027340705],[-74.2184313728394,6.72929027073069],[-74.2184380491186,6.72929249301824],[-74.2184425020674,6.72929249034185],[-74.2184536312955,6.7292902644858],[-74.2184580806511,6.72929026270154],[-74.2184625336,6.7292880377376],[-74.2184669820572,6.72928136819847],[-74.2184692071842,6.72927914234237],[-74.2184736583364,6.72927024962333],[-74.2184803319207,6.72926580147951],[-74.2184936880723,6.72925912837157],[-74.2184981356313,6.72925468201192],[-74.2185048137071,6.72925023297581],[-74.2185248497312,6.72926134352226],[-74.2185359816542,6.72927023178079],[-74.218544884857,6.72927245317632],[-74.2185493360092,6.72927245049993],[-74.2185537889581,6.72927244960783],[-74.218560464339,6.72927022464379],[-74.2185693684401,6.7292702219674],[-74.2185782707445,6.72926799700339],[-74.2185827245917,6.72926799611125],[-74.2185893999726,6.72926799343486],[-74.2185960762518,6.7292590998235],[-74.2185871685574,6.72924798660065],[-74.2185871676591,6.72924353934873],[-74.218591620608,6.72924131438456],[-74.2185960708619,6.72923909120468],[-74.2186005211158,6.72923908942042],[-74.2186049758613,6.72924353488809],[-74.2186094261152,6.72924353399598],[-74.2186227840635,6.72924352953534],[-74.2186272343174,6.7292435286432],[-74.2186383626471,6.72924574914671],[-74.2186494918752,6.7292457455782],[-74.2186561708493,6.72924351972194],[-74.2186628471285,6.72923907157788],[-74.2186672982808,6.72923907068574],[-74.2186717476364,6.72923684572156],[-74.2186762005852,6.72923684482945],[-74.2186828786611,6.72923462075739],[-74.2186917791689,6.72923239490105],[-74.2186962321177,6.72923239400894],[-74.2187051362188,6.72923239044043],[-74.2187095855744,6.72923016547622],[-74.2187162654469,6.72923238776405],[-74.2187251686497,6.72923238508765],[-74.2187362969794,6.72923015833922],[-74.2187452010805,6.72923015566282],[-74.2187585554355,6.72922792891435],[-74.2187652344097,6.7292279271301],[-74.2187719088922,6.7292279244537],[-74.2187763618411,6.7292256994895],[-74.2187874901708,6.72922347363311],[-74.2187963933736,6.72922347184886],[-74.2188008436275,6.72922124688463],[-74.2188119719573,6.72922124242399],[-74.2188164258045,6.72922124153184],[-74.2188253299056,6.7292212397476],[-74.2188275541342,6.72921901656762],[-74.2188320043881,6.72921679160334],[-74.2188364564387,6.72921234345899],[-74.2188431300229,6.7292078962068],[-74.2188498080987,6.72920567213459],[-74.2188542610476,6.72920344806238],[-74.2188609373268,6.72920344538602],[-74.2188653902756,6.72920122042167],[-74.2188698387329,6.72919899545732],[-74.2188742916818,6.72919677049297],[-74.2188765168087,6.72919677049297],[-74.2188809661643,6.72919232234845],[-74.2188854191132,6.72919010006045],[-74.2188898693671,6.72918787509604],[-74.2188965456463,6.72918120287917],[-74.2189054470525,6.72917230837409],[-74.2189076712811,6.72916786112149],[-74.2189165735856,6.72916785755299],[-74.2189210256361,6.72917230391345],[-74.2189277046103,6.72917674848964],[-74.2189343835844,6.72917452352518],[-74.2189455146091,6.72918118860513],[-74.21895218999,6.72918341000107],[-74.2189655470399,6.72917896007218],[-74.2189677712686,6.72917451371178],[-74.2189922548516,6.72917895204304],[-74.2190011580544,6.72917672797071],[-74.2190078361302,6.7291722789339],[-74.219018961765,6.72916116035627],[-74.2190456713734,6.72915448278628],[-74.2190501189323,6.72915003464137],[-74.2190612463638,6.72914114013575],[-74.2190679244396,6.72913891338686],[-74.2190812760997,6.72913224206144],[-74.2191079866063,6.72912778767146],[-74.2191213391647,6.72912333684996],[-74.2191257930119,6.72912333506567],[-74.2191369231383,6.72912555556973],[-74.2191525026202,6.72912777518167],[-74.2191680856955,6.72913221708186],[-74.2191747619746,6.7291322144055],[-74.2191814391522,6.72912998944082],[-74.2191881181263,6.72912998765657],[-74.2191947926089,6.72912776269188],[-74.219201471583,6.72912998408806],[-74.2192059218369,6.72912998319593],[-74.2192170555566,6.72913220280786],[-74.2192281856829,6.72913664381589],[-74.219239314911,6.72913664113949],[-74.2192459911902,6.72913886253563],[-74.2192571240115,6.72914108303963],[-74.2192615742654,6.72914108214748],[-74.219266023621,6.72913885718285],[-74.2192727016968,6.72913663043398],[-74.2192860560518,6.72913662686545],[-74.2192882820771,6.72913218139681],[-74.2192927314327,6.72912551096339],[-74.2192971843816,6.72912328599869],[-74.2193016328389,6.72912106192611],[-74.2193127602703,6.72911438970832],[-74.2193216643714,6.72911216385142],[-74.2193305693708,6.72911660753604],[-74.2193350187264,6.72911660664393],[-74.2193416977005,6.72911882714801],[-74.2193506026999,6.7291210476521],[-74.2193595059027,6.72911882179523],[-74.2193706324358,6.72910770143212],[-74.2193750817914,6.72910547914373],[-74.2193862110195,6.72910547468312],[-74.2193906639684,6.72910325150257],[-74.2193973393492,6.72910324971832],[-74.2194040147301,6.72909435342756],[-74.2194084667807,6.72908768477791],[-74.2194151403649,6.72907878848687],[-74.2194195906188,6.72907434301766],[-74.2194218157458,6.72907211894485],[-74.2194329422789,6.72906322176141],[-74.2194373916345,6.72906099768857],[-74.2194507468878,6.72905432457782],[-74.2194574195738,6.72904543096252],[-74.2194574186754,6.7290409846009],[-74.2194596447007,6.72903209098539],[-74.2194685470052,6.7290276428394],[-74.2194774457164,6.72902319380121],[-74.2194863498175,6.72902319112482],[-74.2194930278933,6.72902096615965],[-74.2194997068674,6.72902096348329],[-74.2195063822483,6.729018737626],[-74.2195130603241,6.72901651355291],[-74.2195175087814,6.72901206719102],[-74.2195241868572,6.72900984222579],[-74.219535315187,6.7290076145842],[-74.2195419941611,6.72900761279994],[-74.2195486686437,6.72900538694259],[-74.2195531215926,6.72900538605045],[-74.2195575727448,6.72900538515834],[-74.2195620247953,6.72900316108519],[-74.2195664750492,6.72900093701207],[-74.2195709270998,6.72899648886578],[-74.2195753773537,6.72899648797364],[-74.2195842823531,6.72900093165932],[-74.219588732607,6.72900315305604],[-74.2195954133778,6.72900537356065],[-74.2195976376064,6.72900759674165],[-74.2196043165806,6.72900759495739],[-74.2196132206817,6.7290075913889],[-74.2196221220878,6.72899647459173],[-74.2196265714434,6.72899202555329],[-74.2196310243923,6.72898980058796],[-74.2196354728496,6.72898757740692],[-74.2196443760524,6.72898313015262],[-74.2196555052804,6.72898312569197],[-74.2196599582293,6.72898312479986],[-74.2196688596354,6.72898756848562],[-74.2196777673298,6.72899645764134],[-74.2196844463039,6.72900090311122],[-74.2196888983545,6.72900312361584],[-74.2197044787348,6.72900089686636],[-74.2197111577089,6.72900089508211],[-74.2197178330898,6.72900089240571],[-74.2197245120639,6.72900089062147],[-74.2197311910381,6.7290008888372],[-74.219735641292,6.72900088794507],[-74.2197445453931,6.72900088437657],[-74.2197489947487,6.72900088348442],[-74.2197534476975,6.72899865941128],[-74.2197601212818,6.72899198719182],[-74.2197645742307,6.72898976311865],[-74.2197757007637,6.72898309089902],[-74.2197846039665,6.72897864186043],[-74.2197890542204,6.72897864096834],[-74.2197979583215,6.7289764142187],[-74.2198046346007,6.7289764115423],[-74.219809085753,6.72897418746906],[-74.2198246679299,6.72897418300841],[-74.2198291172855,6.72897195982729],[-74.2198402456152,6.72896973396974],[-74.219846923691,6.72896750900436],[-74.2198536017669,6.72896528314679],[-74.2198558259955,6.72896083589229],[-74.2198580493259,6.72895416634868],[-74.2198580466309,6.72894749591283],[-74.2198624986815,6.72894304955031],[-74.2198669480371,6.72893860140346],[-74.2198758512398,6.72893637554579],[-74.2198803023921,6.7289385987271],[-74.2198847571375,6.72894082101627],[-74.2199003384162,6.72894970749644],[-74.219904791365,6.72894525845755],[-74.2199092398223,6.72894303616841],[-74.2199114631526,6.72893414165896],[-74.2199116311376,6.72892244408523],[-74.2199160813915,6.72892244319312],[-74.2199227603657,6.72892021644323],[-74.2199272070263,6.72891132282551],[-74.2199316581786,6.72890242920763],[-74.2199405595847,6.72889575698681],[-74.2199427847116,6.72889353469744],[-74.2199494618891,6.72888908565803],[-74.2199539121431,6.72888686069224],[-74.21996949432,6.72888463305009],[-74.2199761697009,6.72888907762889],[-74.2199806244464,6.72888907673678],[-74.2199850747003,6.72889129902616],[-74.2199917545727,6.72889351953128],[-74.2199962039283,6.72889129545766],[-74.2200051071311,6.7288868455261],[-74.2200117834103,6.72888239648662],[-74.2200184578929,6.72887795101561],[-74.2200251359687,6.72887794833925],[-74.2200295898159,6.72888016973655],[-74.2200340409681,6.72888238934961],[-74.2200451701962,6.72888238667322],[-74.2200496195518,6.72888238578111],[-74.2200607523731,6.72888016081529],[-74.2200674268556,6.72887793584945],[-74.2200718789062,6.72887126362833],[-74.2200807776174,6.7288556995726],[-74.2200807758208,6.72884903181177],[-74.2200829991511,6.72884236048237],[-74.2200852215831,6.72883569093711],[-74.2200896709387,6.72882901960751],[-74.2200985723449,6.72882012509602],[-74.2201030252937,6.72881790102205],[-74.2201119275982,6.72881567516379],[-74.2201186029791,6.7288134501977],[-74.2201275070802,6.72881344662916],[-74.2201341842577,6.72881122166307],[-74.2201408632318,6.72881121987881],[-74.2201497637396,6.72880899402052],[-74.2201542157902,6.72880899134416],[-74.2201586669424,6.72880899045201],[-74.2201631198913,6.72880898955991],[-74.2201675701452,6.728806766378],[-74.2201720230941,6.72880454319609],[-74.2201786966783,6.72880009415587],[-74.2201853738558,6.7287956451156],[-74.2201942770586,6.72879119696744],[-74.2202009551344,6.72878674881924],[-74.2202054026934,6.72878230067097],[-74.2202098529473,6.72878007570472],[-74.2202143049979,6.72877562844853],[-74.2202187552518,6.72877340437436],[-74.2202343347337,6.72876450718541],[-74.2202499097241,6.72875116363206],[-74.2202543617747,6.72874894044989],[-74.2202610371556,6.72874449140917],[-74.2202654892061,6.72874226733486],[-74.2202699385617,6.7287378191862],[-74.2202766148409,6.72873114874738],[-74.2202855171454,6.72872447563209],[-74.2202899673993,6.72872225066554],[-74.2203010939324,6.72871557933442],[-74.2203077693133,6.72870446163843],[-74.2203099917453,6.72869779209129],[-74.2203122186689,6.72868889846949],[-74.2203144419992,6.72868222892213],[-74.2203211137868,6.72867333440796],[-74.2203277918626,6.72866888536653],[-74.2203433713446,6.72865776588522],[-74.2203478207002,6.72865554181052],[-74.220354498776,6.72865331684368],[-74.2203589481316,6.72864886780208],[-74.2203634019788,6.72864886690993],[-74.2203678522327,6.72865108920042],[-74.2203723060799,6.72865331059879],[-74.2203767590288,6.72865998014655],[-74.2203834397995,6.72867109338287],[-74.2203856676215,6.72868220751107],[-74.2203967968495,6.72867998076007],[-74.2204012480017,6.72868220305046],[-74.2204057009506,6.72868220215831],[-74.2204235091528,6.72868219680555],[-74.2204301836354,6.72867997094667],[-74.2204368590162,6.72866663095951],[-74.2204368581179,6.72866440688485],[-74.2204435343971,6.72865551415455],[-74.2204457577274,6.72865106600511],[-74.2204502061847,6.72864439556512],[-74.220454657337,6.72863550194231],[-74.2204591057942,6.72862883150211],[-74.2204635587431,6.72862660742727],[-74.2204657820734,6.7286199369869],[-74.2204746861745,6.7286199334184],[-74.2204835893773,6.72861770934352],[-74.2204880378346,6.72861326119374],[-74.2204924871902,6.72860881393601],[-74.2204991643677,6.72860214260329],[-74.2205080657739,6.72859769356122],[-74.2205102900025,6.72859324719551],[-74.2205280946114,6.72858657318618],[-74.2205325457637,6.72858657050978],[-74.2205414480681,6.72858212235971],[-74.2205458992204,6.72857545191877],[-74.2205481216524,6.72856655918685],[-74.2205503449827,6.72855988874569],[-74.2205547979316,6.72855544059533],[-74.2205592463889,6.72854877015404],[-74.2205636939478,6.72854209971262],[-74.2205748240742,6.72853320251946],[-74.2205814976584,6.7285309793363],[-74.2205859524039,6.72852875436889],[-74.2205903999629,6.7285243071104],[-74.2205948538101,6.72852208214294],[-74.2205993031657,6.72851985806761],[-74.2206082063685,6.72851540991692],[-74.2206215571302,6.72850651272326],[-74.220628235206,6.72850428686359],[-74.2206415886627,6.72850206100394],[-74.2206482667386,6.7285042806187],[-74.2206638480172,6.72850872341672],[-74.2206772050671,6.72850871984822],[-74.220681655321,6.72850649488068],[-74.2206861091682,6.72850649398857],[-74.2206905567272,6.72849982354657],[-74.2206972339047,6.72849537450359],[-74.2207016841586,6.7284953727193],[-74.2207061380058,6.72849537182719],[-74.2207128151833,6.72849981640955],[-74.2207172690305,6.72850203870072],[-74.2207283991569,6.72850425742337],[-74.2207373032579,6.72850425474697],[-74.2207439768422,6.7285020315637],[-74.2207484306894,6.72850202977946],[-74.2207595590191,6.72849757984432],[-74.2207684640185,6.72850424582571],[-74.2207729160691,6.72850869219224],[-74.2207781361792,6.72849415585652],[-74.2207882296497,6.72848562086652],[-74.2207967663399,6.7284763115091],[-74.220800755758,6.72846464604097],[-74.2208094891792,6.72845882668871],[-74.2208153129572,6.72845591567438],[-74.2208211403285,6.72845300465999],[-74.2208269641065,6.72845009542988],[-74.2208502583201,6.72844136238662],[-74.2208560820981,6.72843845048003],[-74.2208648191125,6.72843263201961],[-74.2208793817016,6.72843262666685],[-74.220899766272,6.72842680285355],[-74.2209085023882,6.72842680017715],[-74.2209259737221,6.72841515968741],[-74.2209317992967,6.72841224956497],[-74.2209434441578,6.72840352098169],[-74.2209638287282,6.72839478793759],[-74.2209813009605,6.72838896501599],[-74.2210046023606,6.72839186710942],[-74.2210104279352,6.72839768289397],[-74.2210162526116,6.72839768110971],[-74.2210220763895,6.72839477098713],[-74.2210337248438,6.72839476741862],[-74.2210453732981,6.72839185461965],[-74.2210511988727,6.72838603705077],[-74.2210599340905,6.72838603348226],[-74.2210744930864,6.72837439388364],[-74.2210861406423,6.72837148197666],[-74.2211007014348,6.7283598414856],[-74.2211094375509,6.72835693047066],[-74.2211239983434,6.72834820099425],[-74.2211327317646,6.72834528908712],[-74.2211414696773,6.72834528641074],[-74.2211502048951,6.72833364770329],[-74.2211560277748,6.72832783013372],[-74.2211618497562,6.72832200899557],[-74.2211676717375,6.72831328041066],[-74.2211764096503,6.7283103711797],[-74.2211822334283,6.72830746016448],[-74.2211997038639,6.72829872801077],[-74.2212055258453,6.72829290776442],[-74.2212113496233,6.72828999853331],[-74.221222993586,6.72827545059337],[-74.2212259068224,6.72826963302314],[-74.2212346429386,6.72826381277639],[-74.2212407820252,6.72825778198727],[-74.2212579353556,6.72824635203583],[-74.2212637582353,6.72824053268095],[-74.2212695820132,6.72823762255742],[-74.2212783190277,6.72823180320245],[-74.2212841410091,6.7282259838474],[-74.2212899638887,6.72822307283166],[-74.2212957876667,6.72822016181588],[-74.2213045228845,6.72821143233704],[-74.2213103466625,6.72820852221333],[-74.2213161704405,6.728202702858],[-74.2213278170982,6.72819688261047],[-74.221348199872,6.7281852412231],[-74.2213569368864,6.72817942097534],[-74.2213656739009,6.72817650995934],[-74.2213744073221,6.72817068881937],[-74.221386057573,6.72816486767934],[-74.221397705129,6.72815904743138],[-74.2214035289069,6.72815613641521],[-74.2214122659214,6.72815322450691],[-74.2214210002409,6.72814740515097],[-74.2214268231206,6.72814449502686],[-74.2214413830147,6.72813867299437],[-74.221447207691,6.72813576287023],[-74.2214530278758,6.72812412504991],[-74.221458852552,6.72811539646144],[-74.2214617612969,6.72810666965708],[-74.2214675841766,6.72810085119265],[-74.2214734043613,6.7280863050313],[-74.2214821386808,6.72807757465791],[-74.221485051019,6.72806884785286],[-74.2214937826435,6.72806012015556],[-74.2214996064215,6.72805430079846],[-74.2215054293012,6.72804848054913],[-74.2215112557741,6.72804557042444],[-74.2215287262098,6.72803392992556],[-74.2215403710708,6.72802520044337],[-74.2215491089836,6.72802228853429],[-74.2215578433031,6.7280193766252],[-74.2215665794192,6.72801355637545],[-74.2215724031972,6.72801064535845],[-74.2215840498549,6.72800482600075],[-74.2215986106473,6.72799609473375],[-74.2216044344253,6.72799318371664],[-74.2216131714398,6.7279902726995],[-74.2216189934211,6.72798154410864],[-74.2216248163008,6.72797863487571],[-74.2216364620601,6.72796699615947],[-74.2216451972779,6.72795826667604],[-74.2216568439356,6.72794953719245],[-74.2216626668153,6.72794662706718],[-74.2216830531823,6.72794080414021],[-74.2216917901968,6.72794080057169],[-74.2217034377528,6.72793788777],[-74.2217121756655,6.7279349758604],[-74.2217296469995,6.72792915382538],[-74.2217383858106,6.72792915204113],[-74.2217471219267,6.72792042166492],[-74.2217558562462,6.72792041988065],[-74.2217675055988,6.72791459784548],[-74.2217791540531,6.72790877759453],[-74.2217937130489,6.72789713798447],[-74.2217995368269,6.72789422785891],[-74.2218053597066,6.72789131684115],[-74.2218111843829,6.72789131594905],[-74.221825744277,6.72788258468],[-74.2218315671567,6.72787676442866],[-74.2218402987813,6.72786512749425],[-74.2218490339991,6.7278534896674],[-74.2218548568787,6.72785057864944],[-74.2218635920966,6.72783894082229],[-74.221872329111,6.7278360298042],[-74.2218810616339,6.72783020866015],[-74.2218868836152,6.72782148095855],[-74.2218927073932,6.7278156624907],[-74.2218956197314,6.72781275236465],[-74.2219043558475,6.72780693300459],[-74.2219130910654,6.72780693122032],[-74.2219189148433,6.7278040184178],[-74.2219305659926,6.72780110739954],[-74.2219363888723,6.72779819638126],[-74.2219422126502,6.72779528536293],[-74.2219480364282,6.72778946778694],[-74.2219596803909,6.72777491893986],[-74.2219655032706,6.72776910047145],[-74.2219742393867,6.72776328111089],[-74.2219800613681,6.72775455073166],[-74.2219858851461,6.72775164149736],[-74.2219917071274,6.7277458203523],[-74.2219975327021,6.72774000277569],[-74.2220033546834,6.72773127507247],[-74.2220091766648,6.72772254558481],[-74.2220208242207,6.7277167244394],[-74.2220237365589,6.72771381609698],[-74.2220208170342,6.72769345502327],[-74.2220179011028,6.72768472910344],[-74.2220237275757,6.72768181897661],[-74.2220382829783,6.727670178469],[-74.2220441049597,6.7276614507645],[-74.2220499323309,6.72765854063749],[-74.2220557561089,6.72765853885324],[-74.2220644886318,6.72765271770707],[-74.2220790503225,6.72764689656083],[-74.222087787337,6.72764107541451],[-74.222093611115,6.72763816707165],[-74.2220994330963,6.72763234592523],[-74.2221081710091,6.72762943579808],[-74.2221139938887,6.72762652477874],[-74.2221227273099,6.72762070452433],[-74.2221372854074,6.72760324643701],[-74.2221372827125,6.72759451962344],[-74.2221489266752,6.72758288268227],[-74.2221518390133,6.72757415586834],[-74.2221605751295,6.72756542548573],[-74.2221663971108,6.72755960701482],[-74.2221722190922,6.72755378765174],[-74.2221809552083,6.727545059053],[-74.2221896868329,6.72753632956202],[-74.2221955106109,6.72753341854212],[-74.2222042458287,6.72752178070737],[-74.2222129828432,6.72751886879527],[-74.2222246286025,6.72751014019594],[-74.2222333647186,6.72750140981219],[-74.2222391875983,6.72749850057636],[-74.2222450113763,6.72748977197663],[-74.222250834256,6.72748686184863],[-74.2222566562373,6.72748104159251],[-74.2222624809136,6.72747813235657],[-74.2222741257747,6.72746940197225],[-74.2222886883637,6.72746357993166],[-74.2223090720358,6.72745484687067],[-74.2223148949155,6.72745193674246],[-74.2223207186935,6.7274490266142],[-74.2223265415732,6.7274461155938],[-74.2223323671478,6.72743738788528],[-74.2223381891291,6.72742866017659],[-74.2223410969757,6.72741993246777],[-74.2223440093139,6.72741120475877],[-74.2223498312952,6.72740538450178],[-74.2223585647164,6.72739083921172],[-74.2223614716647,6.7273792031578],[-74.2223702068825,6.72736756353506],[-74.2223760288639,6.72736174595395],[-74.22238476498,6.72735301645964],[-74.2223934957063,6.72734137862057],[-74.2224022318224,6.72733265001801],[-74.2224109688368,6.72732683065218],[-74.2224167917165,6.72732391873896],[-74.2224226163928,6.72732100771777],[-74.2224313489157,6.72731518835182],[-74.2224371726937,6.72730355051184],[-74.222442994675,6.72729482369289],[-74.2224546386377,6.72727736737811],[-74.2224662843971,6.72726863788229],[-74.2224779301564,6.72725699914908],[-74.2224954023887,6.72724244939392],[-74.2225041358099,6.72723953748018],[-74.2225128728244,6.72723371900535],[-74.2225332573948,6.72722498683237],[-74.2225507278304,6.72721916300459],[-74.2225565516084,6.72721625198283],[-74.2225623789797,6.72721334185317],[-74.2225682018593,6.72721043172348],[-74.2225769352805,6.72720461146407],[-74.2225885846331,6.72719588196695],[-74.2226060559671,6.7271871506854],[-74.2226147929815,6.72718132864146],[-74.2226235264027,6.72717551016595],[-74.2226351712638,6.72716677977617],[-74.2226439082782,6.72716095862411],[-74.2226497311579,6.72715514014838],[-74.2226613769172,6.72714931988828],[-74.2226730271682,6.72713768115219],[-74.2226788491495,6.72713185999977],[-74.2226846711309,6.72712604063153],[-74.2226963186868,6.72712022037113],[-74.2227050557013,6.72711730845662],[-74.2227196155954,6.72710857806582],[-74.2227254402717,6.72710857538942],[-74.2227312640497,6.72710566615124],[-74.2227341718963,6.7270969384366],[-74.2227574679065,6.72707947854618],[-74.2227662004294,6.72707074993895],[-74.2227791981533,6.72706804410637],[-74.2227821068982,6.72705931549891],[-74.2227908412177,6.7270476776528],[-74.2227995782321,6.72704185739142],[-74.2228024860787,6.72703313145992],[-74.2228112221948,6.72702730941411],[-74.2228228670559,6.72701567245938],[-74.2228286908339,6.72701276143635],[-74.2228374260517,6.72700403282793],[-74.222843248033,6.72699239587259],[-74.222849071811,6.72699239408834],[-74.2228548928941,6.72698075713273],[-74.2228607139771,6.726969121069],[-74.2228636236203,6.72695748411283],[-74.2228665341618,6.72695457487375],[-74.2228723552448,6.72694584537213],[-74.2228898292738,6.72693711497824],[-74.2228927380187,6.72693129649982],[-74.222913125284,6.72692838101567],[-74.2229306002113,6.7269254664236],[-74.2229480706469,6.72691964437654],[-74.2229538953232,6.72691673335294],[-74.2229597191012,6.72691382322151],[-74.2229684552173,6.72690800295853],[-74.2229830160098,6.72690218180336],[-74.2229917503293,6.72689926988755],[-74.2229975741073,6.72689635886386],[-74.2230033996819,6.72689053949282],[-74.2230092243582,6.72689053770855],[-74.2230121340014,6.72689053681642],[-74.2230121340014,6.72688762757693],[-74.2230208683209,6.72687308316352],[-74.2230208647276,6.72686435544471],[-74.2230237725742,6.7268585369654],[-74.2230266831157,6.72684399255111],[-74.2230266822174,6.7268410842035],[-74.2230325041988,6.72683235469984],[-74.2230325024021,6.72682653800443],[-74.2230324988089,6.72681781206903],[-74.2230324970123,6.7268090861335],[-74.2230295828775,6.72679745095775],[-74.2230266669461,6.72678872502183],[-74.2230266642511,6.72677999908577],[-74.2230324844358,6.72676545288488],[-74.2230383064172,6.72675672337985],[-74.2230470434316,6.72675381235532],[-74.223052868108,6.72675381057105],[-74.2230674280021,6.72674798941404],[-74.2230761623216,6.7267450774973],[-74.2230819887945,6.72674216736481],[-74.2230819869979,6.72673634977618],[-74.2230907186224,6.72672471281446],[-74.2231023652801,6.72671598152446],[-74.2231111022946,6.72671307049963],[-74.2231169251742,6.72670725201855],[-74.2231227498505,6.72670724934214],[-74.2231344009998,6.72670724577362],[-74.2231373097447,6.72669851894396],[-74.2231402193879,6.72668397452487],[-74.2231402166929,6.72667815604343],[-74.2231489501141,6.72666942653683],[-74.2231576871285,6.72666942475258],[-74.2231693355828,6.72666651283537],[-74.223172247921,6.72666069346157],[-74.2231780699024,6.72665487497984],[-74.223183892782,6.72664905560591],[-74.2231868042219,6.72664032788305],[-74.2231897138651,6.72663741864207],[-74.2231955367447,6.72663450761682],[-74.223201361421,6.72663159659155],[-74.2232130143669,6.72663450315615],[-74.2232217477881,6.72663159034662],[-74.2232363076822,6.72662285994704],[-74.2232421323585,6.72662285816279],[-74.2232537772196,6.72661122119836],[-74.2232596027942,6.72660540093175],[-74.2232683362154,6.72659958066512],[-74.2232741599934,6.7265966696396],[-74.223279982873,6.72659085115711],[-74.2232858102443,6.72658794102368],[-74.2232916331239,6.72658502910599],[-74.2232974560036,6.72657920973122],[-74.2232974533087,6.72656757544212],[-74.2233003602569,6.72655593847634],[-74.223306178645,6.72654139316087],[-74.2233090891865,6.72652975797873],[-74.2233090855933,6.72651812190418],[-74.2233178208111,6.72650648493722],[-74.2233236445891,6.72650357391119],[-74.2233411141264,6.72649193337534],[-74.2233469379044,6.72648902145708],[-74.2233585836638,6.72648029283923],[-74.223364411035,6.72647738270514],[-74.2233789664375,6.72646574306083],[-74.2233847848256,6.72644537836626],[-74.2233876953672,6.72643374318185],[-74.2233935155519,6.72642210710496],[-74.2233993366349,6.7264104701357],[-74.223419720307,6.72639882781337],[-74.2234255431867,6.72639301022066],[-74.2234313660664,6.72639009740965],[-74.2234371898444,6.72638718638291],[-74.2234430172156,6.72638718549077],[-74.2234517533318,6.72638718281439],[-74.2234604903462,6.72638718013799],[-74.2234721388005,6.72638426911124],[-74.2234808749166,6.7263784479498],[-74.2234896083378,6.72637262857253],[-74.2234954339125,6.72636680741095],[-74.2235099902133,6.72635516954822],[-74.2235158139913,6.72635516776396],[-74.2235245510058,6.72634934660217],[-74.2235303711905,6.72633480217263],[-74.2235303675972,6.72632607444417],[-74.2235420160515,6.72631152644541],[-74.2235478380329,6.7263027987165],[-74.2235507431845,6.72628534593459],[-74.2235536501328,6.72626207466564],[-74.2235623835539,6.72625916363814],[-74.2235740382964,6.72626497677183],[-74.2235856831575,6.72625624636568],[-74.2235973316118,6.72625333355389],[-74.223606065033,6.72623587898595],[-74.2236031464066,6.72622133633728],[-74.2236060578464,6.72621260860677],[-74.2236147849794,6.72618642809063],[-74.2236235219939,6.72618351617056],[-74.2236351686515,6.72617769411456],[-74.2236409924295,6.7261718747349],[-74.223643902971,6.72616314878778],[-74.2236613707117,6.72614569064807],[-74.223667195388,6.72614568886382],[-74.2236817516889,6.72612532237155],[-74.2236933956516,6.72611077436679],[-74.2236992221246,6.72610495587847],[-74.2237137784254,6.72609622457733],[-74.2237225136432,6.72608749595243],[-74.2237312497594,6.72607876643522],[-74.2237370726391,6.72607585540662],[-74.223748720195,6.7260700351336],[-74.2237545412781,6.7260583981559],[-74.2237603605645,6.72604385282554],[-74.2237661843425,6.72603803255212],[-74.2237749195603,6.7260322131708],[-74.2237807424399,6.72602348454476],[-74.2237836538798,6.72601766605539],[-74.2237894758612,6.72600893653694],[-74.2237952987408,6.7260031180474],[-74.2238011216205,6.72600020791047],[-74.2238185929544,6.72599147660743],[-74.2238360642884,6.72597401846157],[-74.2238535356224,6.7259711038638],[-74.2238593576037,6.72596237612877],[-74.2238710033631,6.72595073647211],[-74.2238850323529,6.72593777645858],[-74.2238954213691,6.72592479681775],[-74.2239032142542,6.72591700760567],[-74.2239110080376,6.7259040279643],[-74.2239162020966,6.72589883575082],[-74.2239265956044,6.72588844953938],[-74.2239317878668,6.72587806689629],[-74.2239291890407,6.72586768514506],[-74.2239239868968,6.72585730517789],[-74.2239239851002,6.72584952042541],[-74.2239213799859,6.72583394735153],[-74.2239187793631,6.72582356649153],[-74.2239239743204,6.72581577906209],[-74.2239369675527,6.72581577460145],[-74.2239525596111,6.72581577014078],[-74.2239577536701,6.72581057792631],[-74.2239629540172,6.72581576657226],[-74.223970748699,6.72581836000304],[-74.2239759427579,6.72580278603603],[-74.2239733394402,6.72578980906802],[-74.2239733367453,6.72578202163804],[-74.223973335847,6.72577942642278],[-74.2239811332236,6.72577163810052],[-74.2239941219643,6.72576384799387],[-74.2239993160233,6.725758656671],[-74.22401490898,6.72575865221033],[-74.2240253015895,6.7257586486418],[-74.2240305001401,6.72575345553462],[-74.2240382921268,6.72574566810408],[-74.2240434888808,6.72574047499676],[-74.2240486847364,6.72573268667388],[-74.2240512808675,6.72573268578172],[-74.2240590728543,6.72571451570423],[-74.2240642678116,6.72571191781221],[-74.2240668648411,6.72570413038101],[-74.2240694627689,6.72569893994962],[-74.2240668585529,6.72568596297883],[-74.2240720553068,6.72567817465508],[-74.2240824461197,6.72566519411518],[-74.2240876428736,6.72566259800718],[-74.2240902416997,6.72566000189914],[-74.224095436657,6.72565740579109],[-74.2241058256733,6.72564442435851],[-74.2241084200078,6.72562625516987],[-74.2241188081258,6.72560808419626],[-74.2241266019092,6.72559510365449],[-74.2241343947943,6.72558731443715],[-74.2241395906499,6.72558212222026],[-74.2241447856072,6.72557952611182],[-74.2241577779411,6.72556654556927],[-74.2241577752462,6.72555616381141],[-74.2241577743479,6.7255535677028],[-74.2241525731024,6.72554318772893],[-74.2241447748274,6.72554319040534],[-74.2241369792473,6.72554059697308],[-74.2241291863622,6.72554319486603],[-74.2241239860151,6.72553800443292],[-74.2241239824218,6.7255276235666],[-74.224118780278,6.72551464748335],[-74.2241239770319,6.72550945437355],[-74.2241317690187,6.7254990708302],[-74.2241369648743,6.72549128250345],[-74.2241447577594,6.72548608850126],[-74.2241577509916,6.72547570317316],[-74.2241707406307,6.72546791484602],[-74.2241785344141,6.72546012562662],[-74.2241915249514,6.72545233462283],[-74.2241993169382,6.72544714151237],[-74.2242071134165,6.72543935318478],[-74.2242149063016,6.72543416007419],[-74.2242201039538,6.72543156307281],[-74.2242252980128,6.72542896607141],[-74.224230495665,6.72542636817785],[-74.2242356942156,6.72542377206855],[-74.2242430002138,6.72542376850003],[-74.2242538833035,6.7254263610408],[-74.224266880129,6.72543933444999],[-74.2242772790267,6.72544711742478],[-74.2242876716362,6.72544451953132],[-74.2242980651441,6.72544192163786],[-74.224303261898,6.72543672852728],[-74.2243162497404,6.72541855576231],[-74.2243240408288,6.72540817221702],[-74.2243318364089,6.72539519166994],[-74.2243422254251,6.72538221112248],[-74.2243500156153,6.72537182846854],[-74.2243604064282,6.72535625270297],[-74.2243656022838,6.72534846437393],[-74.2243707963427,6.72533548560948],[-74.2243759886051,6.72532769817226],[-74.224381185359,6.72531731373289],[-74.2243863812146,6.72531212062097],[-74.224394174998,6.72530692840117],[-74.2244019660865,6.72529654396134],[-74.2244123577977,6.72528096819333],[-74.2244201497845,6.72527058553725],[-74.2244253474367,6.72526539242484],[-74.2244331367285,6.72524981754799],[-74.2244331358302,6.72524722143773],[-74.224440925122,6.72523164566815],[-74.2244487216004,6.72522645255533],[-74.2244539156594,6.72522385555284],[-74.2244591142099,6.72522125855033],[-74.2244721038489,6.72521087321653],[-74.2244799003273,6.72520308399303],[-74.2244850943862,6.72520048699043],[-74.2244954860974,6.72519529298512],[-74.2245006837497,6.72519269598247],[-74.2245058796053,6.7251849076508],[-74.2245136706937,6.72517192977414],[-74.2245188692443,6.72516933187921],[-74.2245266603328,6.72516154354717],[-74.2245344550144,6.72515894565219],[-74.2245396499717,6.7251485629935],[-74.2245422461029,6.7251381794424],[-74.2245474428568,6.72513298722074],[-74.2245578363647,6.72513038843348],[-74.224563031322,6.72513038664923],[-74.2245734257281,6.72512259653225],[-74.2245786188888,6.72511480909162],[-74.22458121502,6.72510442553984],[-74.2245890043118,6.72508885065778],[-74.2245890016168,6.72508106589302],[-74.2245889989219,6.7250706850169],[-74.2245941938792,6.72505770535292],[-74.2246071862131,6.72505510567312],[-74.2246149790982,6.72504991255841],[-74.2246253744027,6.72504212244019],[-74.2246461596217,6.7250369257568],[-74.224651357274,6.72503173264191],[-74.2246591438708,6.72500577598794],[-74.2246669376543,6.72499279543007],[-74.2246721308149,6.72498500977162],[-74.2246773275688,6.72498241187569],[-74.2246799237,6.72497203010535],[-74.2246851168607,6.72496424177014],[-74.2246903136146,6.72495904865446],[-74.2247007026308,6.72494347287564],[-74.224703298762,6.72493309021234],[-74.2247032960671,6.7249227075488],[-74.2246980957199,6.72491492278134],[-74.2247058904016,6.72490453922529],[-74.2247110853589,6.72490194222105],[-74.2247162821128,6.72489934521683],[-74.2247240758962,6.72489674642832],[-74.224726673824,6.72489415299261],[-74.2247318723746,6.72488895987618],[-74.2247370664335,6.72488636287188],[-74.2247422613908,6.72487597842307],[-74.2247448584203,6.72486559665047],[-74.2247500506827,6.72485780920567],[-74.2247604423939,6.72484223253147],[-74.2247656355545,6.7248370394145],[-74.2247708341051,6.72483184718961],[-74.2247734302362,6.72482405974428],[-74.2247760272657,6.72481627319097],[-74.2247760236725,6.72480589052494],[-74.2247838156592,6.72479810307921],[-74.2247890142098,6.72479550607443],[-74.2247968061966,6.7247877177364],[-74.2248020029505,6.72478252461884],[-74.2248071979078,6.72477992761394],[-74.2248149943861,6.72477473360418],[-74.2248227863729,6.72476694615793],[-74.2248279831268,6.72476175304013],[-74.2248331771858,6.72475915603517],[-74.224838374838,6.72475655903018],[-74.2248461668248,6.72474877069152],[-74.2248513662737,6.72474876890726],[-74.2248550727225,6.72473365167912],[-74.2248602703747,6.72472586334006],[-74.2248654662304,6.72472067111399],[-74.2248732591154,6.72471288188259],[-74.2248758570433,6.72471028576952],[-74.2248888466823,6.7246999004248],[-74.2249070330752,6.72469470373776],[-74.2249122307274,6.72469210584032],[-74.2249174283797,6.72468691361384],[-74.2249174283797,6.72468431750059],[-74.2249252176715,6.72467393393961],[-74.2249356093827,6.72466095515719],[-74.2249382046155,6.72465316770911],[-74.2249382028189,6.72464538204521],[-74.2249382010223,6.72464018981824],[-74.2249433977762,6.72463240147772],[-74.2249485909369,6.72462461402923],[-74.2249537867925,6.72461682568845],[-74.224964176707,6.72460644034174],[-74.2249667764315,6.72460384512021],[-74.2249719740837,6.72460124811438],[-74.2249771663461,6.72459345977324],[-74.2249875598539,6.72458307353391],[-74.2249901550867,6.72458047742009],[-74.224995352739,6.72457528608458],[-74.2249979506668,6.72457268997077],[-74.2250031447257,6.7245700938569],[-74.2250083432763,6.72456490073701],[-74.2250135400302,6.72456230373098],[-74.2250187331909,6.72455451538921],[-74.2250265296692,6.72455191838314],[-74.2250343225543,6.7245467243709],[-74.2250395202065,6.72454153214291],[-74.2250447133672,6.7245337438008],[-74.2250473121933,6.72453114768673],[-74.2250551050784,6.72452854978837],[-74.2250603018323,6.72452076144606],[-74.225065497688,6.72451297399574],[-74.225065494993,6.72450518743746],[-74.2250680920225,6.72449739998691],[-74.2250732842848,6.72448442119977],[-74.2250758786194,6.72447404120303],[-74.2250810762716,6.72446625285984],[-74.2250862703306,6.72446105973884],[-74.2251044621134,6.72446364871622],[-74.2251096561724,6.72445845648731],[-74.2251226458114,6.72444807113723],[-74.2251252446375,6.72444806935297],[-74.2251278443619,6.72444806846082],[-74.2251304422897,6.72444547413059],[-74.2251382351748,6.72443768489479],[-74.2251460307548,6.72443249088137],[-74.2251512239155,6.72442729776002],[-74.2251590185972,6.72441431897097],[-74.2251642117579,6.72440912584941],[-74.2251668069907,6.72439614795206],[-74.225172004643,6.72439095483032],[-74.2251771978036,6.72438576260063],[-74.2251797948331,6.72438057037091],[-74.2251875913115,6.7243727838105],[-74.2252083756322,6.72436499100501],[-74.2252213679661,6.72435979609865],[-74.2252317596774,6.7243546020844],[-74.2252369582279,6.72435200507722],[-74.2252421549818,6.724346811955],[-74.2252473490408,6.72434421583996],[-74.2252551446208,6.72433902182551],[-74.2252629393026,6.72433642392612],[-74.2252707321876,6.72433123080373],[-74.2252785277677,6.72432603678918],[-74.2252837218267,6.72432084366668],[-74.2252941171311,6.72431305442888],[-74.2253097037996,6.72429747684511],[-74.2253174948881,6.72428709238372],[-74.2253226934386,6.72428190193723],[-74.2253278848026,6.72427411359096],[-74.2253304800355,6.7242585404666],[-74.2253356767894,6.72425334734338],[-74.2253408690517,6.72424296466531],[-74.225346064009,6.7242325810949],[-74.2253486628352,6.72422998497922],[-74.2253538533009,6.72421441006917],[-74.2253590482582,6.72420143038231],[-74.2253642432155,6.7241988324822],[-74.2253746367233,6.72418844891085],[-74.2253798298839,6.72418325757115],[-74.2253876263623,6.72418065967094],[-74.2253954201457,6.72417546565477],[-74.2254032166241,6.72417286864667],[-74.2254136092336,6.72416767463037],[-74.2254188032925,6.72416507762223],[-74.225429198597,6.72415988271374],[-74.2254395876133,6.72414690302544],[-74.2254447807739,6.72413651856082],[-74.225444778079,6.72412613677241],[-74.2254473751085,6.72411835020792],[-74.2254551697902,6.72411056096688],[-74.2254603647475,6.72410796395844],[-74.2254681603275,6.72410017471722],[-74.2254759541109,6.7240975768166],[-74.225483749691,6.72409238369166],[-74.2254915425761,6.72408978757523],[-74.2254967411266,6.7240845944502],[-74.2255045331134,6.72407940221728],[-74.225509728969,6.72406901775123],[-74.2255123224052,6.72405863596137],[-74.2255149176381,6.72404825149487],[-74.225520114392,6.72404046403698],[-74.225525305756,6.72403008046225],[-74.2255279027855,6.72402229389622],[-74.225533101336,6.72401969599515],[-74.2255408924245,6.72401190675256],[-74.2255460891784,6.72400411840197],[-74.2255460882801,6.72400152406933],[-74.2255460846868,6.7239911440623],[-74.2255538775719,6.72398595004411],[-74.225561673152,6.72397556557606],[-74.2255720630665,6.72396518110779],[-74.2255876542266,6.72395739008003],[-74.2255928446923,6.72394700561137],[-74.2256110283903,6.72391845010572],[-74.2256162233476,6.72390806652838],[-74.2256214174066,6.72390287340142],[-74.2256318109144,6.72389248982374],[-74.2256396037995,6.72388470057908],[-74.2256421999306,6.72387691401072],[-74.2256473930913,6.72386912565796],[-74.225655187773,6.72386133641293],[-74.2256629806581,6.72385354895208],[-74.2256681774121,6.72384576059894],[-74.2256759693988,6.72383797135354],[-74.2256811652544,6.72383018389229],[-74.2256863629067,6.72382758599021],[-74.2256993552406,6.72382239197024],[-74.2257045466046,6.72381460361662],[-74.225712340388,6.72379902958536],[-74.2257175326504,6.72379124212351],[-74.2257201296799,6.72378345376939],[-74.2257305213911,6.72377566452298],[-74.225735718145,6.72376787706075],[-74.2257435083352,6.72375749258805],[-74.2257487059874,6.72375229945947],[-74.2257538982497,6.72374191587858],[-74.2257590950036,6.72373672364195],[-74.2257642908592,6.72373153051317],[-74.2257746843671,6.72372633649219],[-74.2257850742817,6.7237159520186],[-74.2257954641962,6.72370297321058],[-74.2258006609502,6.72369778008143],[-74.2258058577041,6.72369258695221],[-74.2258110526614,6.72368999083364],[-74.2258162476186,6.7236822024779],[-74.2258240423004,6.72367700845641],[-74.2258318369821,6.72366922010041],[-74.2258370301427,6.72366143174433],[-74.2258448248245,6.72365364249599],[-74.2258500188834,6.72364845115059],[-74.2258552129424,6.72363547144862],[-74.2258630049292,6.72362508697308],[-74.2258630031326,6.72361730040056],[-74.225865600162,6.72360951561218],[-74.225870796916,6.7236069177089],[-74.22587598828,6.72359134277889],[-74.225875985585,6.72358355709798],[-74.225881179644,6.72357317351348],[-74.2258863781946,6.72356798038294],[-74.2258941701813,6.72356019202523],[-74.2259045618925,6.72355240277524],[-74.2259123583709,6.72354720875237],[-74.2259175524299,6.72354461174087],[-74.2259253471116,6.72353422637127],[-74.2259331390984,6.72352903502459],[-74.2259357379245,6.72352643801303],[-74.2259409337801,6.72352124577414],[-74.2259467027609,6.7235194525782],[-74.2259518959215,6.72351425944708],[-74.2259518932266,6.7235064737649],[-74.2259570881838,6.72349089883167],[-74.2259570845906,6.72348311314916],[-74.2259622822428,6.72347792180192],[-74.2259648792723,6.72347013344276],[-74.2259726685641,6.72345715373604],[-74.225977865318,6.72344677014884],[-74.2259830575804,6.72343898178919],[-74.2259856537116,6.7234311952137],[-74.2259908495672,6.72342081162594],[-74.2259986406556,6.72341042714582],[-74.2260038383078,6.72340523490565],[-74.2260116302946,6.72339744565321],[-74.2260194231797,6.72339225252079],[-74.2260246199336,6.72338705938832],[-74.2260350134415,6.72338186714792],[-74.2260402092971,6.72337667490747],[-74.2260454051527,6.72336629042641],[-74.2260505983133,6.72336109818581],[-74.2260557950673,6.72335330982478],[-74.2260635852574,6.72334292712749],[-74.2260687820113,6.72333513876618],[-74.2260765739981,6.72332734951259],[-74.226081770752,6.72332215637942],[-74.2260895618405,6.72331177278933],[-74.2260973556239,6.72329879307838],[-74.2260999499584,6.72329100560851],[-74.2261051467123,6.72328581515135],[-74.2261129369025,6.72327542977622],[-74.2261207342791,6.72326764052167],[-74.2261259292364,6.7232598530513],[-74.2261337203249,6.72324687244681],[-74.2261441102395,6.72323389273412],[-74.2261570998785,6.72322350646575],[-74.2261622957341,6.72321571899464],[-74.2261674888947,6.72321052586029],[-74.2261700877208,6.72320792973914],[-74.2261778833009,6.72320014048354],[-74.2261804776354,6.72319494913329],[-74.226198665825,6.72318456375623],[-74.2262038643755,6.72318196585067],[-74.2262116563623,6.72317158136544],[-74.2262168531162,6.72316898345982],[-74.226219451044,6.72316379300138],[-74.226229839162,6.72314562104356],[-74.2262350323226,6.72313783267909],[-74.226242826106,6.72312744908503],[-74.2262506171945,6.72311706370652],[-74.2262532160206,6.72311446758488],[-74.2262610080074,6.72310408399037],[-74.226266203863,6.72309889085482],[-74.2262688008925,6.72309110605814],[-74.2262687981975,6.72308072335527],[-74.2262635942571,6.72306515197694],[-74.2262635897655,6.7230521749358],[-74.2262583939099,6.72304439013837],[-74.2262609873462,6.72303660266442],[-74.2262661796085,6.72302102771612],[-74.2262713763624,6.72301064411962],[-74.2262713745658,6.72300804888951],[-74.2262713736675,6.72300285753725],[-74.2262765641332,6.72298987960231],[-74.2262843606115,6.72298468646554],[-74.2262895537722,6.72297949511298],[-74.2262947532211,6.72297689809848],[-74.2263077392668,6.7229561300112],[-74.2263025362247,6.72294315385929],[-74.2263025317331,6.72292758069228],[-74.2263051278643,6.72291719709377],[-74.2263077221988,6.7228990295874],[-74.2263129162578,6.72288605075757],[-74.226315509694,6.7228782641732],[-74.2263259032018,6.72286787789721],[-74.2263414853788,6.72284451368219],[-74.2263492782638,6.72282893872774],[-74.2263544741194,6.72281855601925],[-74.2263648604408,6.72279519358615],[-74.2263700527031,6.72278740610817],[-74.2263752512536,6.72278480998478],[-74.2263830441387,6.7227796159537],[-74.2264012332266,6.7227718240148],[-74.2264064308789,6.72276922699916],[-74.2264194232128,6.722766626415],[-74.2264272160979,6.72276402939936],[-74.2264376078091,6.72275624013662],[-74.2264505992447,6.72274844998163],[-74.2264609936509,6.72274325505801],[-74.2264713862604,6.72273546579493],[-74.2264765803194,6.72273027265544],[-74.2264817716834,6.72271210246569],[-74.2264817698868,6.72270431766282],[-74.2264843642213,6.72268614836425],[-74.2264921553098,6.72267576386843],[-74.2265051440505,6.72266537758812],[-74.226510342601,6.72266537669596],[-74.2265155411516,6.72266537491168],[-74.2265363236757,6.72264720115097],[-74.2265441129675,6.72263162440592],[-74.2265493088231,6.7226212416932],[-74.2265596978394,6.72260566673161],[-74.2265700859573,6.72259009087734],[-74.226583074698,6.72257451413047],[-74.2265934691042,6.72256412874014],[-74.2266012610909,6.72255893470667],[-74.2266090575693,6.72255374156529],[-74.2266141222708,6.72255120878251],[-74.2266376356734,6.72254075558913],[-74.2266454321518,6.72253556244756],[-74.2266584217908,6.72252517705636],[-74.2266688144003,6.72252257736302],[-74.2266792061115,6.72251478988071],[-74.2266844019671,6.72250700150614],[-74.22669479278,6.72249661611433],[-74.2266999886356,6.72248882773945],[-74.2267051826946,6.72248623161449],[-74.2267129791729,6.7224784423473],[-74.2267155753041,6.72247065575641],[-74.2267207675664,6.72246286648896],[-74.2267233645959,6.72245507989783],[-74.2267285613498,6.72244729152228],[-74.2267337563071,6.72244469450495],[-74.2267415509888,6.72243690612924],[-74.2267493438739,6.72243171209443],[-74.2267545397295,6.72242392371849],[-74.2267597337885,6.72241873235997],[-74.2267607542747,6.72240868597924],[-74.2267659501303,6.72240089760294],[-74.2267711423926,6.72239311011868],[-74.2267737403204,6.72238532174214],[-74.2267763373499,6.72237753336549],[-74.2267789352777,6.72237234289857],[-74.2267867263662,6.72236455362958],[-74.2267919240184,6.72235936137825],[-74.2267971162807,6.72235416912689],[-74.2268049118608,6.72234378462398],[-74.2268101041231,6.72233599713881],[-74.2268178988048,6.72232561174336],[-74.2268230919655,6.72232041949164],[-74.2268282896177,6.72231782336574],[-74.2268386822273,6.72231263022179],[-74.2268464778073,6.72230484095184],[-74.2268516718663,6.7223022439337],[-74.2268646624036,6.72229185764544],[-74.2268698582592,6.72228666539333],[-74.2268776520426,6.72228147135692],[-74.2268828469999,6.72227368387072],[-74.2268880446521,6.72226849072629],[-74.2268932387111,6.72226329758181],[-74.2268984336684,6.72225551009535],[-74.2269062247569,6.7222425303562],[-74.2269088217863,6.72223474376152],[-74.2269192125992,6.72222435747178],[-74.2269270081793,6.72221657087683],[-74.2269425957461,6.72220618369457],[-74.2269555853851,6.72219060693536],[-74.2269607776474,6.72218281855558],[-74.2269659752997,6.72217762541019],[-74.2269763661125,6.7221698370302],[-74.2269815628665,6.72216464477682],[-74.2269893539549,6.72215166503523],[-74.2269971441451,6.72213868440114],[-74.2269997411746,6.7221308978048],[-74.2270049343352,6.7221127284848],[-74.2270075295681,6.72210234576102],[-74.227012723627,6.72209974874183],[-74.2270179230759,6.72209974695755],[-74.227033514236,6.72209714636977],[-74.2270387091933,6.72209714547765],[-74.2270465065699,6.72209714280122],[-74.2270568982811,6.7220867574007],[-74.2270620950351,6.72208156603854],[-74.227067289094,6.72207896901925],[-74.2270724849496,6.72207118063768],[-74.227080278733,6.72206858183403],[-74.2270906740375,6.72206079256017],[-74.2270958671982,6.72205559941346],[-74.2271010639521,6.722050408051],[-74.227111454765,6.72204261788469],[-74.2271140517945,6.72203483039466],[-74.2271166497223,6.72202964081625],[-74.2271218410863,6.72201666196321],[-74.2271244372174,6.72200627745307],[-74.2271244354208,6.72199849174678],[-74.227127031552,6.7219907051482],[-74.2271322238143,6.72198032152967],[-74.2271374196699,6.72197253403866],[-74.2271608028168,6.72196214417476],[-74.2271737942524,6.72195435400705],[-74.2271789919047,6.72195175698707],[-74.2272049747759,6.72194136533841],[-74.2272127658644,6.72193357873892],[-74.2272283543295,6.72191800197102],[-74.2272387433458,6.72189204247431],[-74.2272413358837,6.72188166063796],[-74.2272491287688,6.72186608476054],[-74.2272543219294,6.72185829637552],[-74.2272621157128,6.72184791275417],[-74.2272699068013,6.72183493389629],[-74.2272751035552,6.72183233776779],[-74.2272828946437,6.72181935712522],[-74.2272958815877,6.72179858898847],[-74.2273036771678,6.72179080060241],[-74.227314066184,6.72177782085083],[-74.2273192638363,6.72177262770112],[-74.2273244569969,6.72176743455133],[-74.227332252577,6.72176224050934],[-74.2273374466359,6.72175704914373],[-74.227345242216,6.72174926075701],[-74.2273530342027,6.72174147237016],[-74.2273582309567,6.72173628100432],[-74.2273660229434,6.72172849083298],[-74.2273686208713,6.72172329946702],[-74.2273738140319,6.72171810720887],[-74.2273790107858,6.72171031882152],[-74.2273868018743,6.72170252954189],[-74.2273919986282,6.72169474204645],[-74.2273971953821,6.72168695365873],[-74.2273997924116,6.72167916705516],[-74.2274075843984,6.72167137777503],[-74.2274101814279,6.72166618551633],[-74.2274179734146,6.72165580189084],[-74.2274283633292,6.72164541737304],[-74.2274309603587,6.72163503463927],[-74.2274387550404,6.72162724535844],[-74.2274465479255,6.72162205309926],[-74.2274517437811,6.72161426471038],[-74.2274621363906,6.72161166590427],[-74.2274725290002,6.72160647186066],[-74.227475126928,6.72160387573094],[-74.2274803236819,6.72159608734176],[-74.2274855159442,6.72158829984463],[-74.2274933088293,6.72157272395776],[-74.2274985010916,6.72156493556809],[-74.2275036987439,6.72155974420038],[-74.2275088928028,6.72155455104831],[-74.2275166865863,6.72154416742048],[-74.2275218824419,6.72154157039831],[-74.2275296771236,6.72153378200814],[-74.2275348711826,6.72152858974793],[-74.2275400661398,6.72151820611953],[-74.2275452619955,6.72151041772898],[-74.2275504542578,6.72150262933831],[-74.2275556510117,6.72149484183964],[-74.2275582480412,6.72148705434086],[-74.2275634421002,6.72148445642624],[-74.2275712376802,6.72147666803515],[-74.227579029667,6.72147147488221],[-74.2275842282175,6.72146887785966],[-74.2275894213782,6.72146368559876],[-74.2275946190304,6.721461087684],[-74.2275998157843,6.72145589542305],[-74.2276076077711,6.72144551268524],[-74.227617998584,6.7214377234014],[-74.2276283893969,6.72141695614048],[-74.2276387784132,6.72140137935601],[-74.2276439706755,6.72139359185574],[-74.2276465668067,6.72138061387784],[-74.2276491629379,6.72137282548509],[-74.2276491602429,6.72136503976862],[-74.2276465587218,6.7213546597053],[-74.2276491557513,6.7213494674432],[-74.2276543507086,6.7213390847031],[-74.2276595438693,6.72132870196279],[-74.2276647406232,6.72132610404735],[-74.2276699337839,6.72131831565369],[-74.2276829234229,6.72130533410522],[-74.2276855186557,6.72129495136423],[-74.2276907154096,6.72128716386222],[-74.2276985073964,6.72127937457584],[-74.2277063029764,6.72127418052864],[-74.2277218950348,6.72127417696007],[-74.2277270908904,6.72127676952295],[-74.2277322903393,6.72127676863083],[-74.2277504776305,6.72127935851728],[-74.2277582777022,6.7212819519723],[-74.22776867121,6.72128194840374],[-74.2277738688622,6.72128194661945],[-74.2277790638195,6.72127934959585],[-74.2277842623701,6.72127675257227],[-74.2277946513863,6.7212611775676],[-74.2278024451697,6.72125079393349],[-74.2278076374321,6.72124040940701],[-74.2278128332877,6.72123262190414],[-74.2278180273466,6.72122742874859],[-74.2278232232022,6.72121964035338],[-74.2278258202317,6.72121444987414],[-74.2278336113202,6.72120147010717],[-74.2278474732233,6.72119397254969],[-74.2278708581668,6.7211887740409],[-74.2278864493269,6.72118617344824],[-74.227894242212,6.72118098118435],[-74.2278994380676,6.72117578892037],[-74.2279150220411,6.72114723235977],[-74.2279202161001,6.72114204009547],[-74.2279254110574,6.72113425348317],[-74.227930604218,6.72112386984637],[-74.2279357991753,6.72111348710144],[-74.2279435938571,6.7211031016799],[-74.2279461872933,6.72109531506699],[-74.2279513831489,6.72108752666967],[-74.2279539810767,6.72108233618897],[-74.2279513759624,6.72106676296234],[-74.2279591652542,6.72104599657774],[-74.2279643611098,6.72104080342019],[-74.2279721548932,6.72103561204691],[-74.2279825492993,6.72102782275647],[-74.2279877415617,6.72102003435806],[-74.2279903376929,6.7210096507188],[-74.2279955326502,6.72099667273066],[-74.2280007249125,6.72098628909091],[-74.2280033201453,6.72097590545089],[-74.2280111121321,6.72096552181069],[-74.2280137091616,6.7209577334113],[-74.2280189032206,6.72094475452965],[-74.2280240981779,6.72093437356519],[-74.2280266934107,6.7209265860574],[-74.2280266916141,6.7209239899241],[-74.2280396821514,6.72091619973975],[-74.2280474804264,6.72091619795547],[-74.2280526735871,6.72091619617115],[-74.2280552742098,6.72091619438687],[-74.2280604709637,6.7209110021201],[-74.2280682638488,6.72090580985328],[-74.2280786528651,6.72089282918591],[-74.2280812507929,6.7208876369189],[-74.228089043678,6.72087206100961],[-74.2280942359403,6.72086167736718],[-74.2281020324187,6.72085648509979],[-74.2281072255793,6.72085129194023],[-74.2281254137689,6.72083830948718],[-74.2281306096245,6.72083311811169],[-74.2281358018868,6.72082273357628],[-74.228146193598,6.72081753952423],[-74.2281435965685,6.7208149451746],[-74.2281487906275,6.72080975290675],[-74.2281591796438,6.72079417610283],[-74.2281643763977,6.72078638770068],[-74.2281669734272,6.72078119543249],[-74.2281799612696,6.7207630233856],[-74.2281799576763,6.72075523765938],[-74.2281825547058,6.72074485579875],[-74.2281877478664,6.7207370673958],[-74.2281981413743,6.7207240876161],[-74.2282059306661,6.72071110783605],[-74.2282137217546,6.72070072240592],[-74.2282189194068,6.72069553102896],[-74.2282241152624,6.72068774262524],[-74.2282319081475,6.72068254946388],[-74.2282396992359,6.72067216492525],[-74.228247492121,6.7206565899012],[-74.2282552823112,6.72064361101151],[-74.2282604781668,6.72063322736421],[-74.2282682692553,6.72062284282454],[-74.228276063937,6.7206124591768],[-74.2282812570976,6.72060726601463],[-74.2282916497072,6.7205942853393],[-74.2282968410712,6.72058130555578],[-74.2283046348546,6.72056832666408],[-74.2283072282908,6.7205605400426],[-74.2283098262186,6.720552753421],[-74.2283124223498,6.72054237066389],[-74.2283150166843,6.72053198790656],[-74.2283176128155,6.72051900990569],[-74.2283202062517,6.72051122239125],[-74.2283254003107,6.72049564736206],[-74.2283305979629,6.72049305122641],[-74.2283383899497,6.72048526192731],[-74.2283487807626,6.72047747173591],[-74.2283617721982,6.72047227678801],[-74.2283695686766,6.72046967976012],[-74.2283747636339,6.72046708273221],[-74.2283799612861,6.72046448481213],[-74.2283851589383,6.72046188956849],[-74.228398150374,6.72045409848458],[-74.228403341738,6.7204437157254],[-74.228411137318,6.72043592642548],[-74.2284215272326,6.7204255418816],[-74.228429321016,6.7204203478253],[-74.2284345168716,6.72041515466108],[-74.2284423088584,6.72040736714498],[-74.2284527023662,6.72039438557219],[-74.2284578964252,6.72038919419197],[-74.2284630931791,6.72038400102741],[-74.2284682863398,6.72037880786281],[-74.2284760819198,6.72037101856188],[-74.2284838739066,6.72036582718142],[-74.2284916685883,6.72035544263603],[-74.2284968599523,6.7203424637383],[-74.2285020576046,6.72033986670971],[-74.2285098477947,6.72032688691941],[-74.2285150436503,6.72031650237318],[-74.2285202404042,6.72031131099214],[-74.2285436190595,6.72028794397783],[-74.2285514137412,6.7202853460568],[-74.2285670022063,6.72027495972542],[-74.2285747986847,6.7202697674518],[-74.2285929805861,6.72025418973842],[-74.2285981782383,6.72024640043547],[-74.2286033722973,6.72024120905366],[-74.2286137649068,6.72023082272138],[-74.2286215568936,6.72022303341804],[-74.2286241539231,6.72021524679102],[-74.2286319459098,6.72021005273246],[-74.2286371435621,6.72020486045814],[-74.2286449364471,6.72019966818378],[-74.22864753168,6.72018928452697],[-74.2286475298834,6.72018149879157],[-74.2286553236668,6.72017111602654],[-74.2286605168274,6.72016332761441],[-74.2286657135813,6.72015813444744],[-74.228670906742,6.72015034692727],[-74.2286735046698,6.72014515465229],[-74.2286812993515,6.72013477099435],[-74.2286838927877,6.72012957871923],[-74.22868909044,6.72012179119856],[-74.2286916865712,6.72011659892331],[-74.228702077384,6.72010361912704],[-74.2287072723413,6.7200932336839],[-74.2287098657775,6.7200854470548],[-74.2287150643281,6.72008285002485],[-74.2287228608065,6.72008025210272],[-74.2287280539671,6.72007506071919],[-74.2287306500983,6.72006467795188],[-74.2287332462295,6.7200542960765],[-74.2287332444328,6.72004910469266],[-74.2287392056531,6.72004448963353],[-74.2287392047547,6.72004189438765],[-74.2287469994365,6.72003670211153],[-74.2287521961904,6.72003410508132],[-74.2287599881771,6.72002631577484],[-74.2287677837572,6.72002112171429],[-74.2287755766423,6.7200159285458],[-74.2287833704257,6.72001073716154],[-74.2287885671796,6.72000814013118],[-74.2287989588908,6.72000034993213],[-74.2288145491526,6.719995154087],[-74.2288275334017,6.71996660013348],[-74.2288275298084,6.71995621736388],[-74.2288275271135,6.71994843162473],[-74.2288249282874,6.71994583548617],[-74.2288275226219,6.71993285836179],[-74.2288327202741,6.7199276660845],[-74.2288457099131,6.71991728063761],[-74.2288638963061,6.71990948865285],[-74.2288716927844,6.71990948686856],[-74.22887688864,6.71990948508428],[-74.2288820835973,6.71990169666796],[-74.2288924753085,6.71989390735935],[-74.2288976729607,6.71989131122054],[-74.2289054640492,6.71988092577287],[-74.2289054613543,6.71987054389356],[-74.2289028589349,6.71986275904519],[-74.2289002619054,6.7198575676593],[-74.2289002610071,6.7198549724124],[-74.2289028553416,6.71984978102644],[-74.22891065182,6.71984458696398],[-74.2289158503705,6.71984458607182],[-74.2289288436028,6.71984977299713],[-74.2289314388356,6.71984458071898],[-74.2289366382845,6.7198445789347],[-74.2289470237075,6.7198212190351],[-74.2289496171437,6.71980045348945],[-74.2289574073339,6.71978747368474],[-74.2289677981468,6.71976930160069],[-74.2289677963501,6.71976151496642],[-74.2289729904091,6.71975632268731],[-74.228983381222,6.71974853248426],[-74.2289885797726,6.71974853159211],[-74.2289989696871,6.71973814614141],[-74.2290041664411,6.71973295386206],[-74.2290067625722,6.71972516811932],[-74.2290067625722,6.71972257287173],[-74.2290145536607,6.71971478356026],[-74.2290275450963,6.71970699246441],[-74.2290327418502,6.71970180018469],[-74.229040533837,6.7196966070128],[-74.2290483303154,6.71968881770094],[-74.2290561232005,6.7196836245289],[-74.2290639178822,6.71967583521682],[-74.2290743068984,6.71966025837656],[-74.2290820979869,6.71964987470827],[-74.2290872938425,6.71963949103973],[-74.2291314577168,6.71961092903604],[-74.2291366562674,6.71960833200355],[-74.2291444518474,6.71960054269026],[-74.2291600367193,6.71959015545211],[-74.2291678322993,6.71958236703067],[-74.2291756251844,6.71957457771695],[-74.229186015099,6.71956419315467],[-74.2292016017675,6.71954602017016],[-74.2292067994197,6.71954342313732],[-74.2292275801472,6.71952005876253],[-74.2292327751044,6.71951227033998],[-74.229243165019,6.71950188488424],[-74.2292483608746,6.71949150210469],[-74.2292587507892,6.71947852050745],[-74.2292613478187,6.71947332911745],[-74.2292665409794,6.71946294544517],[-74.2292717350383,6.71944996652362],[-74.2292743320678,6.71944477334903],[-74.2292717314451,6.71943958463513],[-74.2292769290973,6.71943698849385],[-74.229282122258,6.71942920096208],[-74.2292873199102,6.7194266030365],[-74.2293003059559,6.71940583568968],[-74.2293080961461,6.71939285587444],[-74.2293106922772,6.71937987695101],[-74.2293184860606,6.71936949238458],[-74.2293262771491,6.71935651256837],[-74.2293340664409,6.71934093839434],[-74.2293366607755,6.71932796036165],[-74.2293496513128,6.71931757490195],[-74.2293600421257,6.71930978469186],[-74.2293704374302,6.71930199537381],[-74.2293782294169,6.71929420694774],[-74.2293886202298,6.71928641673727],[-74.2293990137377,6.71927603216884],[-74.2294042077966,6.71927343513456],[-74.2294094054489,6.7192682419581],[-74.2294145986095,6.71926304967373],[-74.2294197953635,6.71925785649713],[-74.2294301861763,6.71925006717823],[-74.2294379817564,6.71924227964351],[-74.2294431758153,6.71923968260905],[-74.2294483725693,6.71923449121651],[-74.2294535702215,6.71922929803961],[-74.2294561636577,6.7192241057548],[-74.2294535648316,6.71921372475364],[-74.2294561573695,6.71920334196794],[-74.2294561546746,6.71919555443247],[-74.2294613532251,6.71919295739772],[-74.2294717458346,6.71919035947089],[-74.2294847390669,6.71919035590227],[-74.2294951316764,6.71919035322586],[-74.2295029299514,6.71919294490772],[-74.2295107246331,6.71919294312343],[-74.2295159231837,6.71919294044698],[-74.2295237178654,6.7191929386627],[-74.2295393108221,6.71919293420196],[-74.2295523031561,6.71919292974122],[-74.2295652963883,6.71919292617265],[-74.229573093765,6.71919292349624],[-74.2295782887223,6.71919292171192],[-74.2295860843023,6.719185132392],[-74.2295938753908,6.7191747478214],[-74.2296016673776,6.71916436414274],[-74.2296068623348,6.71915657571449],[-74.2296120572921,6.71914100421047],[-74.2296146534233,6.71913321488969],[-74.2296172450629,6.71912023774362],[-74.2296172432663,6.71911245109895],[-74.229617239673,6.71910206920325],[-74.2296224346303,6.71909428077399],[-74.2296250316598,6.71908389798575],[-74.229627627791,6.71907611044834],[-74.2296328200533,6.71906572676757],[-74.2296328182567,6.71905794101419],[-74.2296354143878,6.71904755911731],[-74.2296406102435,6.71904236683056],[-74.2296510010563,6.7190293861135],[-74.2296613918692,6.71902159679092],[-74.2296691847543,6.719018997971],[-74.2296847759144,6.71901639736674],[-74.2296899753632,6.71901639558245],[-74.2296951730155,6.71901639469033],[-74.2297055638284,6.71900860447541],[-74.2297185561623,6.71900340951179],[-74.2297211549884,6.71900340861967],[-74.2297341428308,6.71898783175789],[-74.2297393359915,6.71898004421892],[-74.2297419348176,6.71897744807524],[-74.2297445318471,6.71897485103933],[-74.2297523247322,6.7189670617159],[-74.2297601203122,6.71895927417663],[-74.2297653152695,6.71895667892494],[-74.2297705120234,6.7189540809968],[-74.2297861022852,6.71894628988872],[-74.2297912972425,6.71894628810445],[-74.2297964939964,6.71894109581664],[-74.2298016907503,6.71893590263662],[-74.2298094836354,6.71893330470837],[-74.2298276727233,6.71892291656381],[-74.2298458582179,6.71891512456312],[-74.2298562544207,6.71891252663474],[-74.2298666470302,6.71890992781425],[-74.2298718410891,6.71890733077801],[-74.2298900265837,6.71888915598465],[-74.2298900247871,6.71888136933628],[-74.2298848199484,6.71886320257128],[-74.2298796196012,6.71884763284216],[-74.2298874142829,6.71884503491343],[-74.229903005443,6.71883983905594],[-74.2299133971542,6.7188372411272],[-74.2299211936325,6.71883464319842],[-74.2299315853437,6.71882685387273],[-74.2299393764322,6.71881387404203],[-74.2299471720122,6.71880867996853],[-74.229954963999,6.71880089064241],[-74.229962759579,6.71879569656877],[-74.2299757510147,6.71878790635033],[-74.2299861418276,6.71878011702388],[-74.2300095249744,6.7187697279839],[-74.2300303128884,6.71876453212563],[-74.2300433061207,6.7187645276649],[-74.2300479378343,6.7187622509083],[-74.2300583286472,6.71875186543652],[-74.2300635236045,6.71874148353312],[-74.2300687149685,6.71873110073737],[-74.2300713137946,6.71872850459231],[-74.2300791066797,6.71872331051786],[-74.2300817046075,6.71872071348063],[-74.2301024916232,6.7187051348255],[-74.2301154767706,6.71868436655575],[-74.2301232696557,6.7186765781198],[-74.2301284673079,6.71867398108229],[-74.2301362610913,6.71867138315268],[-74.2301414578453,6.71866878611513],[-74.2301492507303,6.71866359293224],[-74.2301544492809,6.71866359114791],[-74.230170040441,6.71865839439635],[-74.2301778369193,6.71866358401076],[-74.2301830345716,6.71866617658758],[-74.2301934289777,6.71866617391113],[-74.2302012200662,6.71865319586045],[-74.2302064141251,6.71864021691728],[-74.2301986158501,6.7186298367958],[-74.2302090075614,6.71862464272029],[-74.2302168013448,6.71861685339127],[-74.2302219954037,6.7186038744471],[-74.2302245879416,6.7185831097416],[-74.2302323808267,6.71858051181149],[-74.2302356677624,6.71858051091933],[-74.2302401764068,6.71858051002717],[-74.2302687572058,6.71857011919866],[-74.2302765536842,6.71856492601468],[-74.2302817468449,6.71856232808445],[-74.2302869453954,6.71855973104635],[-74.2303181268172,6.71855193636339],[-74.2303233217745,6.7185519345791],[-74.2303285203251,6.71854933754095],[-74.2303337116891,6.71854154910285],[-74.2303493028492,6.71853635413428],[-74.2303674964286,6.7185389440353],[-74.2303726940809,6.71853894135888],[-74.2303882780544,6.71852595973621],[-74.2304064689389,6.71852335912932],[-74.2304142627223,6.71852335556074],[-74.2304194567813,6.71851037661411],[-74.230440243797,6.71849479795222],[-74.2304480357837,6.7184896038753],[-74.2304610272194,6.71848181275978],[-74.2304688210028,6.71848181097549],[-74.2304844112645,6.71847661511415],[-74.2305077980046,6.71846622606769],[-74.2305207876437,6.7184584367361],[-74.2305285823254,6.71845324355095],[-74.2305389740366,6.71845064472795],[-74.2305493657478,6.71844545065056],[-74.2305571631245,6.7184428527197],[-74.2305675548357,6.71843506249561],[-74.2305753459241,6.71842727405567],[-74.230580542678,6.71841948561562],[-74.2305935314187,6.71840390873509],[-74.2306091180872,6.71839092621669],[-74.2306143148411,6.71838573392293],[-74.2306273062768,6.71837794369792],[-74.230637695293,6.71836496474741],[-74.2306428857588,6.7183493887573],[-74.230648083411,6.71834679171807],[-74.2306714656595,6.71833640266885],[-74.2306792630362,6.7183312094824],[-74.2306870568196,6.71833380295313],[-74.2307026506746,6.71833639374739],[-74.2307078492252,6.7183363919631],[-74.2307130441825,6.71833639017881],[-74.2307234349953,6.71832860084514],[-74.2307286344442,6.71832859906084],[-74.2307338311981,6.71832600112934],[-74.2307364273293,6.71832600112934],[-74.2307572152433,6.71831561297182],[-74.23076500723,6.71831041889299],[-74.2307779950724,6.71829484200902],[-74.2307831918263,6.71828964882209],[-74.2307831882331,6.71827667076135],[-74.2307805858137,6.71826629152424],[-74.2307805840171,6.71826110101346],[-74.2307883813938,6.71825850397377],[-74.2307987740033,6.71825849951302],[-74.2308143660617,6.71825589890472],[-74.2308247586712,6.71825589533615],[-74.2308429495557,6.71825329472781],[-74.230863735673,6.71825069411949],[-74.2308741309775,6.71825328491419],[-74.2308793304264,6.71825328402206],[-74.2308845253837,6.71825328134561],[-74.2308897230359,6.71825328045345],[-74.2309001138488,6.71824549111848],[-74.2309027108783,6.71823770356764],[-74.2309105073566,6.71823250948799],[-74.2309157014156,6.71822731719252],[-74.2309234960973,6.71822212400487],[-74.2309312898807,6.71821952607285],[-74.2309364884313,6.71821692903289],[-74.2309494798669,6.71821433020867],[-74.2309624722009,6.71821172960014],[-74.2309728648104,6.71821172603152],[-74.2309832592165,6.71820912809943],[-74.2309910556949,6.71820912453081],[-74.2309962497539,6.7182039331273],[-74.2310092393929,6.71819095060353],[-74.2310170340746,6.7181831621597],[-74.2310300228153,6.71817018141966],[-74.2310352150776,6.71816499001574],[-74.2310456067888,6.71815460363907],[-74.23104820292,6.71814681697893],[-74.2310533978773,6.71813643417046],[-74.2310585946312,6.71813124098185],[-74.231066386618,6.71812345164489],[-74.2310741812997,6.7181234498606],[-74.2310923721842,6.71812084835942],[-74.2311027629971,6.71811305902232],[-74.2311079606493,6.71811046108968],[-74.2311261479406,6.71809747767128],[-74.2311417346091,6.71809228269797],[-74.2311469331596,6.71809228091368],[-74.2311625234214,6.7180844897918],[-74.2311703163065,6.71807929571051],[-74.2311755139587,6.71807669956197],[-74.231180708916,6.7180766986698],[-74.2311833068438,6.71807150637272],[-74.2311885018011,6.71806371792697],[-74.2311988953089,6.71806111999405],[-74.2312092879184,6.71805592502034],[-74.2312118840496,6.71804813746648],[-74.2312118831513,6.71804554310208],[-74.231219677833,6.71803515850716],[-74.2312248709937,6.71802996620963],[-74.2312326692686,6.71802996353317],[-74.231240465747,6.71803774751872],[-74.2312430672681,6.71804293803192],[-74.2312456696875,6.71805591342243],[-74.2312508646447,6.71805591163815],[-74.2312638587753,6.71806109947465],[-74.2312742513848,6.7180533101366],[-74.231284643096,6.71804032850097],[-74.2313002315612,6.71802994212165],[-74.2313132220985,6.71801955574209],[-74.2313236138097,6.7180143616601],[-74.231328808767,6.71801436076794],[-74.2313418019992,6.71801435719935],[-74.2313547943332,6.71801175569759],[-74.2313625899133,6.71800656339978],[-74.2313729816245,6.71799877406085],[-74.2313781756834,6.71798838946492],[-74.2313833697424,6.7179831971669],[-74.2313859667719,6.71797541050402],[-74.2313937632503,6.71797021820582],[-74.2313937605553,6.71796502679973],[-74.2313963521949,6.7179468582162],[-74.2314119415583,6.71794166056485],[-74.2314197407316,6.71794685018688],[-74.2314223395578,6.71795463595807],[-74.2314327420487,6.71797020482362],[-74.2314405358321,6.71797020303932],[-74.231450926645,6.71796500895681],[-74.2314613246444,6.7179676006452],[-74.2314743196733,6.71797278759051],[-74.2314821143551,6.71797278580622],[-74.2314899081385,6.71797018787282],[-74.2314951057907,6.71796759083157],[-74.2315106951541,6.71795720355853],[-74.2315158910097,6.71795201036801],[-74.2315236856915,6.71795200858371],[-74.2315288824454,6.71794422102821],[-74.231534075606,6.71794162309466],[-74.2315392705633,6.71793123938964],[-74.2315418675928,6.71792345272592],[-74.2315470616518,6.71791825953508],[-74.231552259304,6.71791566249351],[-74.231557453363,6.71791306545198],[-74.2315730454214,6.71791046484183],[-74.2315912354076,6.71790786333952],[-74.2315990300893,6.71790786155522],[-74.2316146203511,6.71790266568772],[-74.2316224168294,6.71789747160447],[-74.2316380052945,6.71789746714373],[-74.2316509976285,6.71789746268298],[-74.231656196179,6.71789746089869],[-74.2316665896869,6.71789745822224],[-74.2316795820208,6.71789485850414],[-74.2316873793975,6.71789485582772],[-74.2316925743548,6.71789485493556],[-74.2317081637182,6.71788446855313],[-74.2317237530816,6.71787408306262],[-74.2317367454156,6.71787407770975],[-74.2317445383007,6.71786888451833],[-74.2317497359529,6.71786628747653],[-74.2317575333296,6.71786368954258],[-74.2317731199981,6.7178584936746],[-74.231791309086,6.71785329691443],[-74.2318042996233,6.7178481019385],[-74.2318198907834,6.71784290696253],[-74.2318302842912,6.717840306352],[-74.2318406769007,6.71784030367554],[-74.2318510722052,6.71783510959164],[-74.2318614666113,6.71783510691519],[-74.231866659772,6.71783250898105],[-74.2318874512792,6.71783250273601],[-74.2318952450627,6.7178299048019],[-74.2319030406427,6.71782730775987],[-74.2319134350488,6.71782730419127],[-74.2319212288322,6.71782730151483],[-74.2319550099785,6.71781950414371],[-74.2319654043847,6.71781950057511],[-74.2319757978925,6.71781949700653],[-74.2319861958919,6.71782208958782],[-74.2319913899509,6.71782208780354],[-74.2320017852553,6.71782208512708],[-74.2320121823565,6.7178220815585],[-74.2320225740677,6.71781948273215],[-74.2320381652277,6.71781688212149],[-74.2320485587356,6.71781687855289],[-74.2320537536929,6.7178168767686],[-74.2320615519678,6.71781687498431],[-74.2320771422296,6.71781427437365],[-74.232084936013,6.71781167554724],[-74.2320901345635,6.71781167465512],[-74.2320953286225,6.71780907761299],[-74.2321057248253,6.71780647878658],[-74.2321083182615,6.71779609597083],[-74.2321057194354,6.71778831198143],[-74.232103117016,6.71777793184176],[-74.2321005181899,6.71777793184176],[-74.2321057149438,6.71777273954149],[-74.2321109072062,6.71776235494072],[-74.2321161039601,6.7177597587905],[-74.2321264938747,6.7177467780392],[-74.2321316897303,6.71773898958824],[-74.2321368846876,6.71773898780395],[-74.2321498779198,6.71773898334321],[-74.2321628720504,6.71774417118309],[-74.2321784659054,6.71774676108837],[-74.2321836635577,6.71774935545438],[-74.2322018544422,6.71775453972556],[-74.2322096527171,6.71775713409154],[-74.2322200471233,6.71775972578104],[-74.2322252465722,6.71776231836265],[-74.2322330403556,6.71776231657836],[-74.23224343566,6.71777009967605],[-74.2322512357317,6.71777269404194],[-74.2322590304134,6.71777528573135],[-74.2322746233701,6.71777528037847],[-74.232279820124,6.71777268512044],[-74.2323006026481,6.71775969990874],[-74.2323057976054,6.717749317092],[-74.2323109925627,6.71774671915744],[-74.232318789041,6.7177415268568],[-74.2323265828244,6.71773892803003],[-74.232331530745,6.71773217803911],[-74.2323393218335,6.71772438780363],[-74.2323419206596,6.71772179165319],[-74.2323445158924,6.71770881357731],[-74.2323523060826,6.71769583460893],[-74.2323575028365,6.71769064319991],[-74.2323704951705,6.71768804258859],[-74.2323964807367,6.71769063070984],[-74.2324068778378,6.71769841202439],[-74.2324224689979,6.71769840756364],[-74.232432863404,6.71769840399506],[-74.2324562501441,6.71769839685788],[-74.2324614477964,6.71769839507359],[-74.2324666418553,6.71769579803085],[-74.2324770380581,6.71769319920384],[-74.2324952262477,6.71769059948465],[-74.2325082176833,6.71768799976546],[-74.2325134153355,6.71768540272269],[-74.2325264049745,6.71767761159431],[-74.2325341987579,6.71767241840081],[-74.2325393973085,6.7176724166165],[-74.2325445949607,6.71766981957367],[-74.2325523878458,6.71766722163865],[-74.2325653810781,6.71766721807006],[-74.2325757727893,6.71766461835073],[-74.2325835710643,6.71766202041572],[-74.232591363051,6.71765682811417],[-74.2326069524145,6.71764644083453],[-74.2326147452996,6.71764124674853],[-74.2326199429518,6.71764124585639],[-74.2326355332136,6.71763345383512],[-74.2326511216787,6.71762566270593],[-74.2326589163604,6.71762306477068],[-74.2326641140126,6.71762046772758],[-74.2326693071733,6.71761527453346],[-74.2326745048255,6.71761527274916],[-74.2326849010283,6.71762046059037],[-74.2326900995789,6.71762305495705],[-74.2327108901878,6.71763083359624],[-74.23271608784,6.71763083270408],[-74.2327212863906,6.71762564040222],[-74.2327290792757,6.71762304157484],[-74.2327342760296,6.71761785016503],[-74.2327420680164,6.7176126569709],[-74.2327576591764,6.7176074602081],[-74.232762855032,6.71761005457482],[-74.2327810468148,6.71761264358867],[-74.2328018338305,6.71760225452376],[-74.2328226199479,6.71759705776085],[-74.2328382120063,6.71759964766691],[-74.2328434078619,6.71759964677475],[-74.2328641939793,6.71758666334272],[-74.2328745856905,6.7175788748892],[-74.2328875771261,6.71757367901822],[-74.2328953762994,6.71757886775202],[-74.232900572155,6.7175814621189],[-74.2329135662856,6.71758405291721],[-74.2329291574457,6.71758404845645],[-74.2329447477074,6.71757885169337],[-74.232962935897,6.71756846441204],[-74.2329733303031,6.71756846173558],[-74.2329785225655,6.71756586380003],[-74.2329967143483,6.71756066703674],[-74.2330045054367,6.71755287769065],[-74.2330071042628,6.71755028153933],[-74.2330174968724,6.71753989693383],[-74.2330226918297,6.71753729899811],[-74.2330278876853,6.71753210669527],[-74.2330382820914,6.71752950786735],[-74.2330434797436,6.71752950608306],[-74.2330486747009,6.71752950519092],[-74.2330590673104,6.71752431110367],[-74.2330616661366,6.71752171406004],[-74.2330668610939,6.71751392560548],[-74.2330720551528,6.71750873241023],[-74.233082449559,6.71750354010708],[-74.2330902424441,6.71749575165223],[-74.2330954409946,6.7174957498679],[-74.2331032320831,6.7174879605208],[-74.2331084324303,6.71749055488816],[-74.2331162280103,6.71749833888237],[-74.2331318200687,6.71749833352948],[-74.2331448124026,6.71749313854977],[-74.2331500091566,6.71748794535428],[-74.2331552032155,6.7174853492026],[-74.2331604017661,6.71748794267784],[-74.2331656003166,6.71748794089354],[-74.2331811887818,6.71748793554066],[-74.233194182014,6.71748793197204],[-74.2331993805646,6.71748793018775],[-74.2332305619864,6.7174801337033],[-74.2332383557698,6.71747753576731],[-74.2332461531465,6.71747493783127],[-74.233256545756,6.71747493515481],[-74.2332643404377,6.71747233721875],[-74.2332669392638,6.71747233543446],[-74.2332695362933,6.7174645487634],[-74.2332721333228,6.71745676209223],[-74.2332773246868,6.71744637748472],[-74.2332825196441,6.71743599376917],[-74.2332851157753,6.71742561183768],[-74.2332877101098,6.71742041953365],[-74.2332929041688,6.71740743966543],[-74.2332929005755,6.71739965566977],[-74.2332955003,6.71739705951762],[-74.23330329588,6.71739965210117],[-74.2333110932567,6.71739964942475],[-74.2333214867645,6.71740224200829],[-74.2333266853151,6.71740224022398],[-74.2333344790985,6.7173996431797],[-74.2333422719836,6.71739704435108],[-74.2333474714324,6.71739704256679],[-74.2333526690847,6.71739704167466],[-74.2333604646647,6.71739963336606],[-74.2333682602447,6.71740222684176],[-74.2333734596936,6.71740481942529],[-74.2333916550697,6.7174177903721],[-74.2333994488531,6.71741778858781],[-74.2334098405643,6.71741259360723],[-74.2334202367671,6.71740999567083],[-74.2334228319999,6.71740739862661],[-74.2334280314488,6.71740480158231],[-74.2334306266817,6.71739961195452],[-74.2334514145956,6.7173996048173],[-74.2334566131462,6.71739960392517],[-74.2334618081035,6.71739700688084],[-74.2334722052046,6.71739700420442],[-74.2334903898009,6.71738920950281],[-74.2334955883514,6.71738920861066],[-74.2335059818593,6.71738920504206],[-74.2335111804098,6.71738660888988],[-74.2335163735705,6.71738401184548],[-74.2335243380338,6.71738003197084],[-74.2335267697732,6.71737881686453],[-74.2335371605862,6.71737102662341],[-74.2335475522974,6.71736323816643],[-74.2335527490513,6.71736064112195],[-74.2335631407625,6.71735284998834],[-74.2335657386903,6.71735284909618],[-74.2335709336476,6.7173502529438],[-74.2335761321981,6.71734765589924],[-74.2335839241849,6.71734246181004],[-74.2335891227354,6.71734246002575],[-74.2335969174171,6.7173424573493],[-74.2336125076789,6.71733985762823],[-74.2336177062295,6.71733725969148],[-74.2336229002884,6.71733466264682],[-74.2336228993901,6.71733206738647],[-74.2336436882024,6.71732686972856],[-74.2336488858546,6.71732427268383],[-74.2336514819858,6.71732427179171],[-74.2336618790869,6.71732426911525],[-74.2336696728703,6.71732426643881],[-74.2336774666537,6.7173216676098],[-74.2336852640304,6.71731906967291],[-74.2336930569155,6.71731647173605],[-74.2336982545677,6.71731387469129],[-74.2337060465545,6.71730868060176],[-74.233716441859,6.71730348918861],[-74.2337216368163,6.71730089214379],[-74.2337320294258,6.71729569716197],[-74.233737227078,6.71729569537768],[-74.2337476205858,6.71729569180908],[-74.2337554179625,6.71729569002475],[-74.2337606138181,6.71729568734833],[-74.2337762067748,6.71729827904028],[-74.2337840005582,6.71729827636382],[-74.2337892009054,6.71730086984007],[-74.2337995926166,6.71729827190308],[-74.2338099888194,6.71729567218182],[-74.2338203796323,6.71728788283147],[-74.2338255745896,6.71728528578658],[-74.2338333701696,6.71728009169671],[-74.2338385651269,6.71727749465178],[-74.2338463616053,6.71727489760683],[-74.2338593530409,6.71726970173256],[-74.2338775421288,6.71726190970538],[-74.2338957267251,6.71725411767808],[-74.2339087181607,6.7172489218036],[-74.2339191107702,6.71724372771334],[-74.2339243084225,6.71724113066821],[-74.2339398977859,6.71723333864058],[-74.2339450954381,6.71723074159538],[-74.2339502885988,6.7172255501814],[-74.2339580850771,6.71722295045972],[-74.2339736717456,6.71721516021609],[-74.2339814691223,6.71721515664749],[-74.2339892629057,6.71721255960218],[-74.2339970602824,6.71720996255688],[-74.2340048540658,6.71720736461941],[-74.234010051718,6.71720736283511],[-74.2340152466753,6.71720736194298],[-74.2340256428781,6.71720476311332],[-74.2340334357632,6.71720216517587],[-74.234038635212,6.71719956813048],[-74.234051624851,6.71719177699434],[-74.2340620165622,6.7171891781646],[-74.2340672133162,6.71718917548818],[-74.2340724100701,6.71718657844273],[-74.2340828035779,6.71718657576629],[-74.2340880012302,6.71718397872087],[-74.2340983920431,6.71717359321537],[-74.2341035896953,6.71717099706204],[-74.2341087828559,6.71716840001649],[-74.2341165811309,6.71716580118666],[-74.2341191790587,6.71716320503325],[-74.2341269728421,6.71716060798769],[-74.2341347657272,6.71716060441909],[-74.2341451628283,6.71715800558923],[-74.2341555572345,6.7171580020206],[-74.2341607512934,6.71715800112847],[-74.2341737472207,6.71715540051426],[-74.2341841389319,6.71715280257654],[-74.2341919327153,6.71715020374658],[-74.2341971312658,6.71715020285446],[-74.2342049250492,6.71714760491667],[-74.234220515311,6.71714240904103],[-74.2342309088188,6.71713981021106],[-74.2342412996317,6.71713461611968],[-74.2342516967328,6.71713201639751],[-74.2342594896179,6.71713201461322],[-74.2342698849224,6.7171320110446],[-74.2342802811252,6.71712941221458],[-74.2342854742858,6.71712681516884],[-74.2342984666198,6.71712681070808],[-74.2343088619242,6.71712680803162],[-74.2343140586781,6.71712421098588],[-74.2343218533599,6.7171216121558],[-74.2343296498382,6.71712160947934],[-74.2343400433461,6.71711901064927],[-74.2343530347817,6.71711641181918],[-74.2343634282895,6.71711640914272],[-74.2343868186229,6.71711899548274],[-74.2344024079863,6.71711899102199],[-74.2344154048119,6.71712158182273],[-74.2344231985953,6.71712158003842],[-74.2344387906537,6.71712157468555],[-74.2344439856109,6.71712157290126],[-74.2344517838859,6.71712157111696],[-74.234454382712,6.7171215702248],[-74.2344595785677,6.71712156754836],[-74.2344803655833,6.71711118204154],[-74.2344881575701,6.71710598794985],[-74.2344933561206,6.71710339001183],[-74.2345011481074,6.71709819681219],[-74.2345141386448,6.71709040656656],[-74.234519336297,6.71708521336677],[-74.2345219342248,6.71708261810509],[-74.2345349238638,6.71707482696705],[-74.2345453146767,6.71706444056711],[-74.2345583070106,6.71706184173672],[-74.2345686996202,6.71706183906027],[-74.2345738981707,6.71706183638385],[-74.2345816937507,6.71706442986134],[-74.2345868923013,6.71706442807705],[-74.2345972849108,6.71706442450841],[-74.234607676622,6.71705663515441],[-74.2346180692315,6.71705144016997],[-74.2346258657099,6.71704884312378],[-74.2346388571455,6.71704364635497],[-74.2346674379446,6.71703065933951],[-74.2346752299314,6.71702546792339],[-74.2346830282064,6.71702286909281],[-74.2346986139765,6.71701507884597],[-74.234709009281,6.71701248090746],[-74.2347168030644,6.71700988207679],[-74.2347297936017,6.71700468798399],[-74.2347401853129,6.71699689773686],[-74.234747980893,6.71699170364392],[-74.2347583717059,6.71698131813436],[-74.2347661636926,6.71697612582558],[-74.2347765589971,6.71697093084029],[-74.2347843527805,6.71696573674707],[-74.2347895486361,6.71696054443812],[-74.2347947426951,6.71695794649931],[-74.2347999412456,6.7169553503448],[-74.2348077332324,6.71694756188117],[-74.234812929088,6.71694236867987],[-74.2348181276386,6.71694236689557],[-74.2348285193498,6.71693457664744],[-74.2348389101627,6.71692678818348],[-74.2348441078149,6.71692419113667],[-74.2348493018739,6.71691899971941],[-74.2348596908901,6.71690601894564],[-74.2348648867457,6.71689822958909],[-74.234870084398,6.71689303817156],[-74.2348752766603,6.71688784496968],[-74.2348804734142,6.71688005650498],[-74.2348856692698,6.71687226804014],[-74.2348908633288,6.71686967188517],[-74.2349012541417,6.71686188163587],[-74.23490905062,6.71685668754149],[-74.2349168426068,6.71685149344709],[-74.2349298322458,6.71684110882666],[-74.2349376278259,6.7168359147321],[-74.234945420711,6.7168307215296],[-74.2349532171893,6.71682553011135],[-74.2349688029595,6.71681773807705],[-74.2349792000606,6.71681513835319],[-74.2349947858308,6.71680734810302],[-74.2350025823091,6.7168047501634],[-74.2350077772664,6.71680215222377],[-74.235012973122,6.71679695991307],[-74.2350207660071,6.71679176671016],[-74.235025962761,6.71678657350719],[-74.2350389524,6.71677618799321],[-74.2350493441112,6.71676839774243],[-74.2350545408651,6.71676579980261],[-74.235059740314,6.71676579891047],[-74.2350675323008,6.71676060570723],[-74.2350805237364,6.71675540982747],[-74.2350883166215,6.71675281277973],[-74.2350935133754,6.71674502520502],[-74.2351013062605,6.7167398311094],[-74.2351091018406,6.71673463701374],[-74.2351142976962,6.71672944559446],[-74.2351194926535,6.71672684854655],[-74.2351246876107,6.71671906097144],[-74.2351298843647,6.71671905918714],[-74.2351395735933,6.7167150007979],[-74.2351447712456,6.71670980759411],[-74.2351499653045,6.71670461439026],[-74.2351551611601,6.71669942207854],[-74.2351629540452,6.71669422887458],[-74.2351681507991,6.71668903567057],[-74.2351733475531,6.71668384514293],[-74.2351837392643,6.71667605489066],[-74.2351889324249,6.71667086168647],[-74.2351941300772,6.71666826463829],[-74.2352019238606,6.71666566759008],[-74.2352123173684,6.71665787644535],[-74.2352201102535,6.71665268413313],[-74.2352279067318,6.71665008619268],[-74.2352357014135,6.71664748736008],[-74.2352434934003,6.71664229415558],[-74.2352538887048,6.71663969621507],[-74.2352590827638,6.71663450301049],[-74.2352668801404,6.71663190506993],[-74.2352772718516,6.71662930712936],[-74.2352876662578,6.71662930266865],[-74.2352980588673,6.71662670383591],[-74.2353084550701,6.71662410500319],[-74.2353188476796,6.71662150617046],[-74.2353370349709,6.71661890466124],[-74.2353474302753,6.71661370967213],[-74.2353604208127,6.7166085155751],[-74.2353682136977,6.71660591674228],[-74.2353760110744,6.71660331880158],[-74.2353812051334,6.7165981255966],[-74.2353890007134,6.71659293417587],[-74.2353941938741,6.71658774186295],[-74.2354097841359,6.71657994982484],[-74.2354149799914,6.7165721613552],[-74.235425372601,6.71656956341432],[-74.2354435580956,6.71656177048377],[-74.2354591483573,6.71655657460188],[-74.2354669439374,6.71655138139641],[-74.2354747368225,6.71654618819087],[-74.2354825333008,6.71654099498532],[-74.2354877282581,6.7165383979364],[-74.2354955229398,6.7165332038386],[-74.2355033167232,6.71653060589751],[-74.2355215058111,6.71652281385849],[-74.2355344972467,6.71651761886836],[-74.2355448889579,6.71651502003503],[-74.2355526827413,6.71651242120171],[-74.2355630798424,6.71650982236838],[-74.2355734715536,6.716507223535],[-74.2355838650615,6.71650722085856],[-74.2355968573954,6.71650462113304],[-74.2356020550477,6.71650202408396],[-74.2356124467589,6.71649682909361],[-74.2356202414406,6.71649682641715],[-74.2356280379189,6.71649422936802],[-74.235643629079,6.71649162964243],[-74.235656621413,6.71648902991683],[-74.2356670140225,6.71648643108337],[-74.2356774057337,6.71648123698498],[-74.2356851986188,6.71647863904362],[-74.2356981963426,6.71647863369073],[-74.2357137839095,6.71647862833783],[-74.2357215821844,6.71647862655354],[-74.2357267762434,6.71647602950433],[-74.2357449662296,6.71647342888646],[-74.2357527609113,6.71647342710217],[-74.235760558288,6.71647082737647],[-74.2357683502748,6.71646563506224],[-74.2357735470287,6.71646044185578],[-74.2357813390154,6.71645265249208],[-74.235791731625,6.71644226697101],[-74.2357995263067,6.71643707376431],[-74.2358047221623,6.7164318814497],[-74.2358099162213,6.71642928440023],[-74.2358203088308,6.71642668467428],[-74.2358307032369,6.7164188944179],[-74.2358384979187,6.71641889263361],[-74.2358488896299,6.71641369764236],[-74.2358566861082,6.71640850443536],[-74.2358618810655,6.71640850354323],[-74.23587227637,6.71640330855187],[-74.235877470429,6.71639811802119],[-74.2358826671829,6.71639552097155],[-74.2358956577202,6.71639032598005],[-74.2359060503297,6.71638513098849],[-74.2359190399687,6.71637733983928],[-74.2359294325782,6.71637214573977],[-74.2359372290566,6.71636954779782],[-74.2359424240139,6.71636695074802],[-74.2359606131018,6.71636175397193],[-74.2359684068852,6.71635915602991],[-74.2359839962486,6.71635136488028],[-74.2359891930025,6.71634617167262],[-74.2359969849893,6.71633838319925],[-74.2360021826415,6.71633578436499],[-74.2360099746283,6.71633059294145],[-74.2360255648901,6.71632539616495],[-74.2360359583979,6.71632279822277],[-74.2360463528041,6.71631760233832],[-74.2360567436169,6.71630981297236],[-74.2360619376759,6.71630461976425],[-74.2360723329804,6.71629942744821],[-74.2360827237933,6.71629163808197],[-74.2360931164028,6.71628384782341],[-74.2361009119828,6.71628124988099],[-74.2361061060418,6.71627605667258],[-74.2361139016218,6.71627086346411],[-74.2361216936086,6.71626567114774],[-74.2361268921592,6.71626307320522],[-74.2361320862181,6.71626047615486],[-74.2361424779293,6.71625528116193],[-74.236150275306,6.71625268411149],[-74.2361554711616,6.71624749090277],[-74.236163264945,6.71624489296019],[-74.2361736566562,6.71623969885922],[-74.2361814540329,6.71623710091657],[-74.2361970407014,6.7162344994053],[-74.236204838078,6.71622930708855],[-74.2362178313103,6.71622930262778],[-74.2362230253693,6.71622930084348],[-74.2362334206738,6.71622670111648],[-74.2362386147327,6.71622150879964],[-74.2362516070667,6.71621890907259],[-74.2362620032695,6.71621631112982],[-74.2362697952562,6.71621111702858],[-74.2362801896624,6.71621111256783],[-74.2362957799241,6.71620851284071],[-74.2363035728092,6.71620332052368],[-74.2363113701859,6.71620072258083],[-74.2363243598249,6.71619293142868],[-74.2363321536083,6.71619033348576],[-74.2363373512605,6.71618514116854],[-74.2363477429718,6.7161825432256],[-74.2363555403484,6.71617994439051],[-74.2363607326108,6.71617475207315],[-74.2363711270169,6.71617215413017],[-74.2363763228725,6.71616696092059],[-74.2363815187281,6.71616176771095],[-74.2363867127871,6.71615657450126],[-74.2363945110621,6.71615657182479],[-74.2364049045699,6.71615656914837],[-74.2364101040188,6.71615916263068],[-74.2364178978022,6.71615916084639],[-74.2364230972511,6.71615915906205],[-74.2364308901361,6.71615656111901],[-74.2364386839195,6.71615655755041],[-74.2364490801223,6.71615395871514],[-74.236462071558,6.7161513598799],[-74.2364750647902,6.71615135541913],[-74.2364802606458,6.71615135363484],[-74.2364854591964,6.71615135185054],[-74.2364958509076,6.71614875301528],[-74.2365114420677,6.71614355802115],[-74.2365218337789,6.71614095740152],[-74.2365296320538,6.71613835945834],[-74.2365348261128,6.7161383585662],[-74.2365452223156,6.71613575973084],[-74.2365582128529,6.71613056473657],[-74.2365660066363,6.71612796590121],[-74.2365738004197,6.71612536795795],[-74.2365815986947,6.71612536617365],[-74.2365867927537,6.71612536349722],[-74.236594591927,6.71612536171292],[-74.2366023857104,6.71612535903645],[-74.2366127783199,6.7161227610932],[-74.2366205739,6.71611756699095],[-74.2366283658867,6.71610977940604],[-74.2366387611912,6.71610458441151],[-74.2366439579451,6.71610717878627],[-74.2366569502791,6.71610717343335],[-74.2366621479313,6.71610457638215],[-74.2366725387442,6.71609938317184],[-74.2366777381931,6.7160993804954],[-74.2366829331503,6.71609937871107],[-74.2366855310782,6.716096782552],[-74.2366959236877,6.71609158844945],[-74.2367011213399,6.71608899139817],[-74.2367115121528,6.71608120202852],[-74.2367193086312,6.71607860408504],[-74.2367297030373,6.71607859962428],[-74.2367400956468,6.71607859694782],[-74.2367452941974,6.71607859516352],[-74.2367556868069,6.71607599722],[-74.2367634805903,6.7160759936514],[-74.2367764729243,6.71607339481575],[-74.2367894661565,6.71607338946285],[-74.2368024593888,6.71607338589421],[-74.236807657041,6.71607078795071],[-74.2368258461289,6.71606559206358],[-74.2368466322463,6.71606039349996],[-74.2368544287246,6.71605779555635],[-74.2368622207114,6.71605260234555],[-74.2368726142192,6.7160474073504],[-74.2368856047566,6.71604480851458],[-74.2368934021332,6.71604220967872],[-74.2369037938444,6.71603701557561],[-74.2369167861784,6.71603441584758],[-74.2369219802373,6.71603181879599],[-74.2369323764401,6.71602922085223],[-74.2369479667019,6.71602661844771],[-74.236963555167,6.71602401871963],[-74.2369713516454,6.71602142077583],[-74.2369817451532,6.71601882193986],[-74.2369869410088,6.71601363051296],[-74.2369921359661,6.71601103346122],[-74.237002526779,6.71600583846562],[-74.2370077253295,6.71600064614643],[-74.2370155209096,6.71599804909466],[-74.2370259144174,6.71599544936642],[-74.2370337082008,6.71599285142246],[-74.2370389049547,6.71599025437066],[-74.2370492975643,6.71599025080205],[-74.2370596928687,6.71599284250096],[-74.2370674911437,6.71599284071666],[-74.2370778837532,6.71599283714804],[-74.237085678435,6.7159902392041],[-74.237098668074,6.71598244894069],[-74.2371090642767,6.71597985010453],[-74.2371220548141,6.71597465510859],[-74.2371324492202,6.71597465064783],[-74.2371506347148,6.71597205002733],[-74.2371584329898,6.71596945208324],[-74.2371714226288,6.71596166092738],[-74.23718181434,6.71595387066355],[-74.2371922060512,6.71595127271937],[-74.2372000016313,6.71594607861529],[-74.2372129921686,6.71593569308342],[-74.2372285806337,6.71592530487485],[-74.2372363744171,6.71592270782266],[-74.2372519637806,6.71591751282611],[-74.2372568380393,6.71591584450333],[-74.237256837141,6.71591324834324],[-74.237264632721,6.71590805513089],[-74.2372672279539,6.7159054589708],[-74.2372750244322,6.71590286102636],[-74.2372828191139,6.7159028583499],[-74.2372932117235,6.71590025862114],[-74.2372984111723,6.71590025772901],[-74.2373062049557,6.71590025505255],[-74.2373166011585,6.71589765710808],[-74.2373243949419,6.71589765353947],[-74.2373321887253,6.71589765175518],[-74.2373373881742,6.71589764997088],[-74.2373529802326,6.71590023988598],[-74.2373581787831,6.71589764283369],[-74.237368572291,6.71589764015721],[-74.2373737672483,6.71589763748075],[-74.2373737663499,6.7158950431049],[-74.2373815628283,6.71589244337611],[-74.2373919572344,6.71589503685983],[-74.237397155785,6.71589503507554],[-74.2374153430762,6.71589502883047],[-74.2374309360329,6.71589502347757],[-74.2374361345835,6.71589502169327],[-74.2374439283669,6.71589501990898],[-74.2374569215992,6.71589761071622],[-74.237462121048,6.71589760893193],[-74.2374699130348,6.71589241482728],[-74.2374803038477,6.71588462545447],[-74.2374855032966,6.71588462367017],[-74.2374907000505,6.71588202661779],[-74.2374984929355,6.71587683251295],[-74.2375036896895,6.71587164108451],[-74.2375088837484,6.71586904313989],[-74.2375140796041,6.71586384992711],[-74.2375192781546,6.71585865760637],[-74.2375244704169,6.7158508709095],[-74.237532265997,6.71584567769648],[-74.2375374609543,6.71584307975172],[-74.2375426568099,6.7158378874308],[-74.2375504487966,6.71583009894928],[-74.2375530467244,6.71582750278874],[-74.237558245275,6.71582490573605],[-74.2375634402323,6.71582490395176],[-74.2375790322907,6.71582489859886],[-74.2375868278707,6.71582229976182],[-74.2375972195819,6.71581450949575],[-74.2376024136409,6.71580931806666],[-74.2376076112931,6.71580672101388],[-74.2376154032799,6.7157989316397],[-74.2376309908467,6.71578854521254],[-74.2376543757902,6.71577296378705],[-74.2376595698491,6.71577036673404],[-74.2376673672258,6.71576776878891],[-74.2376777580387,6.71576257379072],[-74.2376855518221,6.71575997762981],[-74.2376959444316,6.71575478352366],[-74.2377115346934,6.71574958674103],[-74.2377167314473,6.7157443944191],[-74.2377219299978,6.71574439352693],[-74.237729722883,6.71574179468951],[-74.2377349214335,6.71573919763636],[-74.237745314043,6.7157391949599],[-74.2377531069281,6.71573400085355],[-74.2377660983637,6.71572880496282],[-74.2377738939438,6.71572361264068],[-74.2377816877272,6.71572360996422],[-74.2377946782645,6.71571581880441],[-74.2378050699757,6.71571062469783],[-74.2378154661785,6.71570802586018],[-74.2378232608602,6.71570802407587],[-74.237831052847,6.71570282996921],[-74.2378414490498,6.71570022934722],[-74.2378492428332,6.71569763318602],[-74.23785703482,6.71569243907922],[-74.2378648321966,6.71568984113366],[-74.2378700262556,6.7156872440802],[-74.2378778227339,6.7156846443503],[-74.2378830212845,6.71568204908115],[-74.2378908141696,6.71567945113551],[-74.2378960118218,6.7156768531899],[-74.2379090032575,6.71567165908287],[-74.2379167961425,6.71566646497581],[-74.2379297866799,6.71566127086866],[-74.237937579565,6.7156560767615],[-74.2379453760433,6.71565347881573],[-74.2379557677545,6.71564828470845],[-74.2379609663051,6.7156456876548],[-74.2379713580163,6.7156404926553],[-74.2379791509014,6.71563529944004],[-74.2379843485536,6.71563529765574],[-74.2379921432353,6.71563269970986],[-74.2379999397137,6.71563269792556],[-74.2380103332215,6.71563009908752],[-74.2380207249327,6.71562749846518],[-74.2380285232077,6.71562749668085],[-74.2380337172667,6.71562489962709],[-74.238041513745,6.71562230168116],[-74.2380493066301,6.71561710757357],[-74.2380545042824,6.71561451051976],[-74.2380648968919,6.71560931641206],[-74.2380752868064,6.71560152703475],[-74.238085679416,6.71559633203479],[-74.2380908770682,6.715593735873],[-74.2380986699533,6.71559113703476],[-74.2381038694022,6.71559113435829],[-74.2381090652578,6.71558594292681],[-74.2381194578673,6.71558334408853],[-74.2381272534473,6.71558334051993],[-74.2381324493029,6.7155781481962],[-74.2381402439846,6.71557814551972],[-74.2381506392891,6.71557295141167],[-74.238153231827,6.71556516560238],[-74.2381610283054,6.71555997238634],[-74.2381662232627,6.71555737444005],[-74.2381714191183,6.71555218300821],[-74.2381818090328,6.71554179657575],[-74.2381922043373,6.71553660157515],[-74.2381999963241,6.71552881308881],[-74.238205193078,6.71552621603453],[-74.2382077883108,6.71552102371018],[-74.2382233776743,6.71551582870935],[-74.2382519620666,6.7155106274634],[-74.2382571588206,6.71550803040902],[-74.2382701511545,6.71550543067815],[-74.2382779440396,6.71550023746147],[-74.2382831407935,6.71549763951489],[-74.2382961331275,6.7154950406761],[-74.2383091236648,6.71548984478286],[-74.2383221168971,6.71548984121426],[-74.2383377080571,6.71548724059113],[-74.2383532983189,6.71548204380564],[-74.2383662897545,6.7154794449668],[-74.2383740844362,6.71547684612792],[-74.2383844761475,6.71547424818122],[-74.2383896737997,6.71547165201879],[-74.2384000673075,6.71546905317989],[-74.2384052649598,6.71546905050343],[-74.238415656671,6.71546385639417],[-74.2384260510771,6.71546385282557],[-74.2384390434111,6.71546125398665],[-74.2384442410633,6.71546125220234],[-74.2384494360206,6.71546125041804],[-74.2384598313251,6.71545605541657],[-74.2384650262823,6.71545345836187],[-74.2384728218624,6.71545085952288],[-74.2384832135736,6.71544566719776],[-74.2384884076326,6.71544306835871],[-74.2384936061831,6.71543787692568],[-74.238503996996,6.71543268192392],[-74.2385091937499,6.71543008486912],[-74.2385143923005,6.71542748692216],[-74.2385221851856,6.71542488986733],[-74.2385403760701,6.71542228835172],[-74.2385481689552,6.71541968951257],[-74.2385559618402,6.71541449540279],[-74.2385637592169,6.71541189745575],[-74.2385741518264,6.71540929950868],[-74.2385871432621,6.71540669888513],[-74.2385949397404,6.71540410183019],[-74.2386001346977,6.71540150477525],[-74.2386105246123,6.71539371450244],[-74.2386157231628,6.71538852217668],[-74.2386235160479,6.71538592333735],[-74.238631311628,6.71538332539014],[-74.2386391054114,6.71537813217214],[-74.2386520959487,6.71537293895409],[-74.2386572936009,6.71537034100684],[-74.2386650882826,6.71537033922253],[-74.2386806776461,6.7153625471649],[-74.2386910702556,6.71535994743326],[-74.2387118590679,6.71535474975428],[-74.2387222516774,6.7153521518069],[-74.2387326433886,6.71534436153331],[-74.238740439867,6.71534176269371],[-74.2387482318538,6.71533656947526],[-74.2387586253616,6.71533137536462],[-74.2387690197678,6.71532877563283],[-74.2387742138267,6.71532617857748],[-74.2387846073346,6.71532358062993],[-74.2387898049868,6.71532098268239],[-74.2387950017407,6.715318385627],[-74.2388079931764,6.71531319062401],[-74.2388209828154,6.71530539945762],[-74.2388261777727,6.71530280240215],[-74.238833974251,6.7153002044545],[-74.2388443668605,6.71529501034347],[-74.2388495654111,6.71529500855916],[-74.2388573591945,6.71529240971931],[-74.2388625568467,6.71529240882716],[-74.2388703524268,6.7152924061507],[-74.2388833420658,6.71528461498399],[-74.238888539718,6.71528461409185],[-74.238893733777,6.71528201703627],[-74.2388989314292,6.71527682470932],[-74.2389067243143,6.71527163149018],[-74.2389171178221,6.71526384210747],[-74.2389223118811,6.71526124505174],[-74.2389301083595,6.71525605094031],[-74.2389353006218,6.71525085861311],[-74.2389404991724,6.71524826066517],[-74.2389508908836,6.71524306655357],[-74.2389612807981,6.71523527717041],[-74.2389690781748,6.71523008395082],[-74.238979469886,6.71522488894689],[-74.2389872618728,6.71521969483502],[-74.2390132447441,6.71521190009855],[-74.2390184432946,6.71520930304258],[-74.2390262361797,6.71520670509442],[-74.2390366323825,6.71520410536194],[-74.239047024992,6.71520150741379],[-74.2390574167032,6.71519631240955],[-74.2390652131816,6.71519111918956],[-74.2390704063422,6.71518592686163],[-74.2390807980534,6.71518073364153],[-74.2390911915613,6.7151729433652],[-74.2391015850691,6.71517034452472],[-74.2391119776786,6.71517034095611],[-74.2391223720848,6.71517033738748],[-74.239127569737,6.71516774122345],[-74.2391353626221,6.71516514149076],[-74.2391405611726,6.71516254621884],[-74.2391457579266,6.71515994916257],[-74.2391509510872,6.71515475594221],[-74.2391561487395,6.7151521588859],[-74.2391613445951,6.71515215710161],[-74.2391665422473,6.71514955915315],[-74.2391821316107,6.71514436414835],[-74.239187326568,6.71514436147191],[-74.2391925242202,6.71513916914349],[-74.2392070724363,6.71512778795201],[-74.2392114202823,6.71512561466809],[-74.2392157690265,6.71512343959987],[-74.2392331640037,6.71511474557195],[-74.2392418641872,6.71511257050367],[-74.2392483877528,6.71511039721969],[-74.2392549086235,6.71510605065171],[-74.2392614339857,6.71510387558337],[-74.2392701323726,6.71509952901534],[-74.2392788280645,6.7150930091632],[-74.2392897012727,6.71508866081076],[-74.2392962248383,6.71508865902646],[-74.2393027493022,6.7150864848502],[-74.2393244948203,6.71507996053713],[-74.2393397203661,6.71507995607635],[-74.239344068212,6.71507778279223],[-74.239348416058,6.71507778100792],[-74.2393549396236,6.71507343354749],[-74.2393614640875,6.71507343176318],[-74.2393701633727,6.71507342908675],[-74.2393810365809,6.71507125401828],[-74.2393897349678,6.7150690789498],[-74.2393962603301,6.71506690388132],[-74.2394071308433,6.71506255552865],[-74.2394179995599,6.71504734699978],[-74.2394288718698,6.71504082714695],[-74.2394375702567,6.71503430818617],[-74.2394462650503,6.71502344444087],[-74.2394549634372,6.71501909697999],[-74.2394593103849,6.71501040651878],[-74.2394636573325,6.71500605994991],[-74.2394701799998,6.71499954188083],[-74.2394788756918,6.71498650485023],[-74.2394853983591,6.71498433067353],[-74.2394875695871,6.71497781438846],[-74.239491920128,6.71497564021174],[-74.239496267974,6.71497129453468],[-74.2395049663609,6.71496694796548],[-74.2395093133086,6.7149626013962],[-74.2395136629512,6.71495825571904],[-74.2395180107971,6.71495608243437],[-74.2395223577448,6.71494956436462],[-74.2395332318513,6.71494956079602],[-74.2395484582954,6.71495389933601],[-74.2395528070397,6.71495389755171],[-74.2395593333002,6.71495606905208],[-74.2395658559675,6.71495606637561],[-74.2395789048953,6.714956062807],[-74.2395876023839,6.71494954295295],[-74.2395919529248,6.71494954206078],[-74.2395984773887,6.71494953849217],[-74.2396093496986,6.7149495358157],[-74.2396158759591,6.7149517055318],[-74.2396202256018,6.71495170374749],[-74.239626750964,6.71495170196319],[-74.2396354493509,6.71495169839458],[-74.2396463207624,6.71494735182518],[-74.2396506713034,6.71494517675613],[-74.2396637184345,6.71493865690193],[-74.2396702411018,6.71493865511762],[-74.2396832873347,6.71493213347903],[-74.2396876369773,6.71492996019426],[-74.2396941614412,6.71492995751778],[-74.2397050346494,6.71492995394917],[-74.2397137330363,6.71492777977222],[-74.2397202583985,6.71492343320261],[-74.2397246062445,6.71492125902561],[-74.2397311280135,6.71491474006326],[-74.2397376497824,6.71490822110078],[-74.2397441742463,6.714903874531],[-74.2397528717349,6.71490169946179],[-74.2397659206627,6.71490169589318],[-74.23977244333,6.7148995217161],[-74.2397811426152,6.71489734664686],[-74.2397898410021,6.71489299918481],[-74.239798539389,6.7148929956162],[-74.2398050638529,6.7148929938319],[-74.2398115883168,6.71489081965478],[-74.2398181118824,6.71489081787048],[-74.239824635448,6.71488647040836],[-74.2398311581153,6.71488429712337],[-74.2398398556039,6.71487994966124],[-74.2398463782712,6.71486908680463],[-74.2398507252188,6.71486474112667],[-74.2398594209108,6.7148517049846],[-74.239870291424,6.71484301273614],[-74.2398876881978,6.714838661705],[-74.2398942117634,6.71483431513459],[-74.2399072597929,6.71483431067382],[-74.2399181356961,6.71483865189131],[-74.2399268349813,6.71483864921483],[-74.2399311828272,6.71483647503747],[-74.2399355315715,6.71483430175226],[-74.2399442308567,6.71483429907582],[-74.2399529310403,6.71483429550721],[-74.2399616303255,6.71483212043766],[-74.2399899012058,6.71483211151614],[-74.2399985995927,6.71482776494567],[-74.2400094710042,6.71482124419773],[-74.2400138197485,6.71481907091245],[-74.2400203442124,6.71481472344971],[-74.2400268659814,6.71481255016439],[-74.2400377400879,6.71481254570361],[-74.2400399140109,6.7148103724183],[-74.2400464321866,6.71478864848612],[-74.2400529566505,6.7147864752007],[-74.2400616532408,6.71478212773766],[-74.2400681759081,6.71477778116675],[-74.2400725246524,6.71477560698911],[-74.2400768751933,6.71477343370362],[-74.2400812230393,6.714771259526],[-74.2400920971458,6.71476908445616],[-74.240102970354,6.7147669084942],[-74.2401138426638,6.71476473164009],[-74.2401268906933,6.71476255567808],[-74.2401442892638,6.71476037793176],[-74.2401486380081,6.7147603770396],[-74.2401595121146,6.71476037257885],[-74.2401638599605,6.71475820018543],[-74.2401725574491,6.71474733554185],[-74.2401660257987,6.71473213235605],[-74.2401768981086,6.71472561249899],[-74.2401877722151,6.71472560893038],[-74.240196470602,6.71472343386037],[-74.240200818448,6.71471691489534],[-74.2402051680906,6.71471474250173],[-74.2402116907578,6.71471256743168],[-74.2402225630677,6.71470821907584],[-74.2402312632513,6.71470821550723],[-74.240233433581,6.71469735443113],[-74.2402334317844,6.71469083903436],[-74.2402290812434,6.71468649513909],[-74.2402312533698,6.71467780556413],[-74.2402377769354,6.71467345988441],[-74.2402486501436,6.71467345542363],[-74.240261700868,6.71467996903635],[-74.2402725758729,6.71467996457556],[-74.2402769246171,6.71467996368341],[-74.2402986728302,6.71467995565402],[-74.2403073721154,6.71467995297758],[-74.2403182480185,6.71468429419645],[-74.2403269464054,6.71468646302156],[-74.240333472666,6.71469080602468],[-74.2403399980282,6.71469080245607],[-74.2403530451594,6.71468645410004],[-74.2403617417497,6.71468427902982],[-74.2403726158562,6.71468210395963],[-74.2403878378087,6.71467558142542],[-74.2403943595776,6.71467123574574],[-74.2404052318875,6.7146647149957],[-74.2404161050957,6.71466036753156],[-74.2404226286613,6.71465819246127],[-74.2404291522269,6.71465601739096],[-74.2404356748942,6.71464950020932],[-74.2404487220254,6.71464515096074],[-74.2404595952335,6.71464297499823],[-74.2404748171861,6.71463862574961],[-74.2404791668286,6.71463645157135],[-74.2404922139598,6.71463210410699],[-74.2404965618058,6.71462775753471],[-74.2405009114484,6.71462558335643],[-74.2405074332174,6.71462123678412],[-74.2405183046289,6.71461471692555],[-74.2405270030159,6.714610369461],[-74.2405335256831,6.71460819617478],[-74.2405378753257,6.71460384960228],[-74.2405422249683,6.71460602110421],[-74.2405509251519,6.7146060175356],[-74.2405596226404,6.71460167096313],[-74.2405726688733,6.71459297781803],[-74.2405857160045,6.71459080096313],[-74.2405900647488,6.71458862678465],[-74.240598764034,6.71458862410817],[-74.2406270349143,6.71458427039831],[-74.2406357350978,6.71458644100816],[-74.2406466092044,6.7145864365474],[-74.2406509597453,6.71458643565526],[-74.2406553057946,6.71457991579625],[-74.2406596527423,6.71457339861359],[-74.2406661754095,6.71456687964655],[-74.2406726989751,6.71456687786224],[-74.2406726980768,6.71456253396587],[-74.2406726962802,6.71455601678299],[-74.2406705187639,6.71454732899],[-74.2406683439426,6.71454515748781],[-74.2406726908903,6.71454298420128],[-74.2406813901755,6.71454080913047],[-74.2406857407165,6.71454297974052],[-74.2406900921557,6.71454515035058],[-74.2406987923392,6.71454949157067],[-74.2407074907261,6.71455166039638],[-74.2407118430637,6.71455383189853],[-74.2407183657309,6.71455383011423],[-74.2407227162718,6.71455382743775],[-74.2407335903784,6.71455165236698],[-74.2407379382243,6.7145494790805],[-74.2407596819458,6.71453860997148],[-74.2407683803327,6.71453209100396],[-74.2407792517442,6.71452557114422],[-74.2407901240541,6.71451905039223],[-74.2407966458231,6.71451470381897],[-74.24080534421,6.714508183959],[-74.240811865979,6.71450166588324],[-74.2408270861348,6.7144907994496],[-74.2408488298563,6.71447775972893],[-74.2408553516252,6.71447558465782],[-74.2408597012678,6.71447123897629],[-74.2408662239351,6.7144668924026],[-74.2408749214237,6.71446254582888],[-74.2408901415796,6.71445602418387],[-74.2408944921205,6.71445385000483],[-74.2409162376386,6.7144473265754],[-74.240931462286,6.71444949272512],[-74.2409401606729,6.71444949004864],[-74.2409488599581,6.71444948648004],[-74.2409662594268,6.71444948201926],[-74.2409749578137,6.71444947845065],[-74.2409858319203,6.7144473033794],[-74.241003228694,6.71444512473954],[-74.2410119270809,6.71444294966824],[-74.2410271490334,6.71443860041787],[-74.2410380231399,6.71443859684926],[-74.2410445476038,6.71443642267009],[-74.2410554199137,6.71443207520393],[-74.2410749906105,6.71442989567183],[-74.241090215258,6.7144255464213],[-74.2410989127465,6.71442337134995],[-74.2411054372105,6.71442336956564],[-74.241114134699,6.71441902209939],[-74.2411271818302,6.71441467284875],[-74.2411358802171,6.71441032538238],[-74.2411445768074,6.71440597970029],[-74.241151100373,6.71440163312601],[-74.241172845891,6.71439293640875],[-74.24117936766,6.71438641654711],[-74.2411924138929,6.71437772339817],[-74.2412011095848,6.71437120442851],[-74.2412119818947,6.71436685696179],[-74.2412272047455,6.71436033620767],[-74.2412337283111,6.71435816113603],[-74.2412467736457,6.71435163948962],[-74.2412532981096,6.71434946620224],[-74.2412706930867,6.71434077216049],[-74.2412880898605,6.71433207544213],[-74.2412946134261,6.71432772975933],[-74.2413033109147,6.71432772708289],[-74.2413185328672,6.71431903393287],[-74.2413228807132,6.71431685975321],[-74.2413294051771,6.71431251139381],[-74.2413337512264,6.71430599509974],[-74.2413402729954,6.71429947702127],[-74.241351144407,6.71429078387079],[-74.2413620149202,6.71428209161229],[-74.2413707124088,6.71427557174919],[-74.2413750620514,6.71427339846148],[-74.2413859316663,6.71426470620267],[-74.2414033284401,6.71425601215939],[-74.2414120259287,6.71424949140379],[-74.2414207216206,6.71424514482812],[-74.2414337687518,6.71423645167666],[-74.2414424662404,6.71423210510086],[-74.241446815883,6.71422993002865],[-74.2414620369372,6.71422340838053],[-74.2414707353241,6.71421906180462],[-74.2414816058373,6.71421036954484],[-74.2414859536833,6.71420819536469],[-74.2414903042243,6.71420602207668],[-74.2414968259932,6.71420167550059],[-74.2415076983031,6.71419515563642],[-74.2415142218687,6.71419297967188],[-74.2415229193573,6.71418863398786],[-74.2415337916672,6.71418645802328],[-74.2415424909524,6.71418428295088],[-74.2415468387983,6.71418210966275],[-74.2415528179849,6.71417171338737],[-74.2415636902948,6.71416519352279],[-74.241576734731,6.71415432886594],[-74.2415919539885,6.71414346242456],[-74.2416049993231,6.71413259598294],[-74.2416180437593,6.71411955982127],[-74.2416245673249,6.71411521235229],[-74.2416310890939,6.71411086577539],[-74.2416397865825,6.71410434680218],[-74.2416506570957,6.71409348303612],[-74.2416615294056,6.71408696317052],[-74.2416702259959,6.71408044152048],[-74.2416832722287,6.71407175015039],[-74.2416897957943,6.71406957507745],[-74.2417050159502,6.71406088103068],[-74.241722410029,6.71405001369506],[-74.2417332814406,6.71404132321656],[-74.2417398059045,6.71403914814349],[-74.2417550251621,6.71403045498836],[-74.2417702471145,6.71402176094089],[-74.2417767697818,6.71401958586773],[-74.24178764299,6.71401523750571],[-74.2418006892229,6.71400871674688],[-74.2418137363541,6.71400436749258],[-74.2418289583066,6.71399567344465],[-74.2418441775641,6.71398697939656],[-74.2418550507723,6.71398480521542],[-74.2418659230822,6.71397828356403],[-74.2418789693151,6.71396741890302],[-74.241892012853,6.7139565533496],[-74.2419028842646,6.71394568868812],[-74.2419224522664,6.71393047655573],[-74.2419354967026,6.71391961189367],[-74.2419441941912,6.71391091962854],[-74.2419550647045,6.71390439976049],[-74.2419681118357,6.71389787900017],[-74.2419789841455,6.71389135913191],[-74.2419920285818,6.71388266597413],[-74.242000727867,6.713878318503],[-74.242009423559,6.71387397192403],[-74.2420202967672,6.71386962266852],[-74.2420246473081,6.71386744937899],[-74.2420355187196,6.71386092951035],[-74.2420442144116,6.71385440874946],[-74.2420550858232,6.71384571737533],[-74.2420572561529,6.71383485538781],[-74.2420681275645,6.71382833551873],[-74.242076825053,6.71381964503631],[-74.242089868591,6.71380877858743],[-74.2420963921566,6.71380008899679],[-74.2421029130272,6.71379356912725],[-74.2421094365928,6.71379139405307],[-74.2421181349797,6.71378487596769],[-74.2421311821109,6.71378269821704],[-74.2421398822944,6.71378052314277],[-74.2421442301404,6.71377834985285],[-74.2421485779864,6.71377834806855],[-74.2421529267306,6.71377400238084],[-74.2421572763732,6.71376965669306],[-74.2421637990405,6.71376531011311],[-74.2421703208095,6.71376096264094],[-74.2421790182981,6.71375444455517],[-74.242183366144,6.71375226948083],[-74.2421877148883,6.71374792468503],[-74.2421942375556,6.71374357899701],[-74.2422072855851,6.7137392288482],[-74.2422159821754,6.71373270986999],[-74.2422377249985,6.71371749683878],[-74.2422464215888,6.71371097786031],[-74.2422551199757,6.71370445888171],[-74.2422616417446,6.71370011140899],[-74.2422681662086,6.71369793722658],[-74.2422746879775,6.71369141913998],[-74.2422790367218,6.71368707255928],[-74.2422877351087,6.7136827259786],[-74.2422920820564,6.71367837939786],[-74.2423051282892,6.71366968534411],[-74.2423138257778,6.71366533965543],[-74.2423225232664,6.71365881978405],[-74.2423312189583,6.7136544714188],[-74.2423486139355,6.71363926106162],[-74.2423573123224,6.71363274118992],[-74.2423660062177,6.71362405070398],[-74.2423747037063,6.71361753083207],[-74.2423812272719,6.71361101185223],[-74.2423942717081,6.71360014718303],[-74.242405144018,6.71359579881726],[-74.242409491864,6.71359362463434],[-74.2424268877395,6.71358275818044],[-74.2424334104068,6.71357841159882],[-74.242439933074,6.71357406501711],[-74.24244428092,6.7135697184354],[-74.2424573271529,6.71356102616402],[-74.2424638507185,6.71355885198098],[-74.2424747230283,6.7135523321082],[-74.2424790708743,6.71355015792509],[-74.2424855944399,6.713545810451],[-74.2424921171072,6.71354146386905],[-74.2424986397745,6.7135371181792],[-74.2425051624417,6.71353277159716],[-74.2425138599303,6.71352625172403],[-74.2425203843942,6.71352407664868],[-74.2425290800862,6.71351973006652],[-74.2425356027535,6.71351321108536],[-74.2425421272174,6.71350886450311],[-74.2425529986289,6.71350234462967],[-74.2425638718371,6.71350016866203],[-74.2425747423504,6.7134936478963],[-74.2425790910947,6.71348930309818],[-74.2425877903799,6.71348712802266],[-74.2425943130472,6.71348495294711],[-74.2426051853571,6.71348060458026],[-74.2426138846423,6.7134784295047],[-74.2426225821308,6.71347191052301],[-74.2426291038998,6.71346973544737],[-74.2426356283637,6.7134653897569],[-74.2426530242392,6.7134588672064],[-74.2426595478048,6.71345669302287],[-74.2426638956508,6.7134545197315],[-74.2426812942212,6.71345016868795],[-74.2426856420672,6.71344799539654],[-74.2426921674294,6.713445821213],[-74.2426986883,6.71344147373798],[-74.2427030379426,6.71343930044654],[-74.2427139102525,6.71343277967999],[-74.2427247807658,6.71342408919047],[-74.242735651279,6.71341756663942],[-74.2427465226906,6.71341104765691],[-74.2427552210775,6.71340670018159],[-74.2427595698218,6.71340235359839],[-74.2427639176678,6.71340018119891],[-74.2427682682087,6.7134001794146],[-74.242772616953,6.71339583283135],[-74.2427791387219,6.71339365953971],[-74.2427856631858,6.7133893129564],[-74.2427921867514,6.71338931117208],[-74.2428074078056,6.71338061711317],[-74.2428117556516,6.71337626963757],[-74.2428161052942,6.71337626874543],[-74.2428204540385,6.71337409456153],[-74.2428248018845,6.71337192216193],[-74.2428487222239,6.71336105302661],[-74.2428530718664,6.71335887973481],[-74.2428574197124,6.71335670555087],[-74.242863943278,6.71335235985936],[-74.2428704659453,6.71335018478321],[-74.2428748155879,6.7133480105992],[-74.2428791643322,6.71334583641519],[-74.2428835121782,6.71334366401547],[-74.2428900357438,6.71333714503195],[-74.2429030810783,6.7133306233719],[-74.2429226517751,6.71332192841981],[-74.2429378719309,6.71331106285199],[-74.2429443963949,6.71330888777565],[-74.2429509181638,6.71330454119154],[-74.2429617895754,6.71329802220754],[-74.2429704879623,6.71329367383903],[-74.2429813602722,6.7132871539627],[-74.2429878820411,6.71328280648629],[-74.2429922316837,6.71328063408629],[-74.242998754351,6.71327845900983],[-74.2430052779166,6.71327411153331],[-74.2430118005839,6.71327193734895],[-74.2430204980725,6.71326541836451],[-74.2430248477151,6.71326541747233],[-74.2430291973577,6.71326324418012],[-74.2430400687693,6.71325672251906],[-74.2430465923348,6.71325455011895],[-74.2430509410791,6.71325020264225],[-74.243066161235,6.71324150858085],[-74.2430705108776,6.71323933618066],[-74.2430792065695,6.7132349887038],[-74.2430900797778,6.71323281184281],[-74.2430944303187,6.71323063855045],[-74.2431009520876,6.71322629196568],[-74.2431096495762,6.71321977298058],[-74.2431161731418,6.71321542550358],[-74.2431270427568,6.71320673322586],[-74.243133565424,6.71319804273231],[-74.243140087193,6.71318935134645],[-74.2431466071653,6.71317848845216],[-74.2431509559096,6.71317414275907],[-74.2431553028573,6.71316979706592],[-74.2431618228296,6.71316110567957],[-74.2431661733705,6.71315676087849],[-74.2431705212165,6.71315241340089],[-74.2431748699608,6.71315024010815],[-74.2431792178068,6.71314589619915],[-74.2431835656527,6.71314589352266],[-74.243187917092,6.71314371933774],[-74.2431944397593,6.71314371755343],[-74.2432053138658,6.71314371398481],[-74.2432161879723,6.71314370952402],[-74.2432227124362,6.71314153533911],[-74.243233587441,6.71314153177049],[-74.2432401101083,6.71314152998619],[-74.2432466345722,6.71314152820185],[-74.2432509842148,6.7131415255254],[-74.2432553329591,6.71313718072413],[-74.2432640304477,6.71313283235422],[-74.2432749009609,6.71312631336789],[-74.2432792506035,6.71312413918287],[-74.2432857741691,6.71311979170498],[-74.2432901238117,6.71311979081284],[-74.2432944716577,6.71311761662779],[-74.243298820402,6.71311544511922],[-74.2433096927119,6.71311109585697],[-74.2433183910988,6.71310891988757],[-74.2433227398431,6.71310674748679],[-74.243329264307,6.71310457240955],[-74.243333612153,6.7131023991166],[-74.2433423114382,6.71310022403935],[-74.2433466619791,6.7130980498542],[-74.2433531828497,6.71309370416042],[-74.2433597073137,6.71309152908309],[-74.2433662290826,6.71308501098837],[-74.2433771013925,6.71308066261799],[-74.2433857988811,6.71307414363094],[-74.243392323345,6.71307196855356],[-74.2433988451139,6.71306979347616],[-74.2434031938583,6.71306544778208],[-74.2434053677812,6.71306110298016],[-74.2434118886519,6.7130545839929],[-74.2434162382945,6.71305023919086],[-74.2434227600634,6.7130437202034],[-74.2434369759028,6.71304165307682],[-74.2434456733914,6.71303513408925],[-74.243458718726,6.71302861420947],[-74.2434652422915,6.71302643913188],[-74.2434695928325,6.7130264364554],[-74.2434739415768,6.71302643556322],[-74.2434826390653,6.71301991568333],[-74.2434913365539,6.71301556909666],[-74.2434956852982,6.71301122250998],[-74.2435022079655,6.7130068768154],[-74.2435065567098,6.71300470262987],[-74.2435109036574,6.71300035693522],[-74.243517427223,6.71299383883928],[-74.243523948992,6.71298731985108],[-74.2435348213019,6.71298297147982],[-74.2435522153807,6.71296993171874],[-74.2435587389463,6.71296558513163],[-74.2435674346383,6.71295906614305],[-74.2435739573055,6.71295037475293],[-74.2435826538958,6.712943854872],[-74.2435848278188,6.71294168336266],[-74.2435913495878,6.71293733677531],[-74.2435978731533,6.71293081778635],[-74.2436043958206,6.7129264711989],[-74.2436087445649,6.71292429701299],[-74.2436130906143,6.71291777891603],[-74.2436196150782,6.71291560473011],[-74.2436261368471,6.71290908574086],[-74.2436304873881,6.71290691244705],[-74.243643530926,6.71289604686997],[-74.2436587510819,6.71288735280224],[-74.2436674485704,6.71288083381262],[-74.2436761469573,6.71287648722472],[-74.2436848444459,6.71286779494096],[-74.2436913662149,6.71286344835295],[-74.2436957140608,6.71286127416678],[-74.243708761192,6.71285040858868],[-74.2437152820627,6.71284606289265],[-74.2437218056283,6.71284388870641],[-74.2437283291939,6.71283954211817],[-74.2437326788365,6.71283736703974],[-74.2437392006054,6.71283519374559],[-74.2437413736301,6.71283084804943],[-74.243743550248,6.71282867564743],[-74.243750072017,6.71282432905908],[-74.2437565928876,6.71281563677438],[-74.2437652912745,6.71280911867596],[-74.2437739869665,6.71280259968529],[-74.2437826835568,6.71279390740021],[-74.243787032301,6.71279173410587],[-74.2437913810453,6.71278738751718],[-74.2438000767373,6.712778696124],[-74.2438066003029,6.71277652193743],[-74.2438152959948,6.71276782965189],[-74.2438218186621,6.71276348306299],[-74.2438326900737,6.71275696317956],[-74.243837038818,6.71275261659056],[-74.2438457372049,6.71274609759913],[-74.2438587807428,6.71273523291062],[-74.2438653016134,6.71272654151651],[-74.243869651256,6.7127221949272],[-74.243873999102,6.71271785012221],[-74.2438783451514,6.71271133202248],[-74.2438848678187,6.71270264062793],[-74.2438892156646,6.71270046644103],[-74.2439000861779,6.71268960264368],[-74.2439066097435,6.71268525605404],[-74.2439109566911,6.71268090946441],[-74.2439261786436,6.71267221539283],[-74.2439305255913,6.71266787058739],[-74.2439348743356,6.71266352488977],[-74.2439413979012,6.71265917740776],[-74.2439457457471,6.71265700411283],[-74.2439500953897,6.71265265752294],[-74.2439566162604,6.71264613853016],[-74.2439718346196,6.71263527294727],[-74.2439783581852,6.71262875484644],[-74.2439870556738,6.71262223585335],[-74.2439935774427,6.712617888371],[-74.243997926187,6.71261137116206],[-74.2440044470577,6.71260485038443],[-74.2440109706233,6.71260050468625],[-74.2440153166726,6.71259398658492],[-74.2440218420349,6.71259181239756],[-74.2440240150595,6.7125874675914],[-74.2440283620072,6.71258312189303],[-74.2440327107515,6.71257877619464],[-74.2440370585975,6.71257660289933],[-74.2440435830614,6.71257008390556],[-74.244047930009,6.71256573820704],[-74.2440522769567,6.71256139161633],[-74.244056625701,6.71255704591773],[-74.2440609744453,6.7125527002191],[-74.2440653231895,6.71254835452043],[-74.2440718440602,6.71254183463412],[-74.2440761928045,6.71253531742418],[-74.2440805406505,6.71253314412869],[-74.2440935841884,6.71251793373649],[-74.2441066304213,6.71250924055418],[-74.2441131530885,6.71250272155949],[-74.2441175000362,6.71249837675252],[-74.2441240236018,6.71249403016122],[-74.2441283714478,6.71248968356987],[-74.244134894115,6.71248316546708],[-74.244141415884,6.71247664557988],[-74.2441501133726,6.71247012658478],[-74.2441566360399,6.71246577999322],[-74.2441609838858,6.71246143340159],[-74.2441696822727,6.71245708680996],[-74.2441783779647,6.71245056781459],[-74.244187074555,6.71244404792694],[-74.2441957729418,6.71243970044301],[-74.2442022947108,6.71243100993576],[-74.2442109913011,6.71242449004789],[-74.2442175148667,6.71242231585973],[-74.2442218627126,6.71241797015988],[-74.2442262123552,6.71241362356785],[-74.2442327332259,6.71240927786796],[-74.2442414307145,6.71240058557586],[-74.2442457785605,6.71239841138759],[-74.2442501273047,6.71239189417577],[-74.2442566481754,6.71238754758347],[-74.244263171741,6.71238102858718],[-74.2442675186886,6.71237668288697],[-74.2442762161772,6.71237016389051],[-74.2442827397428,6.71236581640591],[-74.2442914363331,6.71236146981342],[-74.2443001338217,6.71235495081674],[-74.2443044816676,6.71235277573614],[-74.2443218766448,6.71233973685034],[-74.2443262226942,6.71233321874555],[-74.2443305723367,6.71232887393709],[-74.2443349201827,6.71232452734423],[-74.2443392680287,6.71232018164354],[-74.2443414437483,6.71232018075137],[-74.2443436176713,6.71231800656279],[-74.2443523142616,6.7123093169455],[-74.2443566621075,6.71230714186469],[-74.2443610108518,6.71230496856819],[-74.2443653586978,6.71229845046294],[-74.2443697056455,6.71229410476198],[-74.2443740552881,6.71229410297767],[-74.2443805779554,6.71228758487226],[-74.2443849258013,6.71228323917126],[-74.2443914475703,6.71227672017354],[-74.2443957954163,6.71227237358025],[-74.2444044920065,6.71226150977331],[-74.2444088389542,6.71225716496421],[-74.2444131885968,6.7122549907753],[-74.2444197112641,6.71225064418183],[-74.244428406956,6.71223977948226],[-74.2444371053429,6.71223326048397],[-74.2444414522906,6.71222891478243],[-74.2444458010349,6.71222456908089],[-74.2444544949302,6.71221587767766],[-74.2444588472677,6.71221587678548],[-74.2444631951137,6.71221370170425],[-74.244467543858,6.71221152840733],[-74.244469717781,6.7122093551104],[-74.2444740647287,6.71220500940866],[-74.2444784161679,6.7122028361117],[-74.2444805882942,6.71219631978939],[-74.2444849352419,6.71219197319538],[-74.2444892821896,6.71218762660134],[-74.2444958048568,6.71218110849448],[-74.2445001536011,6.71217893341311],[-74.2445066762684,6.71217241619833],[-74.244513199834,6.71216806871194],[-74.244519721603,6.71216372300983],[-74.244524069449,6.71215937641553],[-74.2445284181932,6.7121528592005],[-74.2445305903196,6.71214634109318],[-74.2445392878082,6.71213982209366],[-74.2445458086788,6.71213547460697],[-74.2445501583214,6.71213112979674],[-74.244556681887,6.71212895560728],[-74.2445588567083,6.71212678141785],[-74.2445697263233,6.71211809001283],[-74.2445740750675,6.71211374341812],[-74.2445784238118,6.71211157012077],[-74.2445827725561,6.712107223526],[-74.2445871204021,6.71210287871551],[-74.2445958178907,6.71209853212067],[-74.2446023387613,6.71209201312048],[-74.2446132110712,6.71208549144375],[-74.2446197346368,6.71208114484876],[-74.2446197337385,6.71207897333556],[-74.2446240815845,6.71207680003804],[-74.2446284321254,6.71207462584833],[-74.2446327781747,6.71206810863212],[-74.2446393026386,6.71206376203698],[-74.2446458244076,6.71205941365747],[-74.2446501713553,6.71205506884657],[-74.2446545209979,6.71205289465676],[-74.2446588697422,6.71205072046699],[-74.2446632202831,6.71204854806147],[-74.2446697411537,6.71204420057398],[-74.2446740907963,6.71204202816848],[-74.2446827873866,6.71203550738322],[-74.2446871370292,6.71203333497765],[-74.2446914830786,6.71202681597661],[-74.2446958318228,6.71202464267885],[-74.2447001823638,6.71202246848892],[-74.2447045293114,6.7120181227855],[-74.2447067032344,6.71201812189336],[-74.2447067032344,6.71201594948771],[-74.2447153998247,6.71200725808075],[-74.2447197503656,6.71200508478291],[-74.2447262703379,6.71199639337576],[-74.2447284433626,6.71199422097001],[-74.2447306163873,6.71198987615851],[-74.2447349651316,6.71198335715687],[-74.2447371390545,6.71198118475109],[-74.2447414869005,6.71197901056096],[-74.2447523574138,6.71197031915335],[-74.2447545331334,6.71196814585534],[-74.2447588809794,6.71196380015143],[-74.2447632270287,6.71195728204162],[-74.2447697487977,6.71194859152579],[-74.2447762705666,6.71194207163141],[-74.2447861448482,6.7119400830101],[-74.2447904917959,6.71193356400779],[-74.2447948414385,6.71192921919575],[-74.2448035380288,6.711922698409],[-74.2448100597977,6.71191835181252],[-74.2448187572863,6.71191183280995],[-74.244823104234,6.71190531469944],[-74.2448274529783,6.7118987965888],[-74.2448361477719,6.71189227669379],[-74.2448448452605,6.71188358439245],[-74.2448578896967,6.71187489209099],[-74.2448622393394,6.71187054638626],[-74.2448774576986,6.71185968078605],[-74.2448839821625,6.71185316178266],[-74.2448948517774,6.71184229707422],[-74.2449013726481,6.7118357780706],[-74.2449078962137,6.71182925995907],[-74.2449144170843,6.71182274095529],[-74.2449209388533,6.71181622195142],[-74.2449318093665,6.71180101242895],[-74.2449361563142,6.71179666761572],[-74.2449426789815,6.71179014771935],[-74.2449513737751,6.71178145720051],[-74.2449578973407,6.71177710881849],[-74.2449665939309,6.71176841740726],[-74.2449796392655,6.71175972510372],[-74.2449839871115,6.71175537850581],[-74.2449905106771,6.71175103280001],[-74.244997032446,6.71174668620204],[-74.2450079038576,6.71173799300595],[-74.2450144274232,6.71173364640785],[-74.2450209500905,6.71172930070186],[-74.2450361711447,6.7117206066133],[-74.2450448677349,6.71171191341676],[-74.2450535634269,6.71170539441139],[-74.2450579130695,6.71170322111221],[-74.2450622609155,6.71169887540596],[-74.2450687835827,6.71169452880749],[-74.2450753053517,6.71168801069405],[-74.245079654096,6.71168366409552],[-74.245084001942,6.71167931838907],[-74.2450883479913,6.7116727993833],[-74.2450926967356,6.71166845456894],[-74.2451013942242,6.71166193467082],[-74.2451079150948,6.71165324414971],[-74.2451122620425,6.71164889755086],[-74.2451187847098,6.71164237854465],[-74.2451253082753,6.71163368802317],[-74.2451296543247,6.71162716990892],[-74.245136176992,6.71162065179459],[-74.2451405248379,6.71161847671071],[-74.2451426978626,6.71161196038058],[-74.2451492196316,6.71160544137387],[-74.2451535683759,6.71160109566673],[-74.2451579126286,6.7115924060367],[-74.2451622631695,6.71158805854512],[-74.2451666092188,6.71157936980701],[-74.2451753067074,6.71157502142318],[-74.245181830273,6.71156850241598],[-74.245186178119,6.71156633000832],[-74.2451905250666,6.7115619834087],[-74.2451970486323,6.71155981010886],[-74.2452057470192,6.711553288425],[-74.2452100939668,6.71154677209401],[-74.2452187905571,6.71154242370989],[-74.2452231401997,6.71153807800218],[-74.24523183679,6.7115315589945],[-74.2452361837376,6.71152721239455],[-74.2452448821245,6.71152069249457],[-74.2452492299705,6.71152069160239],[-74.2452535787148,6.71151634589452],[-74.2452622762033,6.7115119975101],[-74.2452666258459,6.71150982510222],[-74.2452709718953,6.71150330787846],[-74.2452753224362,6.71150113279406],[-74.2452818442052,6.71149461467804],[-74.2452883668725,6.71149026807777],[-74.245297064361,6.71148374906944],[-74.245301412207,6.71147940246907],[-74.2453079330777,6.71147288346058],[-74.2453122809236,6.71146636534419],[-74.245316626973,6.71145767571174],[-74.2453231496403,6.71145115670297],[-74.2453318471288,6.71144463769411],[-74.2453383688978,6.71144029020125],[-74.2453448915651,6.71143377208443],[-74.2453492403094,6.71142942548358],[-74.245353587257,6.7114250797749],[-74.2453622847456,6.711420733174],[-74.2453688092095,6.71141638568091],[-74.2453753291818,6.71140986756376],[-74.2453818536458,6.71140552096273],[-74.245390550236,6.7113968286527],[-74.2453948971837,6.7113924829437],[-74.2453992450296,6.71138813634252],[-74.2454057685953,6.71138379063344],[-74.2454122921609,6.71137944492436],[-74.2454166391085,6.7113750992152],[-74.2454209878528,6.71137292413022],[-74.2454253365971,6.71136857842101],[-74.245434032289,6.7113620585189],[-74.2454383819316,6.71135988521818],[-74.2454427297776,6.71135553950884],[-74.2454470803185,6.71135336620809],[-74.2454514245713,6.71134467568149],[-74.2454579490352,6.71134250059637],[-74.2454688204467,6.71133598069389],[-74.245473169191,6.71133163498437],[-74.2454775179353,6.71132946079133],[-74.2454840406026,6.71132511508173],[-74.2454905632699,6.71132076758781],[-74.2454949120142,6.71131859517904],[-74.245507958247,6.71130990108315],[-74.2455144791177,6.71130338296457],[-74.2455210026833,6.71129903547042],[-74.2455275271472,6.71129468976059],[-74.2455318740948,6.71129251556739],[-74.2455362210425,6.71128599655644],[-74.2455536151214,6.71127078612526],[-74.2455579638656,6.71126861282413],[-74.2455644883295,6.71126643863081],[-74.2455710092002,6.71125991872735],[-74.2455797057904,6.71125339971592],[-74.245590577202,6.71124470651104],[-74.245594925048,6.71124253410194],[-74.2456144948464,6.71123166581125],[-74.2456231932334,6.71122514679945],[-74.2456275410793,6.71122297260594],[-74.2456384106943,6.71121210788345],[-74.2456427612352,6.71120993547419],[-74.2456449333615,6.71120341646214],[-74.2456471036913,6.71119255441567],[-74.245647100098,6.71118169504545],[-74.2456579706113,6.71117300183929],[-74.2456623193556,6.71116865702047],[-74.2456666680998,6.71116431041725],[-74.2456710141492,6.7111577931889],[-74.2456797134344,6.71115344569345],[-74.2456862334067,6.71114692578846],[-74.2456927569723,6.71114258007724],[-74.2456971048183,6.71113823347382],[-74.2457036283839,6.71113388776251],[-74.2457101510512,6.71113171267645],[-74.2457145006938,6.71113171089213],[-74.245723199979,6.71112953580606],[-74.2457340722889,6.71112518741822],[-74.2457405949561,6.71112084081466],[-74.2457471176234,6.71111649510319],[-74.2457514663677,6.71111432090919],[-74.2457601647546,6.71110997341339],[-74.2457666874219,6.71110780011155],[-74.2457710370645,6.71110779743505],[-74.2457797336548,6.71110345083132],[-74.2457862581187,6.71109910333539],[-74.2457927816843,6.7110969300335],[-74.2458014791729,6.7110947540551],[-74.2458058297138,6.71109475137864],[-74.2458123505844,6.71109040566694],[-74.2458188759467,6.71108823147283],[-74.2458232246909,6.71108823058069],[-74.2458275752319,6.71108605638657],[-74.2458362709238,6.71108170978266],[-74.2458406205664,6.71107953558851],[-74.2458471432337,6.71107518898453],[-74.245851491978,6.71107301479039],[-74.2458558407223,6.71107084238051],[-74.2458623651862,6.71106649488429],[-74.2458710599798,6.71106214738805],[-74.2458775844437,6.711055628374],[-74.245884107111,6.7110512817698],[-74.2458884540587,6.71104693694989],[-74.2458971524456,6.71103824463347],[-74.2459014993932,6.71103607043912],[-74.2459101959835,6.71102955142474],[-74.2459145456261,6.71102954964042],[-74.24592107009,6.71102737544604],[-74.2459319406033,6.71102085464719],[-74.2459362902459,6.71101868134495],[-74.2459406380918,6.71101650804268],[-74.2459449877344,6.71101433474043],[-74.2459493346821,6.71100998813587],[-74.245955859146,6.71100564153127],[-74.2459623818133,6.71100346733679],[-74.2459667305576,6.71099912162428],[-74.2459710784036,6.71099477591176],[-74.2459776028675,6.71099260082507],[-74.2459862976611,6.71098608181007],[-74.2459928212267,6.71098173520527],[-74.245997169971,6.71097956101068],[-74.2460058665612,6.7109730419955],[-74.2460123910252,6.71097086690872],[-74.2460167397694,6.71096869360626],[-74.246023263335,6.71096434789343],[-74.246027611181,6.71096217280661],[-74.246031959027,6.71095999950411],[-74.2460363095679,6.7109578262016],[-74.2460406583122,6.71095565200689],[-74.2460450070565,6.71095347870436],[-74.2460515288254,6.71094913209926],[-74.2460580541877,6.71094695790455],[-74.2460645750583,6.71094043888894],[-74.2460689238026,6.71093609139155],[-74.2460732716486,6.7109339189811],[-74.2460819709338,6.7109317447863],[-74.2460863187798,6.71092957059147],[-74.2460928432437,6.71092739550451],[-74.2460971928863,6.71092739461236],[-74.2461058921715,6.71092739193588],[-74.2461124148388,6.71092521684889],[-74.2461145905584,6.71092521595672],[-74.246118940201,6.71092521417239],[-74.246123288047,6.71092304086972],[-74.2461276376896,6.7109230390854],[-74.2461319864339,6.71091869337217],[-74.2461385091012,6.71091217435622],[-74.2461428569471,6.7109100010535],[-74.2461472047931,6.71090782775076],[-74.2461515544357,6.71090348203738],[-74.2461580762047,6.71089913453967],[-74.246162424949,6.71089478882626],[-74.2461689467179,6.71089044311278],[-74.2461776442065,6.71088392320427],[-74.2461841677721,6.71088174900923],[-74.2461885156181,6.7108774024035],[-74.2461950409803,6.71087522910061],[-74.2461993888263,6.71087305490554],[-74.2462059132902,6.71087087981831],[-74.2462124359575,6.71086870473108],[-74.2462233055724,6.71086001241147],[-74.2462276543167,6.71085784000069],[-74.2462341787806,6.71085349250256],[-74.2462407032445,6.71085131919957],[-74.2462450501922,6.71084697259356],[-74.2462515719611,6.71084262598751],[-74.2462603008907,6.71082758683729],[-74.2462647089238,6.71082538409287],[-74.2462735240917,6.71081877496743],[-74.2462779321248,6.71081436858638],[-74.2462823401579,6.71080996309743],[-74.2462867490893,6.71080775946079],[-74.2462911562241,6.71080335486392],[-74.2462977669263,6.71079674573818],[-74.2463065829925,6.71078793565211],[-74.2463109910256,6.7107857311232],[-74.2463176026261,6.71078132563398],[-74.2463242160232,6.7107747174001],[-74.2463286249546,6.71077251376328],[-74.2463330320894,6.71077031012648],[-74.2463418499522,6.71076590374497],[-74.2463484615527,6.71075929461871],[-74.2463528695858,6.71075709187399],[-74.2463594820846,6.71075268549237],[-74.2463660936851,6.71074827911072],[-74.2463705017182,6.71074387362119],[-74.2463749097513,6.71074166998422],[-74.2463793186827,6.71073946634725],[-74.2463837258175,6.71073285900498],[-74.246392542782,6.71072624987828],[-74.2463969499168,6.71072404713342],[-74.2464013579499,6.71071964075148],[-74.2464057650847,6.71071523704601],[-74.2464123793801,6.71071082977184],[-74.2464233990137,6.71070201879202],[-74.2464278061485,6.71069541055707],[-74.2464388248838,6.71068659868482],[-74.246445435586,6.71067778859674],[-74.2464542507538,6.71066677576336],[-74.2464630659217,6.71065796478277],[-74.2464652685908,6.71065356107673],[-74.2464696748273,6.71064475098803],[-74.2464718783947,6.71063814453664],[-74.2464740801654,6.71063153719297],[-74.2464784864019,6.71062272799605],[-74.2464806872743,6.71061391969112],[-74.2464850953074,6.71060951420037],[-74.2464872988748,6.71060510870958],[-74.2464917069079,6.71060070411089],[-74.2464939086787,6.71059629862002],[-74.2464961122461,6.71058748942246],[-74.2464983122202,6.71057868200909],[-74.2465027175584,6.71056987191903],[-74.2465049193291,6.71055886086755],[-74.2465071219982,6.71055225441497],[-74.246511529133,6.71054344521663],[-74.2465159326745,6.7105302314188],[-74.2465159317762,6.7105258277116],[-74.2465181344453,6.7105192203664],[-74.2465247451475,6.7105148148748],[-74.2465313594429,6.71051260945249],[-74.2465401746108,6.71050820306866],[-74.2465445826439,6.71050599943064],[-74.2465445817456,6.71050379757693],[-74.2465467853129,6.71049278652396],[-74.2465511906511,6.71048397643237],[-74.2465555986842,6.71047957183259],[-74.2465622102847,6.71047296448676],[-74.2465666174195,6.71046855899473],[-74.2465710236559,6.71045974979487],[-74.2465754316891,6.71045754615662],[-74.2465820432895,6.71044873606443],[-74.2465864504243,6.71044433057215],[-74.2465908566608,6.71043772322587],[-74.2465952655922,6.71043331773352],[-74.246599672727,6.7104267094949],[-74.2466040798618,6.71042450585654],[-74.2466084878949,6.71042010036403],[-74.2466128941313,6.7104112911633],[-74.2466195066301,6.71040468381654],[-74.246626116434,6.71039367097703],[-74.2466305226705,6.71038706273786],[-74.2466349298053,6.71038045539082],[-74.24663933694,6.71037384804365],[-74.2466437431765,6.71036944255072],[-74.2466459494388,6.71036724069639],[-74.2466503556753,6.7103628352034],[-74.2466569690724,6.7103606297804],[-74.2466591726398,6.71035842792606],[-74.2466635788763,6.71035402243299],[-74.2466701931717,6.71034961604771],[-74.2466746012048,6.71034521055456],[-74.2466834181693,6.71033860053042],[-74.2466900279732,6.71033199407486],[-74.2466966368788,6.71031877848697],[-74.2467010449119,6.71031437299354],[-74.2467054511483,6.7103055637909],[-74.24670545025,6.71030116008168],[-74.2467120600539,6.71029234998661],[-74.2467164689853,6.7102901463476],[-74.2467230823824,6.71028353810707],[-74.2467274877205,6.71028133446803],[-74.2467318948553,6.71027472711955],[-74.2467363019901,6.71026811977094],[-74.2467429135906,6.71025930878313],[-74.2467473207254,6.71025710603616],[-74.2467539341225,6.71025049690299],[-74.2467605448247,6.71024388955406],[-74.2467649528578,6.71023948405996],[-74.2467693608909,6.71023507767364],[-74.2467759715931,6.71022847121667],[-74.2467803787279,6.71022186386744],[-74.2467869930233,6.71021745748097],[-74.246800215326,6.71020644285289],[-74.2468090295955,6.71019763186393],[-74.2468200492291,6.71018441538027],[-74.2468244563639,6.71017780803043],[-74.2468266599313,6.71017340342788],[-74.2468310652694,6.71016679697007],[-74.2468354742009,6.71016459243836],[-74.2468420866997,6.71015798508825],[-74.2468531063333,6.71014697045882],[-74.2468641250685,6.71013815857663],[-74.2468685322033,6.71013155211836],[-74.2468773491678,6.71012714394674],[-74.2468861661323,6.71012273755944],[-74.2468905759621,6.71012053391967],[-74.2468949821986,6.71011833117207],[-74.2468971866642,6.71011612664014],[-74.2468993902316,6.71011392478465],[-74.246901593799,6.71010731921822],[-74.2469104089669,6.71009850644315],[-74.2469148152034,6.71009410183992],[-74.2469214286005,6.7100896945601],[-74.2469236303713,6.71008308899334],[-74.2469302419718,6.71007427889433],[-74.2469324437425,6.71006767154302],[-74.246934644615,6.71006106508377],[-74.2469390517498,6.71005445773226],[-74.2469412571138,6.71005005312863],[-74.2469434588845,6.71004784948853],[-74.2469478678159,6.7100434448848],[-74.2469522749507,6.71003683664092],[-74.2469566829838,6.71003243203712],[-74.2469597839682,6.71003029352477],[-74.2469622866746,6.71002528938798],[-74.2469723037883,6.71001528022217],[-74.2469798137041,6.71000527105613],[-74.2469823164105,6.70999776351236],[-74.2469873218232,6.70998775613029],[-74.2469948344339,6.70998275110092],[-74.246999840745,6.70997774517937],[-74.2470048488527,6.70997274014991],[-74.2470098560621,6.70996773512039],[-74.2470198686843,6.70995021840888],[-74.2470248776903,6.70994521337913],[-74.2470348921091,6.70993520421166],[-74.2470399011151,6.70993020007394],[-74.2470474119292,6.70992519415181],[-74.247057429043,6.70992018555316],[-74.2470624362523,6.70991518052314],[-74.247064939857,6.70991267800808],[-74.2470699470664,6.70990767387012],[-74.2470749551741,6.70990016721698],[-74.2470774578805,6.70989266056376],[-74.2470824659882,6.70989015715644],[-74.2470849695929,6.70988765464126],[-74.2470924813053,6.70988014709567],[-74.2470974867181,6.709870138819],[-74.2471049993288,6.70986513289629],[-74.2471100047416,6.70985762445817],[-74.2471175146574,6.70984511455784],[-74.2471250272681,6.70984010863488],[-74.2471300362741,6.7098326019807],[-74.2471300353758,6.70983009946521],[-74.2471375461899,6.70982259281091],[-74.2471425533993,6.70981758777985],[-74.2471475597103,6.70981258274874],[-74.2471575777224,6.70981007666455],[-74.2471650903331,6.70980757414894],[-74.2471700993391,6.70980256911773],[-74.2471751047519,6.70979506067869],[-74.24717760656,6.70978755491596],[-74.2471826146677,6.70978004915314],[-74.2471876218771,6.7097725416059],[-74.2471926290865,6.70976753568218],[-74.2471976362959,6.70976002991907],[-74.2472001363073,6.70974752090838],[-74.247202637217,6.70973501100519],[-74.2472076453247,6.70973250759706],[-74.2472151561389,6.70972500004908],[-74.2472201642466,6.70972249574876],[-74.2472276768573,6.70971999144837],[-74.2472351921629,6.70971748804017],[-74.247242705672,6.70971748447152],[-74.2472477137797,6.70971498195547],[-74.2472560851798,6.70969013611883],[-74.2472660995986,6.70968262678589],[-74.2472711077063,6.70967762175339],[-74.2472761149157,6.7096701150967],[-74.2472861284362,6.70965510178303],[-74.2472936401486,6.70964509171742],[-74.2472986455613,6.70963508343596],[-74.2473111617882,6.70961506598021],[-74.247316167201,6.70960505680596],[-74.2473236780151,6.70959504763149],[-74.2473286852245,6.70959004170595],[-74.2473361960385,6.70958253504792],[-74.2473562275711,6.70956251402136],[-74.2473637383851,6.70955000411345],[-74.2473712483009,6.70954249567049],[-74.2473787573184,6.70952748235287],[-74.2473837654261,6.70952247821093],[-74.2473862636409,6.70950746756921],[-74.2473912708503,6.70950246164273],[-74.2473987825627,6.7094899508411],[-74.2474062933768,6.70947994166427],[-74.2474163077956,6.70946993070292],[-74.2474263204177,6.70945241575782],[-74.2474313258305,6.70944490998985],[-74.2474363339382,6.70943990406273],[-74.2474413411476,6.70943239651024],[-74.2474463465604,6.70942489074196],[-74.2474513537697,6.70941488245594],[-74.2474538555778,6.7094048750619],[-74.2474588618889,6.70939486588331],[-74.2474663709064,6.70938485670454],[-74.2474713799124,6.70937985077684],[-74.2474813934329,6.70936733997207],[-74.2474889042469,6.70935732990053],[-74.247493910558,6.70935232486473],[-74.2475014213721,6.70934231479289],[-74.2475039249768,6.70933480991536],[-74.2475089321862,6.70932730236126],[-74.2475139393956,6.70932229821729],[-74.2475189448083,6.70931478977081],[-74.2475264556225,6.70930478059038],[-74.2475314628318,6.70929727482014],[-74.2475389727476,6.70928976637327],[-74.247543979957,6.70927975897666],[-74.2475514889745,6.7092672481693],[-74.2475539907825,6.7092597415063],[-74.2475615015966,6.70924973143259],[-74.2475690106141,6.70923471989028],[-74.2475765223265,6.70922721144245],[-74.2475790241346,6.70921970567101],[-74.2475815268409,6.70921219989944],[-74.247584028649,6.70920469501992],[-74.2475865313554,6.7091971874638],[-74.2475915367682,6.7091896816919],[-74.2475965421809,6.70917967250886],[-74.2476015502886,6.70917216673668],[-74.2476065548031,6.70916215755333],[-74.2476115611142,6.70914964674295],[-74.2476165674252,6.70913963755914],[-74.2476215746346,6.70913463341324],[-74.247629086347,6.70912712585605],[-74.2476365926696,6.70910711016375],[-74.2476416016756,6.70910710748727],[-74.247651615196,6.7090920950484],[-74.2476591251118,6.7090820849712],[-74.2476691413272,6.70906957237445],[-74.2476741449434,6.70905456171874],[-74.2476791476612,6.70903704765089],[-74.2476841530739,6.70902453772946],[-74.247686654882,6.70901703195488],[-74.2476866458989,6.7089920147872],[-74.2476916504133,6.70897450071706],[-74.2476916450234,6.70896199257837],[-74.2476916414302,6.70894948354719],[-74.2476916378369,6.70894197955579],[-74.2476941387467,6.7089319703677],[-74.2476966351648,6.7089069540878],[-74.2476966315716,6.70889694668331],[-74.2477041396907,6.7088819333458],[-74.2477041360975,6.70887192683299],[-74.2477116442166,6.70885191113019],[-74.247716651426,6.7088419028324],[-74.2477216559404,6.70883189364225],[-74.2477266622515,6.70881938371558],[-74.247729159568,6.70880187053142],[-74.2477291577714,6.70879686638205],[-74.2477291550764,6.70878686075963],[-74.2477316541895,6.70877185009521],[-74.247736658704,6.708759340167],[-74.2477441650265,6.70873932267525],[-74.2477491722359,6.70872931437515],[-74.2477516731457,6.70872180859603],[-74.2477541749537,6.70871430281679],[-74.2477616848695,6.70870429362403],[-74.2477691956836,6.70868928117272],[-74.2477742019947,6.70868177360866],[-74.2477817128088,6.70867176441523],[-74.2477867182215,6.70865925448445],[-74.2477917218377,6.70864674366117],[-74.2477942227474,6.70863673714349],[-74.2477942209508,6.70862923314727],[-74.2477967218605,6.70861922395275],[-74.2477967182673,6.70860921654235],[-74.2477967110807,6.70858920350528],[-74.2477992119905,6.70857669446452],[-74.2478017120019,6.70856418453129],[-74.2478067156181,6.70854917296785],[-74.2478067138214,6.70854166897029],[-74.2478092147312,6.70853416140391],[-74.2478142219406,6.7085266556218],[-74.2478167237486,6.70851914983956],[-74.2478217318563,6.70850914153496],[-74.2478292408738,6.70849662981564],[-74.2478342480832,6.70849162477095],[-74.2478392543943,6.7084816164658],[-74.2478442607054,6.70847410889849],[-74.2478542751241,6.70846159807046],[-74.2478592796386,6.70845158976468],[-74.2478667895544,6.70844157878218],[-74.2478717967638,6.70843407299863],[-74.2478794737662,6.70842705433699],[-74.2478794710712,6.70841954855323],[-74.2478869800887,6.70840203446254],[-74.2478919828065,6.70838702289408],[-74.2478944819196,6.70837201221735],[-74.2478969819311,6.70835700064796],[-74.2478994819425,6.70834198997032],[-74.247901979259,6.70832197513793],[-74.2479044792704,6.70830946609031],[-74.2479069810785,6.70829695704237],[-74.2479094801916,6.70827944383942],[-74.2479144838077,6.70826693479071],[-74.2479144820111,6.70825942900446],[-74.2479219919269,6.70824691817091],[-74.2479244928366,6.70823941149219],[-74.2479294982494,6.70822690065811],[-74.2479319991591,6.70821689413184],[-74.2479319955659,6.70820938834483],[-74.2479319937693,6.70820188344985],[-74.2479319910743,6.70819437855476],[-74.2479269757801,6.70817686891681],[-74.2479294748932,6.70816185644925],[-74.247934480306,6.70814934650534],[-74.2479369830124,6.70814184071728],[-74.2479394848204,6.70813433492911],[-74.2479469929396,6.70811932246025],[-74.2479469893463,6.70810931593177],[-74.2479494902561,6.7080993085109],[-74.2479494866628,6.70808930198197],[-74.2479544938722,6.70808179351652],[-74.2479569938836,6.70806928446273],[-74.2479569911887,6.70806178045777],[-74.2479670011159,6.70803175640729],[-74.2479669966243,6.70802174898482],[-74.2479669939294,6.7080117424543],[-74.2479669912344,6.7080042375563],[-74.2479669822513,6.70797922033658],[-74.247966978658,6.70796921469736],[-74.2479694759745,6.70794919984969],[-74.2479719741893,6.70792918500117],[-74.2479719679011,6.70791167356929],[-74.2479744679125,6.70789666198574],[-74.2479794706304,6.70787914966059],[-74.2479819697435,6.70786413807601],[-74.2479844706532,6.70785412975796],[-74.2479869679697,6.70783161416413],[-74.2479944733939,6.70780659336688],[-74.2479994779084,6.70779408341387],[-74.2479994743151,6.70778407777085],[-74.2480069824342,6.70776656365729],[-74.2480119860504,6.70775155206927],[-74.2480169950564,6.70774654612478],[-74.2480245040739,6.70773403617021],[-74.2480295121816,6.70772903022554],[-74.248034516696,6.70771651937836],[-74.2480395212105,6.70770400942301],[-74.2480445266232,6.70769400199382],[-74.2480470302279,6.70768649441441],[-74.248052033844,6.70767398535048],[-74.2480570392568,6.70766397702852],[-74.2480595410649,6.70765646944866],[-74.248062042873,6.70764896365297],[-74.2480645437827,6.70763645548026],[-74.2480695509921,6.70762644715752],[-74.2480720519019,6.70761643883455],[-74.2480745528116,6.70760643140356],[-74.2480770546197,6.70759892560714],[-74.2480845636371,6.70758391312178],[-74.2480845609422,6.70757390569011],[-74.2480820519476,6.70756390004257],[-74.2480820492526,6.70755639602984],[-74.2480820438628,6.70754138443534],[-74.2480820411678,6.70753387953006],[-74.2480795339698,6.70752387477389],[-74.2480770267719,6.70751636986835],[-74.2480745186756,6.70750886496273],[-74.2480720105793,6.70749635767855],[-74.2480720078844,6.70748885277259],[-74.2480644889855,6.70747884890767],[-74.2480619808892,6.70746884236599],[-74.2480619781943,6.70746133745964],[-74.2480594709963,6.70745383344532],[-74.2480569620017,6.70744132615974],[-74.2480569593068,6.7074313196173],[-74.2480569548152,6.70742131307468],[-74.2480594566233,6.70741380549107],[-74.2480594539283,6.70740630058384],[-74.248059450335,6.70739379418922],[-74.2480594467418,6.70738378586147],[-74.2480619476515,6.70737628006163],[-74.2480619467532,6.70737127678976],[-74.2480570608164,6.70735407938061],[-74.2480595617261,6.70734156941599],[-74.2480570536299,6.70733406718415],[-74.2480595563362,6.7073240588552],[-74.248062057246,6.70731405052603],[-74.2480695617719,6.70728903059436],[-74.2480695581786,6.70727902494098],[-74.24807205819,6.70726651586657],[-74.2480745573032,6.70725150337101],[-74.2480770573146,6.70723399191481],[-74.2480770537213,6.7072264870048],[-74.2480770501281,6.70721397792905],[-74.2480770447382,6.70719896810833],[-74.2480770411449,6.70718896156094],[-74.2480770375517,6.70717895501332],[-74.2480745285571,6.70716894846553],[-74.2480745249638,6.70715894191749],[-74.2480745195739,6.70714393209508],[-74.2480695087713,6.70713642896805],[-74.248072009681,6.70712892316436],[-74.2480745096925,6.70711391155669],[-74.2480795160035,6.70710390322323],[-74.2480845214163,6.70709389399738],[-74.2480870223261,6.70708388655564],[-74.2480845151281,6.70707638253547],[-74.2480820061335,6.70706387434805],[-74.2480769953309,6.70705637211194],[-74.2480769917376,6.70704886719922],[-74.2480769890426,6.70703885975657],[-74.2480794899524,6.70702885142153],[-74.2480794809692,6.70700383504389],[-74.2480819782857,6.70698131851863],[-74.2480819746925,6.70697381360473],[-74.2480819719975,6.70696380794486],[-74.248079460308,6.7069437948402],[-74.2480794558164,6.70693128664937],[-74.2480794522232,6.7069212792043],[-74.2480794441383,6.70689626192899],[-74.2480844486528,6.70688625359101],[-74.2480844459578,6.70687624792935],[-74.2480869432743,6.70685623303675],[-74.248089444184,6.70684622469799],[-74.2480919441955,6.70683371561249],[-74.2480919423989,6.70682621069631],[-74.2480844261949,6.70681870756439],[-74.2480844217033,6.70680870190133],[-74.2480894253194,6.70679118864489],[-74.2480944298339,6.70677617435031],[-74.2480944271389,6.70676867121758],[-74.2480969280487,6.70675866376917],[-74.2480994289584,6.70674865542841],[-74.2480994262635,6.70674115051092],[-74.2480994253652,6.70673614634038],[-74.2480969127773,6.7067161350107],[-74.2480944028844,6.70669862353526],[-74.2480918911949,6.70668111295138],[-74.248086876799,6.70666610489857],[-74.2480818641997,6.70665359670058],[-74.2480718416961,6.70664359371067],[-74.2480668299951,6.70663609057593],[-74.2480643227971,6.70662858654886],[-74.2480618155992,6.70662108162956],[-74.2480593092995,6.70661357849444],[-74.2480593057063,6.70660607357492],[-74.248061806616,6.70659606612317],[-74.2480668147237,6.70659356180673],[-74.2480668129271,6.70658605688688],[-74.2480643030342,6.70657104793898],[-74.2480643003393,6.7065635430188],[-74.248061792243,6.70655353645833],[-74.248059285045,6.70654603243003],[-74.2480592823501,6.70653602676137],[-74.2480567742538,6.70652852094847],[-74.2480567697622,6.70651601363913],[-74.2480567679656,6.70651101035844],[-74.2480517481798,6.70648349409808],[-74.2480542508862,6.70648099067323],[-74.2480542481912,6.70647098321891],[-74.2480517391966,6.70645847590811],[-74.2480492293037,6.70644346606412],[-74.2480467203091,6.70643095875261],[-74.2480467158176,6.70641845054861],[-74.2480442077213,6.70640844487735],[-74.2480416960318,6.70638593100105],[-74.2480416933368,6.70637842518582],[-74.2480391852405,6.70636591876483],[-74.2480366726527,6.70634840638461],[-74.2480341645564,6.7063384007119],[-74.2480316555618,6.70632589339768],[-74.2480291492622,6.70631838847372],[-74.2480241375612,6.70631088622614],[-74.2480241348663,6.70630338040976],[-74.248019119572,6.70628837145315],[-74.2480191177754,6.7062808665286],[-74.2480141051761,6.70627086174666],[-74.2480115979782,6.706263357714],[-74.2480090907802,6.70625585368124],[-74.2480040790793,6.70624584889881],[-74.2480040763843,6.70623834397358],[-74.2479965547904,6.70622333590715],[-74.2479965502989,6.70621082769783],[-74.2479940431009,6.70620082113011],[-74.247994037711,6.7061883138124],[-74.2479915296147,6.70617830813642],[-74.2479865188121,6.70617080410232],[-74.2479840089192,6.70615579603378],[-74.2479789972182,6.70614829199935],[-74.2479789927266,6.70613828453821],[-74.24797899093,6.70613077961135],[-74.2479789873367,6.70612077304199],[-74.2479789846418,6.70611326811487],[-74.2479764783421,6.70610576407979],[-74.2479764747489,6.7060982591524],[-74.2479739666526,6.70608825258241],[-74.247971457658,6.70607574436959],[-74.2479689522567,6.70607074197656],[-74.2479587455984,6.70605593553521],[-74.2479587438018,6.70604843149924],[-74.2479662519209,6.70603091643114],[-74.2479612393217,6.70601841000122],[-74.2479612348301,6.70600840253739],[-74.2479712447573,6.70598588507393],[-74.2479712420623,6.70597587760945],[-74.2479737411755,6.70596086685842],[-74.2479787456899,6.70594835596585],[-74.2479837537976,6.70594335089498],[-74.2479862547074,6.70593584596513],[-74.2479912583235,6.70591833178513],[-74.2479937583349,6.70590582267579],[-74.2479912493403,6.70589331445832],[-74.2479912466454,6.70588580952766],[-74.2479962511598,6.70587079877385],[-74.2479962466683,6.70585828877115],[-74.2479962412784,6.70584077815703],[-74.2479912268825,6.70582827083006],[-74.2479837088819,6.70581576439491],[-74.2479761917796,6.70580826303176],[-74.247976187288,6.70579325138342],[-74.2479761792031,6.70577073747869],[-74.2479736711069,6.70576073090194],[-74.2479711576207,6.70573571445923],[-74.2479711513325,6.70571570219627],[-74.2479636342302,6.70570319575825],[-74.2479611270322,6.70569569171686],[-74.247958618936,6.70568818767533],[-74.2479536036417,6.70567317869977],[-74.2479561045515,6.70566317212106],[-74.2479561027549,6.70565566718685],[-74.2479560991616,6.70564315807078],[-74.2479460748613,6.70563065252309],[-74.2479435676634,6.70562565101764],[-74.2479385541658,6.70561314368513],[-74.2479360460695,6.70560313799733],[-74.2479335379732,6.70559313141717],[-74.2479285235773,6.70557812422301],[-74.2479185001754,6.7055606153832],[-74.2479184867007,6.70552308981105],[-74.2479184822091,6.70551058158373],[-74.2479184804125,6.70550307664721],[-74.2479184759209,6.70549307006497],[-74.2479159678246,6.70548306348254],[-74.247908449824,6.70546805539285],[-74.2479059417277,6.70545804970206],[-74.2479009291284,6.70545054654905],[-74.2478959138342,6.70543804010423],[-74.2478909021332,6.70542803441283],[-74.2478883931386,6.70541552796742],[-74.2478858859407,6.70540802302942],[-74.2478783634485,6.70538300835294],[-74.2478758562505,6.70537550519876],[-74.2478708436512,6.70536549950608],[-74.2478658292553,6.70535049141277],[-74.2478683319617,6.7053429855816],[-74.2478733382728,6.70533547885813],[-74.2478783409906,6.70532046719521],[-74.2478808427987,6.70531295957924],[-74.2478808383071,6.70529795059213],[-74.2478783311091,6.70529044654449],[-74.2478783284142,6.70528043906572],[-74.2478758212162,6.70527293591],[-74.24787331312,6.70526543186197],[-74.247868301419,6.70525542616703],[-74.2478557753107,6.70524542404056],[-74.247850767203,6.7052479265796],[-74.2478507636097,6.70524042253119],[-74.247845752807,6.70523792177646],[-74.2478382366031,6.70523542369826],[-74.2478332240038,6.70522291546355],[-74.2478382267216,6.70520540304229],[-74.2478332141223,6.70519539734612],[-74.2478332096307,6.70518288911038],[-74.2478281970315,6.70517288519812],[-74.2478306988395,6.7051628759326],[-74.2478331997493,6.70515286845121],[-74.247833196156,6.70514286275396],[-74.2478331943594,6.70513535691956],[-74.2478281790651,6.70512285046666],[-74.2478256718672,6.70511534641631],[-74.2478231655675,6.70511034401343],[-74.2478156502619,6.70510284085508],[-74.2478081340579,6.70509783934421],[-74.2478006178539,6.70508783721451],[-74.2477981052661,6.70506532149286],[-74.2477980953846,6.7050353017186],[-74.2478030990007,6.7050202909386],[-74.2478055990122,6.70500778091403],[-74.24781060173,6.70499276834887],[-74.2478131053347,6.70498526161999],[-74.2478141366006,6.70498113354358],[-74.2478156062444,6.70497525502711],[-74.2478206089622,6.70495774170478],[-74.2478256161716,6.70495273573159],[-74.2478356287938,6.7049352206241],[-74.2478381297035,6.70492771567869],[-74.2478406306133,6.70491770819248],[-74.2478356171157,6.70490269919322],[-74.2478331099177,6.70489519603165],[-74.2478280991151,6.7048901927343],[-74.2478180793064,6.70488519389778],[-74.2478105631024,6.70488019238472],[-74.2477930279881,6.70487019203488],[-74.2477855099875,6.70486268887284],[-74.2477779928852,6.70485268584612],[-74.2477704775795,6.70485018598162],[-74.2477629649688,6.70485018865812],[-74.2477604586691,6.70484518536031],[-74.2477529397702,6.70483267979214],[-74.2477479271709,6.70482017422363],[-74.2477429145716,6.70481016851954],[-74.247737901074,6.70480266446439],[-74.2477353911811,6.7047876554616],[-74.2477328839832,6.70478015140607],[-74.2477303758869,6.70477014570119],[-74.2477303713953,6.70475763656238],[-74.2477272488514,6.70476028542007],[-74.2477272470548,6.70475278047196],[-74.2477272443598,6.70474527641593],[-74.2477247371619,6.70473777146759],[-74.2477222290656,6.70472776576182],[-74.2477197209693,6.70472026081325],[-74.2477147101667,6.70471275854105],[-74.2477122020704,6.70470275283477],[-74.2477096939741,6.70469274712827],[-74.2477071867761,6.70468524307131],[-74.2477021732786,6.70467773901424],[-74.2477021696853,6.70467023406486],[-74.247699661589,6.70466022835774],[-74.2476996561991,6.70464271591623],[-74.247699647216,6.70461769852394],[-74.2476971382214,6.70460268951542],[-74.2476971328315,6.70459018215665],[-74.2476996319446,6.70457266882048],[-74.2477021337527,6.70456516297733],[-74.2477021310577,6.70455765891841],[-74.2477021283628,6.70455015307502],[-74.2477021229729,6.70453514317226],[-74.2476971112719,6.70452513746233],[-74.2476971067804,6.70451262920942],[-74.2476996058935,6.70449761841331],[-74.2476970986955,6.70449011346117],[-74.2476920851979,6.70447510534089],[-74.2476920789097,6.70445759289278],[-74.2476895708134,6.70444758807341],[-74.2476845582141,6.70444008401266],[-74.2476820510162,6.70443258084401],[-74.2476770402135,6.70442507678305],[-74.2476745321173,6.70441507107085],[-74.2476695204163,6.70440756790178],[-74.2476670096251,6.70439005634338],[-74.2476645006305,6.70438005152265],[-74.2476594889295,6.70437004580953],[-74.2476519700306,6.7043600409884],[-74.2476494619343,6.70435003616702],[-74.2476469529397,6.70434002956113],[-74.2476419421371,6.70433252549875],[-74.2476444385552,6.70431251317816],[-74.247644434962,6.70430000313546],[-74.2476444295721,6.70428499411716],[-74.2476444268771,6.70427748916176],[-74.2476444232839,6.70426498001031],[-74.2476419142893,6.70425247264288],[-74.2476393990065,6.70422245371071],[-74.2476368891136,6.70420494214566],[-74.247634363051,6.7041424008368],[-74.2476343603561,6.70413489587919],[-74.2476343558645,6.70412238672408],[-74.2476318450733,6.70410487693977],[-74.2476293360787,6.70409486943666],[-74.2476293315871,6.7040823620649],[-74.2476268225925,6.7040698538006],[-74.2476268207959,6.7040623488419],[-74.2476268172026,6.70405234133791],[-74.2476218046033,6.70404233651022],[-74.2476192956088,6.70402983002927],[-74.2476117812014,6.70402733016052],[-74.2476042632008,6.70401482457136],[-74.2476042614041,6.70400731961178],[-74.2475992479066,6.70399981554427],[-74.2475867208999,6.70398981339203],[-74.2475867146117,6.70397230181863],[-74.2475867119168,6.70396479685842],[-74.2475892137248,6.70395729100592],[-74.2475942218325,6.70395228591461],[-74.2475992281436,6.70394227662402],[-74.2475992254487,6.70393477166333],[-74.2476017236635,6.70391475754211],[-74.2476017155787,6.70389224265842],[-74.2476017065955,6.70386472357367],[-74.2476017030022,6.70385221619597],[-74.2475966868097,6.70383720716387],[-74.2475966841147,6.70382970309374],[-74.2475891634192,6.70380969075255],[-74.2475816436219,6.70379468261133],[-74.2475766310227,6.70378217701618],[-74.2475716139318,6.70375966391075],[-74.2475691040389,6.7037446548758],[-74.247569098649,6.70372964405604],[-74.2475690923608,6.70370963081856],[-74.2475690869709,6.70369461999775],[-74.2475765905985,6.70366459657036],[-74.2475765852086,6.70364958753251],[-74.247574076214,6.70363708014929],[-74.2475740690275,6.70361706601581],[-74.2475740654342,6.70360705850269],[-74.2475740618409,6.70359705277371],[-74.247571551948,6.70358204284159],[-74.2475690438518,6.70357203800429],[-74.2475640321508,6.70356203138238],[-74.2475615249528,6.70355452820021],[-74.2475615222579,6.70354702234139],[-74.2475565069637,6.70353201508424],[-74.2475539997657,6.70352451011725],[-74.2475489862681,6.70350950196725],[-74.2475464745786,6.70349449203241],[-74.2475414619793,6.70348448808549],[-74.2475389547813,6.70347698400993],[-74.2475389529847,6.70346947904207],[-74.2475389502897,6.70346197318193],[-74.2475414511995,6.70345196566562],[-74.2475414494029,6.70344446069737],[-74.2475406903264,6.70342683936697],[-74.2475406867332,6.70341728239789],[-74.2475374932224,6.70340454304343],[-74.247531107099,6.703379061657],[-74.2475247209756,6.70335676800782],[-74.2475215292614,6.70334721282166],[-74.2475119541188,6.70332491738666],[-74.2475055706904,6.70331217981414],[-74.2475023789762,6.70330262373497],[-74.2474959937512,6.70328351514478],[-74.2474927930538,6.70324847767179],[-74.2474927885622,6.70323573563643],[-74.2474927786808,6.70320706739384],[-74.2474895833733,6.70318795790773],[-74.2474863871675,6.70316566068106],[-74.2474927571212,6.70314336077688],[-74.2474927499347,6.70312424861172],[-74.2474895573222,6.7031115101418],[-74.2474927427482,6.70310195138216],[-74.2474991136001,6.70308602338702],[-74.2474991091086,6.70307009806787],[-74.2474991064136,6.70306054109175],[-74.2474990992271,6.70304142892335],[-74.2474990956338,6.70303187283887],[-74.2474990911423,6.70301913169003],[-74.2474958940382,6.70299683534785],[-74.2474927032223,6.70298728104683],[-74.2474895079148,6.70297135483227],[-74.2474895034232,6.70295542861721],[-74.247489497135,6.70293950061725],[-74.247499056108,6.70291720070272],[-74.247499053413,6.702907645508],[-74.2475054278583,6.70289808674436],[-74.2475117987103,6.70287897278524],[-74.2475181731555,6.70286622984801],[-74.2475245467025,6.7028534860183],[-74.2475309175545,6.70283437116525],[-74.2475309139612,6.70282163001124],[-74.2475245314311,6.70280889064121],[-74.2475181497993,6.70279933633652],[-74.2475022002115,6.7027866014268],[-74.2474958212746,6.70278341903759],[-74.2474830616043,6.70277386651674],[-74.2474734927499,6.70277068501964],[-74.2474671138131,6.70276750084597],[-74.2474543568377,6.70276432113313],[-74.2474511642252,6.70275158086945],[-74.2474511597337,6.70273883882108],[-74.2474511561404,6.70272928362284],[-74.247447958138,6.70270380220111],[-74.2474415756079,6.70269106282805],[-74.2474351903828,6.70267513838814],[-74.2474288078528,6.70266239901432],[-74.247422426221,6.70265284470676],[-74.2474192327101,6.70264010622452],[-74.2474160418943,6.70263692115781],[-74.2474128483834,6.70261780986499],[-74.2474128420952,6.70260188363835],[-74.2474160266229,6.70259232665309],[-74.2474223965766,6.70257002672269],[-74.2474223947799,6.70256365569615],[-74.2474223938816,6.70256047062898],[-74.2474223902884,6.70254772946777],[-74.2474223857968,6.70253817248142],[-74.2474191931843,6.70252543310402],[-74.2474128106542,6.70251269461845],[-74.2474032409014,6.7025031420923],[-74.2474000500856,6.70249995791689],[-74.2473968583714,6.70249040271395],[-74.2473904749429,6.7024776633353],[-74.2473872832288,6.70246810902411],[-74.2473840906162,6.7024585529284],[-74.2473745208635,6.70245218546913],[-74.24736814013,6.70244263204964],[-74.2473681374351,6.70243307684558],[-74.2473745118804,6.70242670403293],[-74.2473808854273,6.70241077512353],[-74.2473872616692,6.70240758648663],[-74.2473872607709,6.70240440141841],[-74.2473904470952,6.70239484442928],[-74.2473904417053,6.70238210415595],[-74.247390438112,6.70236936209789],[-74.2473936199448,6.7023502499024],[-74.2473936172498,6.7023406929122],[-74.2473936037751,6.70230246941041],[-74.2473935992835,6.70228972735032],[-74.2473967802179,6.70226424501343],[-74.247399962949,6.70224831609874],[-74.247403148375,6.70223557403722],[-74.2474063329027,6.70222283197537],[-74.2474127073479,6.7022132731983],[-74.2474158909773,6.70220053113588],[-74.2474190773016,6.70219097414272],[-74.2474190737083,6.70218141804156],[-74.2474158810958,6.70217186283242],[-74.2474158766043,6.70215912166107],[-74.24741268489,6.70214956734364],[-74.2474094949725,6.70214638316593],[-74.2473935453846,6.70213364645479],[-74.2473871646511,6.70212727899128],[-74.2473744067775,6.70212409748995],[-74.2473680278406,6.70211772913412],[-74.2473616489038,6.70211454584835],[-74.247355267272,6.70210499242225],[-74.2473552627805,6.70209224946479],[-74.2473552546956,6.70206995397241],[-74.2473552484074,6.70205084176517],[-74.2473552448141,6.70204128566127],[-74.2473552412209,6.7020285444865],[-74.2473552349327,6.70201261645631],[-74.2473584158671,6.70198713499713],[-74.2473615985981,6.70197120607338],[-74.2473615959032,6.70196164996792],[-74.2473615923099,6.70195209386228],[-74.2473520225572,6.7019457263964],[-74.247348830843,6.70193617118263],[-74.2473424492112,6.70192661864519],[-74.2473424483129,6.70192343268163],[-74.2473456292473,6.70190113450498],[-74.2473583808328,6.70188838886568],[-74.2473453876005,6.70188857889936],[-74.2473453849056,6.70187902279228],[-74.2473421913948,6.70186628161327],[-74.2473389987822,6.70185672639795],[-74.2473421842082,6.70184398521836],[-74.2473421788183,6.70183124403848],[-74.2473421707335,6.70180894585758],[-74.24733579,6.70179939242549],[-74.2473357828135,6.70178028020765],[-74.2473389664429,6.70176116798907],[-74.247338961053,6.70174842591481],[-74.2473325821161,6.70174205666192],[-74.2473293921986,6.70173887248155],[-74.2473230087702,6.70172613397542],[-74.2473134363225,6.70171021218054],[-74.2473070546907,6.70170065696216],[-74.2473070501992,6.70168791577849],[-74.2472974813447,6.70168154741697],[-74.2472974768532,6.70166880801719],[-74.2473006622792,6.70165925012145],[-74.2473006577876,6.7016465089367],[-74.2473006541943,6.70163376775161],[-74.2472974606835,6.70162421163954],[-74.2472910763568,6.70160191791011],[-74.2472846893351,6.70157643642948],[-74.2472783059067,6.70156688388499],[-74.2472751088026,6.70154458658422],[-74.2472782951269,6.70153502957821],[-74.2472814796546,6.70151910153188],[-74.2472750971245,6.70150954898627],[-74.2472687145944,6.70149999465613],[-74.2472687118995,6.70149043854142],[-74.2472687056112,6.70147132720368],[-74.2472655103038,6.70145221586518],[-74.2472655031172,6.70143310363373],[-74.2472623114031,6.70142354840988],[-74.2472623078098,6.70141399318589],[-74.2472623042165,6.70140443706952],[-74.2472622988266,6.70138851080327],[-74.2472622907418,6.70136621260213],[-74.2472622853519,6.70135028722681],[-74.2472590927394,6.70134073110922],[-74.2472559010252,6.70133117677575],[-74.2472559001269,6.7013279908083],[-74.2472558938387,6.70131206453956],[-74.2472558902454,6.70129932245358],[-74.2472558857538,6.70128976633495],[-74.247252692243,6.70127065677365],[-74.2472494960372,6.70125154453513],[-74.2472431108122,6.70123243586453],[-74.2472399173013,6.70121650959263],[-74.2472367210955,6.70119740002851],[-74.2472367157057,6.70118465883171],[-74.2472335239915,6.701175103603],[-74.2472271396647,6.70115917911363],[-74.2472271369698,6.70114962299226],[-74.2472239452556,6.70114006776287],[-74.247223940764,6.70113051164116],[-74.2472207490498,6.70112095819574],[-74.2472207463549,6.70111140118145],[-74.24722073827,6.70108910385983],[-74.2472207337784,6.70107636266019],[-74.2472175411659,6.70106680742938],[-74.2472175375727,6.70105725041405],[-74.2472143449601,6.70104769696719],[-74.2472079570402,6.70101584619521],[-74.247204762631,6.70099991991628],[-74.2472015700185,6.70099036557615],[-74.2471951856918,6.70097444108074],[-74.2471951820985,6.70096169987809],[-74.2471887977718,6.70094577538175],[-74.2471856051593,6.70093303507052],[-74.2471856033626,6.70092666402262],[-74.2471919733163,6.7009043649082],[-74.2471983450666,6.70088525087095],[-74.2471951515558,6.70087569563638],[-74.2471951488608,6.70086613950945],[-74.2471887663308,6.70085340098052],[-74.2471823873939,6.70085021679433],[-74.2471823882922,6.70083553956036],[-74.2471791929848,6.7008196141677],[-74.2471760012706,6.70081005893187],[-74.2471759976773,6.70080368877453],[-74.2471728059631,6.70079413353837],[-74.2471664216364,6.70078139500758],[-74.2471632290238,6.700771839771],[-74.247160038208,6.7007622845342],[-74.2471568446971,6.7007527310816],[-74.2471504639637,6.70074317584442],[-74.2471408897194,6.70072406804609],[-74.2471376971068,6.7007113277291],[-74.247134503596,6.70070177249115],[-74.2471313118818,6.70069221814518],[-74.2471281201676,6.70068584798628],[-74.2471249275551,6.70067629274784],[-74.2471249239618,6.70066355153741],[-74.247121727756,6.70064444105944],[-74.2471217223661,6.70062851387618],[-74.2471185306519,6.70061895952877],[-74.2471121463252,6.70059984994118],[-74.2471057611002,6.70058073946073],[-74.247102569386,6.70057118511238],[-74.2470993758751,6.70055844479139],[-74.2470993722819,6.70054888865824],[-74.2470961778727,6.70053296236404],[-74.2470961751778,6.70052659309527],[-74.2470929807686,6.70051066680036],[-74.2470897818679,6.70048200018192],[-74.2470865883571,6.70046926075077],[-74.2470802049287,6.70045333534619],[-74.2470738232969,6.70044059680644],[-74.247061059135,6.70041830391508],[-74.2470546757066,6.70040874956355],[-74.2470514830941,6.70039919521184],[-74.2470482913799,6.70038964085993],[-74.2470419079515,6.700376899642],[-74.247038712644,6.70035779004498],[-74.2470387090507,6.70034823390791],[-74.2470355173365,6.70033549358109],[-74.2470323211307,6.70031638309024],[-74.2470259359057,6.70029727259867],[-74.2470227423949,6.7002813480806],[-74.2470163598648,6.70027179372638],[-74.2470131681506,6.70026223847982],[-74.2470099746397,6.70024949815076],[-74.2470099710465,6.70023994290372],[-74.2470067793323,6.70023038765653],[-74.2470035858214,6.70022083240917],[-74.2470003932089,6.70020809297119],[-74.2469940106788,6.70019535353289],[-74.2469971961048,6.70018579650047],[-74.2469971934099,6.70017623946783],[-74.2469940007974,6.70016668600375],[-74.2469908081848,6.7001539456722],[-74.2469908045916,6.70014439042333],[-74.2469908001,6.70013164741464],[-74.2469876083858,6.70012209394968],[-74.2469876020976,6.70010616674933],[-74.2469844076884,6.7000902404407],[-74.2469812150759,6.70008068608274],[-74.2469780215651,6.70006794664111],[-74.2469748280543,6.70005520541482],[-74.2469716363401,6.70004565105617],[-74.2469684437275,6.70003609580518],[-74.2469684401343,6.7000265396618],[-74.2469684347444,6.70001061335054],[-74.2469684320494,6.70000105809884],[-74.2469684275578,6.69999150195479],[-74.246965234047,6.69997557564238],[-74.2469652295554,6.6999660194978],[-74.2469652268605,6.69995646335309],[-74.246962034248,6.69994372480038],[-74.2469620288581,6.69993098178647],[-74.2469620261631,6.6999214265332],[-74.2469588353472,6.69991505814864],[-74.2469556418364,6.69990550289505],[-74.2469524510205,6.69989594674912],[-74.2469460720837,6.69989276344888],[-74.2469428803695,6.69988639417175],[-74.246939685062,6.6998672836633],[-74.2469428695897,6.69985772573225],[-74.2469428668948,6.69984817047758],[-74.2469460532191,6.69983861343833],[-74.2469460514224,6.69983224416048],[-74.2469460469309,6.69982268712095],[-74.2469492305602,6.69980675901866],[-74.2469492278653,6.69979720287079],[-74.2469351144339,6.69977272053834],[-74.2469322658761,6.69976135237059],[-74.2469294182167,6.69975282758287],[-74.2469265678622,6.69974714439099],[-74.246926564269,6.69973293373439],[-74.2469237157112,6.69972440805399],[-74.2469208662551,6.69971019739676],[-74.2469180167991,6.69969883011974],[-74.246915167343,6.69969030354654],[-74.2469151628514,6.6996789344847],[-74.2469151583598,6.69966472471831],[-74.2469151547666,6.69965335565584],[-74.2469123044122,6.69963914588875],[-74.2469123008189,6.69963061842234],[-74.2469122963273,6.69961640865453],[-74.2469122918358,6.69960219799417],[-74.2469122882425,6.69959082893024],[-74.2469122846492,6.69958230235519],[-74.2469094333965,6.69956240760759],[-74.2469065830421,6.69955388281636],[-74.2469065803472,6.69954535713287],[-74.2469065767539,6.69953682877263],[-74.2469037299928,6.69952830308879],[-74.2469037237046,6.69951124993635],[-74.2469037210096,6.69950272335991],[-74.2469037174163,6.69949135518581],[-74.2469037120265,6.69947714362963],[-74.2469008625704,6.69946577545499],[-74.2468980140126,6.69945440906444],[-74.2468951663532,6.69945156746675],[-74.2468951627599,6.69944304088926],[-74.246895160065,6.69943451520378],[-74.24689515737,6.69942314613595],[-74.2468894611528,6.69940609476419],[-74.2468894575595,6.69939756818588],[-74.2468866081035,6.69938335841132],[-74.2468866036119,6.69937198845013],[-74.246880905598,6.69935493796875],[-74.2468809020048,6.69934356979126],[-74.2468752039909,6.69932367592608],[-74.246875201296,6.69931514845416],[-74.246872349145,6.6992980970786],[-74.2468723455517,6.69928957049842],[-74.2468723437551,6.69928104481027],[-74.2468694934007,6.69926683414012],[-74.2468666421479,6.69924693937966],[-74.2468637908952,6.69923557298402],[-74.2468609396425,6.6992185198213],[-74.2468609351509,6.69920430914934],[-74.2468580856949,6.69919294096833],[-74.2468552362388,6.69917873118779],[-74.2468552299506,6.69916167891528],[-74.2468523777995,6.69914462574999],[-74.2468523742063,6.69913325667544],[-74.246852370613,6.69912473098454],[-74.2468466752941,6.69910767960235],[-74.2468466699042,6.69909346892713],[-74.2468466672093,6.69908494234339],[-74.246846663616,6.69907641575949],[-74.2468466618194,6.6990678891754],[-74.246849501394,6.6990536767147],[-74.2468523445619,6.69905083422251],[-74.2468551850348,6.69903093677667],[-74.2468523319855,6.69901104289875],[-74.2468494816311,6.69899967560541],[-74.2468466303784,6.69897693834143],[-74.246843780024,6.69896272855459],[-74.2468437764307,6.69895135947576],[-74.2468380793152,6.69893715147257],[-74.2468380757219,6.69892862577826],[-74.246838070332,6.6989087301118],[-74.2468380658404,6.69889736103174],[-74.2468352136894,6.69888030785721],[-74.2468352091978,6.69886609806755],[-74.2468352074012,6.69885757058764],[-74.246835203808,6.69884904399976],[-74.246835201113,6.69884051741174],[-74.2468351966214,6.69882914922227],[-74.2468351939265,6.69882062263386],[-74.2468351903332,6.69880925355175],[-74.2468323390805,6.69879504376003],[-74.2468408730757,6.6987865144945],[-74.2468323327923,6.69877799058191],[-74.2468294833362,6.69876378168147],[-74.246829479743,6.69875525509196],[-74.2468351633838,6.69873251514004],[-74.2468408488212,6.69871830177736],[-74.2468436919891,6.69870693180067],[-74.2468465315637,6.6986927202216],[-74.2468465288687,6.69868419363081],[-74.2468436794127,6.69866998383548],[-74.2468408299566,6.6986614581365],[-74.2468379813988,6.69865293243737],[-74.2468351328411,6.69864440763028],[-74.2468351301461,6.69863588103868],[-74.2468294348272,6.69862735533911],[-74.2468294330306,6.69861882963938],[-74.2468351202646,6.69860745876816],[-74.2468351157731,6.69859608968108],[-74.2468294231491,6.69859040736789],[-74.2468294186575,6.69857903917257],[-74.2468294159626,6.69857051257983],[-74.2468294132676,6.69856198598691],[-74.2468351031966,6.6985563001046],[-74.2468350996034,6.69854777261927],[-74.2468379409746,6.6985364026386],[-74.2468407832442,6.69852503354986],[-74.2468407778543,6.69851082196549],[-74.2468407751593,6.69850229537157],[-74.2468407706678,6.69849092717417],[-74.2468407697695,6.69848808467871],[-74.246843612039,6.69847671469664],[-74.2468436093441,6.69846818899429],[-74.2468464507153,6.69845681901175],[-74.2468464489187,6.69845113491257],[-74.2468521352544,6.69843976403749],[-74.2468549757274,6.69842555155844],[-74.2468578197936,6.69841986656674],[-74.2468635061293,6.69840849569089],[-74.2468635016377,6.69839712659914],[-74.2468606539783,6.69838860178759],[-74.2468606512833,6.69838007608369],[-74.2468606485884,6.69837439109145],[-74.2468549541678,6.69836018217925],[-74.2468521047117,6.69835449807896],[-74.2468492579506,6.69834881487075],[-74.2468492570523,6.69834597148226],[-74.2468498499404,6.69832778253896],[-74.2468473086064,6.69832017667514],[-74.2468447690691,6.69831510461222],[-74.2468396864012,6.69830242668513],[-74.2468422223453,6.69829481814437],[-74.2468447591876,6.6982872087113],[-74.246849831974,6.69827452721478],[-74.2468523661215,6.69826184571792],[-74.2468549020655,6.69825423806869],[-74.2468574389079,6.69824662952716],[-74.2468574344163,6.69823141244379],[-74.2468599658688,6.69821365977399],[-74.2468599613772,6.69819844268955],[-74.2468574200433,6.69819083682373],[-74.2468574191449,6.6981883003455],[-74.2468574155517,6.69818069269516],[-74.2468574110601,6.6981654765019],[-74.2468574047719,6.69814772472189],[-74.2468574020769,6.69814011617872],[-74.2468573975854,6.69812743646272],[-74.246857396687,6.69812490087635],[-74.2468573939921,6.69811729322501],[-74.2468573921955,6.69810968378915],[-74.2468675413616,6.6980919284384],[-74.2468700764073,6.69807924782899],[-74.2468700710174,6.69806656811143],[-74.2468700647292,6.69804881543563],[-74.2468700611359,6.69803613571727],[-74.2468700566443,6.6980259915855],[-74.2468700539494,6.69801584745347],[-74.2468675117172,6.69800570510562],[-74.2468649703832,6.69799809656023],[-74.2468649667899,6.69798795242764],[-74.246867502734,6.69798034477413],[-74.2468674991407,6.69797020064119],[-74.2468674946492,6.69795752092079],[-74.2468674910559,6.69794484120005],[-74.2468674838694,6.69792455204025],[-74.2468674802761,6.69791440879831],[-74.2468674748862,6.69789919170458],[-74.246864932654,6.69788904846211],[-74.2468649281624,6.69787636963176],[-74.2468649236708,6.69786368990893],[-74.2468674578182,6.69785100750919],[-74.2468699937623,6.69784086337355],[-74.246872528808,6.69782818275759],[-74.2468750602605,6.69780535800493],[-74.2468725126383,6.69778253503557],[-74.2468725099434,6.69777239000632],[-74.2468725063501,6.69776224586905],[-74.2468750413959,6.69774956435888],[-74.2468775773399,6.6977394211133],[-74.2468801123856,6.69772927608314],[-74.2468826474314,6.69771913105279],[-74.2468826447364,6.69771152250291],[-74.2468826402448,6.69769884277578],[-74.2468826384482,6.69769123511777],[-74.246880096216,6.69768362656747],[-74.2468775539837,6.69767348421272],[-74.2468775503905,6.69766080359241],[-74.2468800854362,6.69765065856061],[-74.2468800809446,6.69763797883191],[-74.246882615092,6.69762529910287],[-74.2468826123971,6.69761769055154],[-74.2468851474428,6.69760754462669],[-74.2468902211275,6.69759739959379],[-74.2468927561733,6.6975847189715],[-74.2468927516817,6.69757203745671],[-74.2468952858291,6.69755935772597],[-74.2468952849308,6.69755682213664],[-74.2468851258833,6.69754668156363],[-74.2468825872442,6.69754414597423],[-74.246882583651,6.69753653920603],[-74.2468825818544,6.69752892976112],[-74.2468876528442,6.69751371265536],[-74.2468952660662,6.69750102935433],[-74.2468952615746,6.69749088610359],[-74.2468977966203,6.69747566899664],[-74.2469003325644,6.69746805955078],[-74.2469028658135,6.6974503077454],[-74.2469003289711,6.69745537981731],[-74.2468901600421,6.69742241447162],[-74.2468901546522,6.69740720003907],[-74.2468926923929,6.69739958969997],[-74.2468977660776,6.69738690818035],[-74.2469028361691,6.69736408340704],[-74.2469104431029,6.69733364740037],[-74.2469080077702,6.69732166178355],[-74.2469105446125,6.69731405144311],[-74.2469105410192,6.69730137170566],[-74.2469105356294,6.69728615637717],[-74.2469105329344,6.69727854871272],[-74.2469130661835,6.69726586808218],[-74.2469181398683,6.69725318566691],[-74.2469206758123,6.69724557710976],[-74.2469232099597,6.69723035999514],[-74.2469282836445,6.69722021406224],[-74.2469333600241,6.69721260372023],[-74.2469409705512,6.69719485012119],[-74.2469409687546,6.69718724067094],[-74.2469460442359,6.69718216770406],[-74.2469485783833,6.69716948796319],[-74.2469485747901,6.69716187762037],[-74.2469536502714,6.69715173257821],[-74.2469536475765,6.69714412580386],[-74.2469561844188,6.69713651546067],[-74.246958717668,6.69712130012704],[-74.2469637931493,6.69711115419183],[-74.246963789556,6.69710101004081],[-74.2469637868611,6.69709340148131],[-74.2469637832678,6.69708325643773],[-74.2469612419339,6.6970781861463],[-74.2469612383406,6.69706550551052],[-74.2469612338491,6.69705536135855],[-74.2469612311541,6.69704521899075],[-74.2469586880235,6.69703253835412],[-74.2469536053557,6.69701986039371],[-74.2469536026607,6.69701478920947],[-74.2469535981692,6.69699957208764],[-74.2469535945759,6.69699196441874],[-74.2469510541403,6.69698435764191],[-74.2469485101114,6.69697167878805],[-74.2469434310368,6.69696407201093],[-74.2469434256469,6.69694885577969],[-74.2469459597943,6.6969387107331],[-74.246945956201,6.69692856747067],[-74.2469459508111,6.69691335034619],[-74.2469484885518,6.69691081386133],[-74.2469484858569,6.69690320619103],[-74.2469484786703,6.69688291877232],[-74.2469433977991,6.69686770343075],[-74.2469408573635,6.69686263313713],[-74.2469408528719,6.6968524889809],[-74.2469408501769,6.69684234482451],[-74.2469408465837,6.69683473715314],[-74.2469408438888,6.69682459210419],[-74.2469357621192,6.69681698710913],[-74.2469332225819,6.69681445062375],[-74.2469332189886,6.69680430735877],[-74.2469332180903,6.6968017708733],[-74.2469357540343,6.69679162582366],[-74.2469357504411,6.69678148255817],[-74.2469357459495,6.69676880191471],[-74.2469382827919,6.69676119245783],[-74.2469408187359,6.69675358478521],[-74.2469433555783,6.69674597622029],[-74.2469433528833,6.69673583116948],[-74.2469433492901,6.69672568701067],[-74.2469458816408,6.69671300547355],[-74.2469484175849,6.69670539780016],[-74.24694841489,6.69669779012668],[-74.2469484112967,6.69668510948101],[-74.2469484050085,6.69666735764716],[-74.2469483996186,6.69665467789289],[-74.246945859183,6.69664707021863],[-74.2469458555897,6.69663946254426],[-74.2469433160524,6.69662932016777],[-74.2469407729218,6.69661917689891],[-74.2469407693286,6.69660903184546],[-74.2469407630404,6.69659128090104],[-74.2469407594471,6.6965786011448],[-74.2469407549555,6.69656845698271],[-74.2469382109266,6.69655324073915],[-74.2469382064351,6.69653802449513],[-74.2469382001469,6.69652027265593],[-74.246935656118,6.69650759379005],[-74.2469356489315,6.69648730546268],[-74.2469331066992,6.69647716308307],[-74.2469331031059,6.69646701891883],[-74.2469280177431,6.69644926886142],[-74.2469305500939,6.69642644404425],[-74.2469305482973,6.69641883458206],[-74.2469330797497,6.69640108273851],[-74.2469381534345,6.69638332910996],[-74.2469406875819,6.69637318405161],[-74.2469432244242,6.69636303810088],[-74.246948295414,6.69635035655431],[-74.2469508322564,6.69634021238749],[-74.2469533673021,6.69633006643604],[-74.2469559023478,6.69631992137658],[-74.2469584382919,6.69630977720912],[-74.24696351018,6.69628948798133],[-74.2469635065867,6.69628187851699],[-74.2469609652528,6.69627427262129],[-74.2469609589646,6.69625905547637],[-74.2469584167323,6.69624891309201],[-74.2469558736018,6.69623876981525],[-74.2469558691102,6.6962235535614],[-74.2469558664152,6.69621594588041],[-74.2469558637203,6.6962083381993],[-74.2469533205897,6.69619819492169],[-74.2469502492498,6.69618393152267],[-74.2469502447582,6.69617240713852],[-74.2469502402666,6.69615800188098],[-74.2469531175705,6.69614071396543],[-74.2469559975693,6.69612630692254],[-74.2469559912811,6.69610613813243],[-74.2469559840945,6.69608645201498],[-74.2469559787046,6.69607156408141],[-74.2469559742131,6.69605715882089],[-74.2469559688232,6.69604275177559],[-74.2469559616367,6.6960225838742],[-74.2469559580434,6.69601105859403],[-74.2469559526535,6.69599665243953],[-74.2469559463653,6.69597648542848],[-74.2469559400771,6.69595919839865],[-74.2469530466036,6.69593614961943],[-74.246947266843,6.69589869557393],[-74.2469443796577,6.69589005384208],[-74.2469443751661,6.69587564857621],[-74.2469414825909,6.69585836154282],[-74.2469385954056,6.69584683893536],[-74.2469357037287,6.69582955190095],[-74.2469328138484,6.69581514663328],[-74.2469270385795,6.6957949813991],[-74.2469241495975,6.6957805770226],[-74.2469241442076,6.69576328998584],[-74.246921253429,6.6957460029485],[-74.24691547816,6.6957287185871],[-74.2469125837882,6.69570278892119],[-74.2469068121125,6.69569126541785],[-74.2469039231306,6.69567974191423],[-74.246903918639,6.69566821751817],[-74.2468981451667,6.69565381403009],[-74.2468981406751,6.69564228874121],[-74.2468981361835,6.69562788257585],[-74.246901015284,6.69561059464149],[-74.2468923573213,6.69560195379675],[-74.2468894710343,6.6955933120597],[-74.246886581154,6.6955760250163],[-74.2468865757641,6.69556161974116],[-74.2468865721709,6.69555009445011],[-74.2468865685776,6.69554103873663],[-74.2468202513501,6.69525729772097],[-74.2468261766377,6.69517042169702],[-74.2468258658206,6.69516980073333],[-74.2468200905516,6.69515539812274],[-74.2468143152827,6.69513811195605],[-74.246811429894,6.69512947021078],[-74.2468114263007,6.69511794580169],[-74.2468114218091,6.69510642050016],[-74.2468114173175,6.69509201521117],[-74.246811412826,6.69508049080119],[-74.2468085211491,6.69506032196787],[-74.2468027431852,6.69503727582278],[-74.2467940843242,6.69502287320829],[-74.2467940834258,6.69501999143627],[-74.2467883090552,6.69500270704916],[-74.2467854191749,6.6949883008649],[-74.2467854155817,6.69497965822477],[-74.2467825292946,6.69497101558448],[-74.2467854083951,6.6949566076149],[-74.2467882892922,6.69494220142928],[-74.246791169291,6.69493067612359],[-74.2467940492898,6.69492203169807],[-74.2467940456966,6.69491338816457],[-74.246794041205,6.69489898286986],[-74.246788268631,6.69488457757474],[-74.2467882650377,6.69487305405207],[-74.2467882614445,6.69486152874476],[-74.2467940268319,6.6948586460796],[-74.2467997886262,6.69483559367961],[-74.2467911297652,6.69481831107038],[-74.2467968870678,6.69478373514372],[-74.2467911683927,6.69477569562037],[-74.2467911647995,6.69476705386865],[-74.2467882722243,6.69474400503312],[-74.246785382344,6.69472671885186],[-74.2467824915654,6.69471519621768],[-74.2467767180931,6.69470079091713],[-74.2467767118049,6.69468350473433],[-74.2467738228229,6.69466621855093],[-74.2467709338409,6.69465181235673],[-74.2467709302477,6.69464028972074],[-74.2467709239595,6.69462300085926],[-74.2467709203662,6.6946114782226],[-74.2467737985684,6.69459706935023],[-74.2467766749739,6.69457690049693],[-74.2467853284451,6.69457113605544],[-74.2467910947309,6.69456537072166],[-74.2467939774246,6.69455672718189],[-74.2467939720347,6.69454232098445],[-74.2467939666448,6.69452791478659],[-74.2467910758663,6.69450774771482],[-74.2467910659848,6.69447893620884],[-74.2467910623915,6.69446741089223],[-74.2467910561033,6.694450123809],[-74.2467910516117,6.69443859938387],[-74.2467939316106,6.6944270740663],[-74.2467939280173,6.69441554874846],[-74.2467968053211,6.69439826077119],[-74.2467968017279,6.69438961812062],[-74.2467967981346,6.69437521191825],[-74.2467910255606,6.69436368838356],[-74.2467881365786,6.69435216574078],[-74.2467852502916,6.69434352308938],[-74.246776589634,6.69432911956224],[-74.2467737042453,6.69432047780262],[-74.246773700652,6.69431183247408],[-74.2467736979571,6.69430319071418],[-74.2467708098734,6.69429166717779],[-74.2467679208915,6.69428302363313],[-74.2467679172982,6.69426861742762],[-74.2467650283163,6.69425997566695],[-74.246759254844,6.69424845391392],[-74.2467592512507,6.69423692769966],[-74.2467592476574,6.69422828504623],[-74.2467621276562,6.6942138779469],[-74.24676501035,6.69420523350868],[-74.2467678912471,6.69419370818559],[-74.2467736539396,6.69417642020047],[-74.2467794130389,6.69415048688333],[-74.2467822921394,6.69413319800447],[-74.2467851721382,6.69411879090236],[-74.2467938202195,6.69410150202237],[-74.2467966993199,6.69408997491246],[-74.2467995811154,6.69408133047206],[-74.2468053456045,6.69406692336842],[-74.2468082256033,6.69405539714988],[-74.2468139927875,6.69404963359439],[-74.2468226408687,6.69403522381323],[-74.2468255235624,6.69402658115623],[-74.2468312898483,6.69401793403811],[-74.2468399343363,6.69399200071256],[-74.2468428152334,6.69398335537821],[-74.2468543487033,6.69397182737333],[-74.2468630003778,6.69396029936816],[-74.2468716466624,6.69394300959039],[-74.2468745257629,6.69392860248267],[-74.24687740666,6.69391995893157],[-74.2468831720475,6.69390555003875],[-74.2468889383333,6.69389402381643],[-74.2468947001275,6.69387961581506],[-74.246897581923,6.69387097137089],[-74.2469033482088,6.69385944514774],[-74.2469091153929,6.69385368069778],[-74.2469148789838,6.69384215447419],[-74.2469206443713,6.69383062646595],[-74.2469321760446,6.69381333668359],[-74.2469379432287,6.6938046904539],[-74.2469408241258,6.69379604600843],[-74.2469494740037,6.69378451889128],[-74.2469581229832,6.69377299177389],[-74.2469696582498,6.69376146197964],[-74.2469840744135,6.69374417041044],[-74.2469869562089,6.6937355259639],[-74.2469927197998,6.69372399884535],[-74.2469956015952,6.69371535439843],[-74.2470042496764,6.69369806461198],[-74.247010012369,6.69368077482491],[-74.2470157777565,6.69366924859724],[-74.2470244303293,6.69366348414504],[-74.2470388455947,6.69364619168017],[-74.2470421756494,6.6936381717663],[-74.2470450556482,6.69362952642568],[-74.2470450529533,6.6936208837615],[-74.2470508174425,6.69360647664427],[-74.2470536983396,6.69359494952265],[-74.2470565792367,6.69358342507735],[-74.2470594610321,6.69357477973578],[-74.247065224623,6.69356325350561],[-74.2470767580929,6.69354596192939],[-74.2470854052758,6.69353155302557],[-74.2470911733583,6.69352578857173],[-74.2471084740123,6.69350849699416],[-74.2471171247885,6.69349984986685],[-74.247122890176,6.69349120452382],[-74.2471286582584,6.69348544006948],[-74.2471315391556,6.69347679561836],[-74.2471344200527,6.69346527117028],[-74.2471344155611,6.69345374493753],[-74.2471372982549,6.69344798048277],[-74.2471459463361,6.69343357246823],[-74.2471517117236,6.69342492801619],[-74.2471574789077,6.69341340089032],[-74.2471632416002,6.69340187376414],[-74.247166124294,6.69339323020374],[-74.2471690060894,6.69338458485879],[-74.2471690015979,6.69337305951634],[-74.2471747678837,6.6933644150632],[-74.2471747669854,6.69336153417361],[-74.2471776487808,6.69335288972026],[-74.2471862986587,6.69334424169804],[-74.2471891795558,6.6933355981366],[-74.2472035984144,6.69332118654998],[-74.2472151318843,6.69330965852944],[-74.2472237817622,6.69330101139863],[-74.2472266635576,6.69329236783645],[-74.2472353143338,6.69327795892512],[-74.2472468460071,6.69326354912118],[-74.2472583776804,6.69324913842465],[-74.2472641439662,6.69324049396932],[-74.2472699111504,6.69323184772948],[-74.2472756738429,6.69321167881978],[-74.2472756711479,6.69320303347161],[-74.2472756666564,6.69319150990926],[-74.2472756621648,6.69317710367154],[-74.2472756576732,6.6931655792164],[-74.2472727695896,6.693156936544],[-74.2472669979139,6.6931511756545],[-74.2472583399512,6.6931396538753],[-74.2472554563591,6.69313389387778],[-74.2472525682755,6.69312813209583],[-74.2472554509692,6.69311948674618],[-74.2472583300697,6.69311084318077],[-74.2472669808459,6.69309931604746],[-74.2472756298255,6.69308490713048],[-74.247281395213,6.69307626088784],[-74.2472842743134,6.69305897286314],[-74.2472813790433,6.69303016305605],[-74.2472813763483,6.69302151770466],[-74.2472813682635,6.69299846878673],[-74.2472842500589,6.6929898252192],[-74.2472900127515,6.69297253540702],[-74.2472900037683,6.69294660470252],[-74.2472928873604,6.69294084113396],[-74.2472928837671,6.69293219845759],[-74.2472957646642,6.69292067310445],[-74.2472986437647,6.69290914685887],[-74.2472986401715,6.6928976215052],[-74.2473044019657,6.69287457079699],[-74.2473043992707,6.69286592722727],[-74.2473101637599,6.69285440098036],[-74.2473188127395,6.6928428729488],[-74.2473245772287,6.69282846491641],[-74.2473303417178,6.69281405688363],[-74.2473332217166,6.69279964974257],[-74.2473389853075,6.69278812260192],[-74.2473389799176,6.69277371813668],[-74.2473418608147,6.69276219188763],[-74.2473447417118,6.69275066653049],[-74.2473505053027,6.69273337670984],[-74.2473562688936,6.69272185045984],[-74.2473649187714,6.69271032242515],[-74.2473706850572,6.69269879706678],[-74.2473764486481,6.69269014992514],[-74.2473822158322,6.69267862456629],[-74.2473850949327,6.69266421652906],[-74.2473908603202,6.6926526911696],[-74.2473937394207,6.6926325204516],[-74.2473966176229,6.6926209950914],[-74.2474052666024,6.69260946794653],[-74.2474168027673,6.69260370169741],[-74.2474225708497,6.6925979381248],[-74.2474427577908,6.69258640473403],[-74.2474485249749,6.69257775937479],[-74.2474571721579,6.69256335044241],[-74.2474629357487,6.69254606150733],[-74.2474658184425,6.69253741703958],[-74.2474744620321,6.69251148363538],[-74.2474802274196,6.69249995738011],[-74.2474859928071,6.69249131201938],[-74.2474917617879,6.69248842844801],[-74.2475004080725,6.69246825772322],[-74.247509059747,6.69246249147244],[-74.2475177078282,6.69245096521602],[-74.2475263577061,6.69243943717495],[-74.2475263541128,6.69242791181019],[-74.247532118602,6.69241926644815],[-74.2475465401556,6.69241061751718],[-74.2475580754221,6.69240196947822],[-74.2475696133837,6.69239908590636],[-74.2475840322423,6.69239043697503],[-74.247582703634,6.69237949688859],[-74.2475884708181,6.69237373152894],[-74.2476028869818,6.69235643991059],[-74.2476086550642,6.69235067544287],[-74.2476201876358,6.69233626561157],[-74.2476288366154,6.69232473756778],[-74.247637485595,6.69231321041592],[-74.247654786249,6.69229303611512],[-74.2476720869031,6.69227574270951],[-74.2476807367809,6.69226421555648],[-74.2476893893538,6.69225556840716],[-74.2476980356384,6.69224115946526],[-74.2477066864145,6.6922296332036],[-74.2477211007816,6.69220945889936],[-74.2477326351498,6.69219793085257],[-74.247738402334,6.69219216549081],[-74.2477441686198,6.69218352190897],[-74.2477556966998,6.6921575867016],[-74.2477643465777,6.69214605776141],[-74.2477758746577,6.69212012344421],[-74.2477816427402,6.69211435986592],[-74.2477902908214,6.69210283181688],[-74.2477960589038,6.69209706645398],[-74.2478104777625,6.69208553840453],[-74.2478162440483,6.69207689303645],[-74.2478220112324,6.69207112767323],[-74.2478364255994,6.69205095514681],[-74.2478537262535,6.69203078083518],[-74.2478681451121,6.69202213189733],[-74.2478767958883,6.69201348474371],[-74.2479027554034,6.69200771491876],[-74.24791429067,6.69200194866253],[-74.2479229450394,6.69199906241171],[-74.247931594019,6.69199329793979],[-74.2479402492867,6.69199329437101],[-74.2479489000629,6.69198752989901],[-74.2479633198199,6.69197888185258],[-74.2479719723927,6.691975997386],[-74.2479835058626,6.69196734933939],[-74.2479921593337,6.69196158397487],[-74.2480152343584,6.6919615759451],[-74.248023886033,6.69195869237065],[-74.248052731835,6.69195868255651],[-74.2480613844078,6.69195579808982],[-74.2480700369806,6.69195291362311],[-74.2480786895535,6.6919500300486],[-74.2480902266167,6.69194714468965],[-74.2480988791895,6.69194426111511],[-74.2481104162527,6.69194137486395],[-74.2481248378063,6.69194136951078],[-74.2481334948707,6.69194712952234],[-74.2481421456468,6.69194712684574],[-74.2481508009146,6.69194712416918],[-74.2481825267155,6.69193846898447],[-74.2481911792883,6.69193270361962],[-74.2482056008419,6.69193269915864],[-74.2482200241921,6.69193557470352],[-74.2482373311343,6.69193556845814],[-74.2482488690958,6.69193268399132],[-74.2482690587319,6.6919297959557],[-74.2482834820821,6.69192979060255],[-74.2482892501645,6.69192690702787],[-74.2483065553101,6.69192113898631],[-74.2483180923733,6.69192113452533],[-74.2483325157235,6.69192113006437],[-74.248344053685,6.69192112560339],[-74.2483671314047,6.69192687936982],[-74.2483786693662,6.69192687580103],[-74.24840751427,6.69192398508882],[-74.2484363582754,6.69192397438247],[-74.2484507807273,6.69192396992148],[-74.2484623177905,6.69192108456242],[-74.2484738539554,6.69191820009551],[-74.2484825074265,6.69191243383822],[-74.2484882746106,6.69190955115566],[-74.2484940417948,6.69190666758085],[-74.2485084642467,6.69190090043126],[-74.2485199986149,6.69189513506596],[-74.2485315338815,6.69188936791621],[-74.2485517226192,6.69188071719146],[-74.2485574907016,6.69187783361652],[-74.2485719122552,6.69187494736498],[-74.2485863347071,6.69187206200558],[-74.2485978708719,6.69186629574776],[-74.2486065234447,6.69186341217274],[-74.2486122897306,6.69186052859766],[-74.2486267112841,6.69185187876462],[-74.2486353620603,6.69184611339873],[-74.2486440137348,6.69184034892501],[-74.2486670851663,6.69182881551634],[-74.2486757368408,6.69182593194109],[-74.2486872730056,6.6918201656827],[-74.2487045781513,6.69181151584894],[-74.2487161143162,6.6918057495904],[-74.2487391866459,6.69179709797197],[-74.24874495383,6.6917942143965],[-74.2487507228108,6.69179133171327],[-74.2487795677146,6.69178844100022],[-74.2487911038794,6.69178555564031],[-74.2488084090251,6.6917797867049],[-74.2488170606996,6.69177690312933],[-74.2488228278837,6.69177113776257],[-74.2488401339277,6.69176536971917],[-74.2488487847038,6.6917596043523],[-74.2488747424223,6.69175095273305],[-74.2488920466696,6.69174230200585],[-74.248897814752,6.69173941843006],[-74.2489093509169,6.69173653396208],[-74.2489151181011,6.69173076948705],[-74.2489237688772,6.69172500501195],[-74.2489353050421,6.69171635696089],[-74.2489410704296,6.69170771069404],[-74.2489497221041,6.69170194621866],[-74.2489612573707,6.69169329905937],[-74.2489699090452,6.69168753279944],[-74.24898144521,6.69168464743894],[-74.2489987476607,6.69167599760278],[-74.2490102874189,6.69167311313442],[-74.2490304743599,6.69166158061402],[-74.2490420096265,6.69165869614558],[-74.2490506648943,6.69165869257677],[-74.2490593165688,6.69165580900052],[-74.2490679691416,6.69165004363233],[-74.2490795026115,6.69164139647211],[-74.2490910396747,6.69163563021157],[-74.2490968068588,6.69163274574297],[-74.249105457635,6.69162409947467],[-74.2491112248191,6.69161833589049],[-74.2491198737987,6.69160680782978],[-74.2491256400845,6.69159816156098],[-74.2491342908607,6.69158663439198],[-74.249148708821,6.69157510454609],[-74.2491573569023,6.69156357648437],[-74.2491688930671,6.69155493021481],[-74.249180429232,6.69154916306103],[-74.2491890791099,6.69154051679124],[-74.2491948471923,6.69153763410649],[-74.2492006143764,6.69153186962911],[-74.2492121514396,6.69152610247506],[-74.2492150332351,6.69152322068241],[-74.2492323383807,6.69151745174387],[-74.2492438754439,6.69151168548187],[-74.2492554098121,6.69150592011198],[-74.2492640632833,6.69150015474204],[-74.2492727122628,6.6914943884798],[-74.2492755940582,6.69148574399343],[-74.2492873116828,6.6914705240227],[-74.2493017314398,6.69146187507492],[-74.2493248028712,6.69145034254948],[-74.2493334527491,6.6914445771789],[-74.2493594086709,6.69142728106667],[-74.2493738266312,6.69141575121702],[-74.2493968980627,6.69140421779832],[-74.2494113169213,6.69139556974156],[-74.2494286202703,6.69138403899899],[-74.2494343883527,6.69137827541197],[-74.2494516899051,6.69136386287541],[-74.2494632242733,6.691349453015],[-74.2494689887625,6.69134368853539],[-74.2494776422336,6.69133792405573],[-74.2494891748053,6.69132639509615],[-74.2495007100718,6.69131486613634],[-74.2495151289305,6.69130621718581],[-74.2495208979112,6.69130333360748],[-74.2495237788083,6.69129469000991],[-74.2495353140749,6.6912860419512],[-74.2495439630544,6.69128027657867],[-74.2495497329335,6.69127739300015],[-74.249555498321,6.69126586671579],[-74.249567029096,6.69124857505818],[-74.2495785625659,6.69123704698875],[-74.24958432975,6.69123128250782],[-74.2495872106472,6.69122263712458],[-74.2495900951375,6.69121975443794],[-74.249592974238,6.69120534903426],[-74.2495929724414,6.69119958633734],[-74.2495929679498,6.69118806272771],[-74.2495958488469,6.69117653554899],[-74.2495958452537,6.69116501193881],[-74.2495987261508,6.69115060474912],[-74.2496073697404,6.69113043396907],[-74.2496160196183,6.69111602499398],[-74.2496217841075,6.6911073787165],[-74.2496275485967,6.69109297063291],[-74.2496333130859,6.69107568164581],[-74.2496419602688,6.69106127266907],[-74.2496506092483,6.69104686458414],[-74.2496592564313,6.6910266929076],[-74.2496679054108,6.6910151657251],[-74.2496736716966,6.69100940034934],[-74.2496823242694,6.69100651676926],[-74.2496880923519,6.69100363408135],[-74.2496967449247,6.69099786781328],[-74.249708276598,6.69098345794205],[-74.2497198082713,6.69096616716667],[-74.2497255745571,6.69095752177873],[-74.2497313399446,6.69094599548682],[-74.2497371062304,6.69093446919459],[-74.2497428698213,6.69092582202172],[-74.2497515223941,6.69092005753711],[-74.249760169577,6.69090564855578],[-74.2497688221498,6.69089988317876],[-74.2497861219056,6.69087970881958],[-74.2497947735801,6.69087394344223],[-74.2498034252546,6.6908681780648],[-74.2498149623178,6.69086241179513],[-74.2498207277053,6.69085952910635],[-74.2498293820747,6.69085664374099],[-74.2498351492588,6.69085088014777],[-74.249840916443,6.69084799656674],[-74.2498466827288,6.69084223208122],[-74.2498553353016,6.69083646670343],[-74.2498582179953,6.6908335849067],[-74.249869750567,6.69081917503065],[-74.2498784013431,6.69081052785573],[-74.2498870521193,6.69080188157283],[-74.249901468283,6.69078458900665],[-74.2499101199575,6.69077882362817],[-74.2499130026512,6.69077306092623],[-74.2499216543258,6.69076729554761],[-74.2499303060003,6.6907644119661],[-74.2499360722861,6.69075576568243],[-74.2499447239606,6.69075288210081],[-74.2499562592271,6.69074423403254],[-74.2499677935954,6.69073270505896],[-74.2499735589829,6.69072694057208],[-74.2499793252687,6.69071541516689],[-74.2499822070641,6.69070676977453],[-74.249990856942,6.6906952416923],[-74.2499995050232,6.69068083359655],[-74.2500139202886,6.69066066012049],[-74.2500196856761,6.69065201472716],[-74.2500254519619,6.6906433684415],[-74.2500341009414,6.69063184035774],[-74.2500398672273,6.6906231958561],[-74.2500485189017,6.69061454867772],[-74.2500629386587,6.69060878151283],[-74.2500715876382,6.69060013522641],[-74.2500773557207,6.69059437073796],[-74.2500888927839,6.69058860357284],[-74.2501090806233,6.69057995371724],[-74.2501206167881,6.69057706745801],[-74.2501292675643,6.69057418387538],[-74.2501350374434,6.69057130207712],[-74.2501436891179,6.69056553580391],[-74.2501552252828,6.69056264954459],[-74.2501638778556,6.69055688505571],[-74.2501696423448,6.69054823876836],[-74.2501782949176,6.69054247338709],[-74.2501869465921,6.69053670889797],[-74.2501955973683,6.69052806171805],[-74.2502128989207,6.690516530955],[-74.2502244359838,6.69050788377472],[-74.2502359703521,6.6905021175008],[-74.2502446220266,6.69049346942806],[-74.2502475011271,6.69048482581615],[-74.2502495510826,6.69047800139538],[-74.2502598448774,6.69047285698295],[-74.2502701386722,6.69047028299234],[-74.2502881543853,6.69047027585477],[-74.2502984508751,6.69047027317815],[-74.2503113174449,6.69046512698125],[-74.2503241840147,6.6904599807843],[-74.2503447707061,6.69045226059657],[-74.250349916256,6.69044711796826],[-74.2503576345809,6.69043940313351],[-74.2503679283758,6.69043168651423],[-74.2503885123722,6.69041625416753],[-74.2503988079636,6.69041625059876],[-74.2504039544119,6.6904136775],[-74.2504142473084,6.69040596177254],[-74.2504219638367,6.69039824693713],[-74.2504296839583,6.69038796078716],[-74.2504348277116,6.69038024684367],[-74.250450268853,6.69037767106816],[-74.2504579898729,6.69037766749938],[-74.2504708582393,6.69037252219368],[-74.2504837239108,6.69036737599575],[-74.2504913937267,6.69036198355111],[-74.2505017378272,6.69035965669873],[-74.2505094588471,6.6903570827075],[-74.2505197544386,6.69035965045338],[-74.2505326219067,6.69035964599238],[-74.2505377692533,6.69035450247091],[-74.2505429121083,6.69033907458274],[-74.2505506304332,6.69033393106107],[-74.2505609233297,6.69032621444013],[-74.2505686407563,6.69032107091828],[-74.2505763626745,6.69031849781907],[-74.2505815082244,6.69031335340496],[-74.2505969475692,6.69030563678369],[-74.2506020940175,6.6903030636844],[-74.2506098159357,6.69030048969285],[-74.2506175351589,6.69029791659353],[-74.2506329771987,6.69029791213252],[-74.2506406991168,6.69029533814098],[-74.2506458455651,6.69029276504163],[-74.2506561375633,6.69028761973503],[-74.2506638576849,6.69028504663564],[-74.2506690050314,6.69028247353621],[-74.250676725153,6.69027475869884],[-74.2506895881295,6.69026447165409],[-74.2507024529027,6.69025418282467],[-74.2507178940441,6.69024646620248],[-74.250730760614,6.69024131911101],[-74.2507359070622,6.69023874690355],[-74.2507513482037,6.69023359981204],[-74.2507590683252,6.69023102582015],[-74.2507719357933,6.69022845093603],[-74.2507796577115,6.69022587783634],[-74.2507899524047,6.69022587337533],[-74.2507976716279,6.6902233011678],[-74.2508053908511,6.69022072717585],[-74.2508156864426,6.69021301055312],[-74.2508208310942,6.6902078679223],[-74.2508259757459,6.69020272439924],[-74.2508336958674,6.69019757998391],[-74.250841415989,6.69019500688402],[-74.2508465624372,6.69019243378415],[-74.2508517088855,6.69018729115311],[-74.2508568562321,6.69018728847649],[-74.2508697237002,6.69018728490771],[-74.2508748719451,6.69018728312331],[-74.2508825938633,6.69018727955452],[-74.2508903148831,6.69018727687791],[-74.250898035903,6.69018727509352],[-74.2509031832496,6.69018727241692],[-74.2509109042695,6.69018726974034],[-74.250918627086,6.69018726706374],[-74.2509289208808,6.69018726349495],[-74.2509366410024,6.69018468950281],[-74.2509495093688,6.69018468593403],[-74.2509546576137,6.69018468414963],[-74.2509623804302,6.69018468058081],[-74.2509675268784,6.69018467879642],[-74.2509803943466,6.69018210391209],[-74.2509855398965,6.69017953081212],[-74.2509958363863,6.69017952813554],[-74.2510035574062,6.69017952456672],[-74.2510189976493,6.69017694879016],[-74.2510241467925,6.69017694700577],[-74.2510292941391,6.6901743739058],[-74.2510370133623,6.69017179991359],[-74.2510473053605,6.69016408418228],[-74.2510576000537,6.69015893887435],[-74.2510627456036,6.69015636577426],[-74.2510678911536,6.69015122314283],[-74.2510730358052,6.69014607961918],[-74.2510781840501,6.69014607783478],[-74.2510884760483,6.6901383621031],[-74.2510987707415,6.6901357881107],[-74.251106490863,6.69013321411829],[-74.2511142109846,6.69013064101806],[-74.2511193583312,6.69013063834146],[-74.2511270811476,6.69013063566488],[-74.2511348012692,6.69012806256463],[-74.2511399477174,6.69012806078024],[-74.2511553888589,6.6901254850034],[-74.2511605353071,6.69012291190316],[-74.2511708308986,6.69012290744215],[-74.2511759791435,6.69012290654994],[-74.2511837001634,6.69012290387336],[-74.2511888484082,6.69012547251261],[-74.2512068659179,6.69012803669087],[-74.2512197342843,6.69012803312208],[-74.2512274562025,6.69013060086911],[-74.2512403272639,6.69013316683178],[-74.2512454737122,6.69013316504739],[-74.2512506210588,6.69013316237078],[-74.2512583420786,6.69013316058639],[-74.2512634894252,6.690133158802],[-74.2512686376701,6.69013315701759],[-74.2512789332616,6.6901331525566],[-74.2512892261581,6.69013057856418],[-74.251296947178,6.69012800457176],[-74.2513046681978,6.69012543147148],[-74.2513123883194,6.69012285747903],[-74.2513175338693,6.69012028616316],[-74.2513252539909,6.69011771217068],[-74.2513355486841,6.69011513817818],[-74.2513406960306,6.69011256507785],[-74.2513509898255,6.69010999108533],[-74.251358709947,6.69010741798499],[-74.2513638572936,6.6901074162006],[-74.25137672566,6.69010483953145],[-74.2513844466799,6.69010483774704],[-74.2513921676998,6.69010483507044],[-74.2514050378629,6.69010482971726],[-74.2514101852094,6.69010482882505],[-74.2514153316577,6.69010482704066],[-74.2514230526776,6.69010482347186],[-74.2514333473707,6.69010481990308],[-74.2514410692889,6.69010224680268],[-74.2514487894104,6.69009967281011],[-74.2514590841036,6.69009967013353],[-74.2514719515717,6.69009966478033],[-74.2514822489598,6.69010223163532],[-74.2514951173263,6.69010222806655],[-74.2515002637745,6.69010222538993],[-74.2515105611626,6.69010222182115],[-74.2515182812842,6.69010222003675],[-74.2515285759774,6.69010221557574],[-74.2515362960989,6.69010221289918],[-74.2515440171188,6.69009963979878],[-74.2515517390369,6.69009706580618],[-74.2515568863835,6.69009706402178],[-74.2515671783817,6.69009191782095],[-74.2515748994016,6.69009191603656],[-74.2515826222181,6.69009191246777],[-74.2515929151146,6.69008933758293],[-74.2516006370328,6.69008933579852],[-74.251631520214,6.69008418246004],[-74.2516392403355,6.69008418067561],[-74.2516469613554,6.69008417799904],[-74.2516598306201,6.69008417264586],[-74.2516675534366,6.69008417086143],[-74.2516752735582,6.69008416818485],[-74.2516804209048,6.69008416550825],[-74.2516932883729,6.69007644888336],[-74.2517035803711,6.69007130268231],[-74.2517138732676,6.69006615737342],[-74.2517190197159,6.69006101474105],[-74.2517318880823,6.69006100938787],[-74.251752478367,6.69006357267425],[-74.2517602011835,6.69006357088986],[-74.251773066855,6.69005842468867],[-74.2517833606498,6.69005584980364],[-74.2517885088947,6.69005327759525],[-74.2517962299146,6.69005327491864],[-74.2518013772611,6.69005327313425],[-74.2518168166059,6.69004812604074],[-74.2518271130957,6.69004555204787],[-74.251834832319,6.690042978055],[-74.2518425524405,6.69004040495431],[-74.2518502707654,6.69003525964507],[-74.2518579917853,6.69003011612019],[-74.2518631382336,6.69002497259522],[-74.2518682837835,6.69002239949445],[-74.2518734311301,6.69002239771006],[-74.25187857668,6.69001982550146],[-74.2518837231283,6.69001468197639],[-74.2518888677799,6.69000953845129],[-74.2518940169231,6.69000696713483],[-74.2519017352481,6.69000182093304],[-74.2519094553696,6.68999924783212],[-74.2519223210411,6.68999153120589],[-74.251930042061,6.68998638678833],[-74.2519351876109,6.68998381368736],[-74.2519403340592,6.68998124147856],[-74.2519480541807,6.6899760970609],[-74.2519557716073,6.68997095264317],[-74.2519609198522,6.68997095085878],[-74.251971216342,6.68997094818218],[-74.2519763627903,6.6899709455056],[-74.2519815092385,6.68996837240451],[-74.2519866556868,6.68996837062012],[-74.2519943767067,6.68996579751902],[-74.2520020986249,6.68996322352572],[-74.2520098178481,6.68995808000007],[-74.2520149642964,6.68995550779113],[-74.2520329773144,6.68994521806303],[-74.2520458438843,6.6899400718606],[-74.2520587095558,6.68993492565811],[-74.2520664278807,6.68992721081526],[-74.2520715761256,6.68992463771394],[-74.2520792962471,6.68992206461264],[-74.2520895891437,6.6899194897269],[-74.2520947373885,6.6899194879425],[-74.2520998829385,6.68991691484118],[-74.2521050311834,6.68991434263202],[-74.2521153258765,6.68991433906319],[-74.2521281924463,6.68990919286043],[-74.2521333388946,6.68990919107603],[-74.2521487809343,6.68990404398105],[-74.2521565010559,6.68990146998742],[-74.2521667939524,6.68989632467671],[-74.2521899588087,6.68989888796398],[-74.2522002526035,6.68989888350298],[-74.2522053999501,6.68989888171859],[-74.2522105490933,6.68989630950933],[-74.2522156946432,6.68989373640785],[-74.2522208410915,6.68988859377369],[-74.2522259839465,6.68987830850516],[-74.2522362759447,6.68987316408642],[-74.2522439987612,6.68987316051763],[-74.252254292556,6.68987058652384],[-74.2522620126776,6.68986801253004],[-74.2522723046758,6.68986286811118],[-74.2522774529207,6.68986029500952],[-74.2522826002673,6.68985772280007],[-74.2522903203888,6.6898551488062],[-74.2522980387137,6.68985000438721],[-74.252303185162,6.6898474321777],[-74.2523160526301,6.68984228597423],[-74.25232377365,6.68984228418984],[-74.2523251202246,6.68983242182264],[-74.2523302657746,6.68982727918781],[-74.2523405586711,6.68982213387635],[-74.2523482787927,6.68981955899008],[-74.2523611480574,6.68981698410383],[-74.2523765883005,6.68981183700783],[-74.2523843093204,6.68981183343904],[-74.2523920312386,6.68981183165465],[-74.25240747238,6.68980925498394],[-74.252425488093,6.68980667742102],[-74.2524332082145,6.68980410521128],[-74.2524409292344,6.68980410164248],[-74.2524512248259,6.68980666849901],[-74.2524615204174,6.68980409450487],[-74.2524692396406,6.68980152051072],[-74.2524795316388,6.68979637609116],[-74.2524846780871,6.68979380298918],[-74.2524949736786,6.68978865767734],[-74.2525026920034,6.68978351414987],[-74.2525129857983,6.68978093837121],[-74.2525207059198,6.68978093658682],[-74.2525258550631,6.68978093480242],[-74.2525335760829,6.68978093212581],[-74.2525438707761,6.68978092766481],[-74.2525541645709,6.68977835367053],[-74.2525644610607,6.68977835010175],[-74.2525696066107,6.68977577789186],[-74.2525747539572,6.68977577610746],[-74.2525850477521,6.68977320122094],[-74.2525901942003,6.68977062901103],[-74.2525953406486,6.68976805590891],[-74.2526004888935,6.68976548369896],[-74.25261078179,6.68976033838682],[-74.2526159282383,6.68975776617687],[-74.2526210746865,6.68975776350026],[-74.2526390903996,6.68975261551145],[-74.2526468114194,6.68975004240922],[-74.2526519569694,6.68974747019917],[-74.2526699690892,6.68973460914877],[-74.252682835659,6.68972946294411],[-74.2526905548822,6.68972688894958],[-74.2526957022288,6.68972431673941],[-74.2527085696969,6.68972174096045],[-74.2527137179418,6.68972174006826],[-74.2527291581849,6.68971659297125],[-74.2527343037348,6.68971401986885],[-74.252742025653,6.68971144587424],[-74.2527600395694,6.68970886920299],[-74.2527754834058,6.6897088638498],[-74.2527935000171,6.68970885671219],[-74.2528037929136,6.68970628271753],[-74.2528140867085,6.6897011374048],[-74.2528192313601,6.68969342345044],[-74.2528243760118,6.68968570949599],[-74.2528295206634,6.6896779946492],[-74.2528423854366,6.6896625658475],[-74.2528475300882,6.68965485189256],[-74.2528578202898,6.68964456483471],[-74.252870685063,6.68963427688445],[-74.2528758324095,6.68962913335537],[-74.2528835489378,6.68961884808135],[-74.2528938400377,6.68960856102274],[-74.2529041302393,6.68959827396393],[-74.2529169941142,6.68958027384098],[-74.2529221387658,6.68957513120349],[-74.2529272834174,6.68956227460955],[-74.2529349990474,6.68955198844197],[-74.2529427182706,6.68954427270085],[-74.2529504365956,6.68953398653289],[-74.2529530057773,6.68952370304132],[-74.2529632968772,6.68951084555382],[-74.2529710152021,6.6895057011312],[-74.2529761598537,6.68949798717379],[-74.2529813080986,6.68949541496242],[-74.2529915991985,6.68948512790121],[-74.25300446487,6.68947998080175],[-74.2530121849916,6.68947740680585],[-74.253022480583,6.68947483280998],[-74.2530327743779,6.68947225792192],[-74.2530379199278,6.68946968571042],[-74.2530482137227,6.689461969968],[-74.2530610802925,6.68945682376047],[-74.2530687977191,6.68944910891012],[-74.2530790906156,6.68944396359464],[-74.2530893844105,6.68943624785185],[-74.2531022491836,6.68942595989722],[-74.2531151130585,6.68941567194233],[-74.2531228322817,6.68940538666388],[-74.2531331233816,6.68939509870856],[-74.2531485600315,6.68938223943327],[-74.253156280153,6.68937452458172],[-74.2531691458245,6.68936937748106],[-74.2531794378228,6.68936166262928],[-74.2531871561477,6.6893539468852],[-74.2531974490442,6.68934366071323],[-74.2532051682674,6.68933851539664],[-74.2532128856941,6.68933080054437],[-74.253218031244,6.68932565790428],[-74.2532283232422,6.68931279951936],[-74.2532360406688,6.68930508466671],[-74.2532514773187,6.68928965496101],[-74.2532591983385,6.68928450964389],[-74.2532669166634,6.68927936521889],[-74.2532772086616,6.68927164858129],[-74.2532874997615,6.68926393283575],[-74.253297795353,6.68925878751836],[-74.2533055127796,6.68925107266483],[-74.2533132311045,6.68924335781118],[-74.2533183757562,6.68923821517014],[-74.2533286686527,6.68922535589077],[-74.2533441026076,6.68920735486186],[-74.2533518227291,6.68920221043606],[-74.2533621156257,6.68919449468943],[-74.2533672602773,6.6891867807271],[-74.2533724058272,6.68918420762191],[-74.2533775513772,6.68917392412295],[-74.2533852679055,6.68916620748368],[-74.2533929871287,6.68916106394965],[-74.2533955590054,6.68915335087898],[-74.2534032773303,6.68914306381058],[-74.253410992062,6.68912763677636],[-74.2534161358153,6.68911735149184],[-74.2534212795686,6.68910963752826],[-74.2534289987918,6.68910192267241],[-74.2534367180151,6.68909163649509],[-74.2534418626667,6.68908649385249],[-74.2534418617684,6.68908392253115],[-74.2534444354417,6.68908135120982],[-74.2534444327467,6.68907620945925],[-74.2534447049363,6.68906461353129],[-74.2534472759146,6.68905690045914],[-74.2534524196679,6.68904661606527],[-74.2534549924429,6.68904147252999],[-74.2534652808478,6.68902604370817],[-74.2534755719477,6.68901318709979],[-74.253483291171,6.68900804177972],[-74.2534910103942,6.68900289645962],[-74.2534987278208,6.68899518160205],[-74.253509019819,6.68898746585219],[-74.2535218872871,6.68897717788807],[-74.2535270319388,6.68897203435205],[-74.2535321765904,6.68896689170816],[-74.2535373221404,6.68896174817203],[-74.2535424676903,6.68895660463582],[-74.2535501887102,6.68895146109958],[-74.2535553333618,6.68894374713342],[-74.2535733427866,6.6889283156319],[-74.2535810629082,6.68892059988098],[-74.2535887803348,6.68891031369987],[-74.2535939249864,6.68890517016312],[-74.2536042160863,6.6888948839817],[-74.2536067870647,6.68888717090683],[-74.2536119317163,6.68887945604743],[-74.2536170790629,6.68887431251038],[-74.2536247955912,6.68886402722049],[-74.2536299402428,6.68885631236077],[-74.2536376576694,6.6888460270705],[-74.253642802321,6.68883831221046],[-74.2536505224426,6.68883316778076],[-74.2536556679925,6.68882802513542],[-74.2536633854191,6.68881773895236],[-74.2536685318674,6.68881516584523],[-74.253676249294,6.6888074509847],[-74.2536813939456,6.68879973701626],[-74.2536865421905,6.68879459347834],[-74.2536916877405,6.68879202037108],[-74.2537019770437,6.68877916375654],[-74.253709696267,6.68877144889544],[-74.2537122672453,6.68876630535723],[-74.2537199873669,6.68875859049596],[-74.2537251302219,6.68874830520362],[-74.2537277020985,6.68874059212644],[-74.253737994995,6.68873801634229],[-74.2537508588699,6.68872772837295],[-74.2537560053182,6.68871744397218],[-74.2537637227448,6.68870972911011],[-74.2537740129464,6.68869687160119],[-74.2537791566997,6.688689157631],[-74.253784303148,6.68868401409192],[-74.2537894495962,6.68867887055282],[-74.2537945942479,6.68867115658235],[-74.2537997406961,6.68866858258223],[-74.253807459021,6.68866086771938],[-74.2538126036727,6.68865572507222],[-74.2538177492226,6.6886505806406],[-74.2538254702425,6.68864543710114],[-74.2538331885674,6.68864029266942],[-74.2538383341173,6.68863257869834],[-74.2538460533406,6.68863000469802],[-74.2538537725638,6.6886248611583],[-74.2538589199104,6.68861971761858],[-74.2538640663587,6.68861714451038],[-74.2538692128069,6.68861457140219],[-74.2538769311319,6.68860942786232],[-74.2538846503551,6.68860428343021],[-74.2538949450482,6.68859913899809],[-74.2539000905982,6.68859656588977],[-74.2539078098214,6.68859142145753],[-74.253915529943,6.68858884745698],[-74.2539206763912,6.68858627434865],[-74.2539309710844,6.68858369945587],[-74.2539386912059,6.68857855591571],[-74.2539515541825,6.6885656975111],[-74.2539618461807,6.68856055218636],[-74.2539695672006,6.68855540775374],[-74.2539747136488,6.6885528346452],[-74.2539824319737,6.68854511978056],[-74.253987578422,6.68854254756417],[-74.2539927230737,6.68853740402355],[-74.2540030177668,6.68853225869849],[-74.2540081651134,6.68852968648204],[-74.2540133106633,6.68852711337336],[-74.2540210298866,6.6885219698326],[-74.2540261763348,6.68851939672388],[-74.2540313209865,6.68851425407527],[-74.2540364692314,6.6885116809665],[-74.2540416147813,6.68850653742559],[-74.2540493331062,6.68849882166796],[-74.2540570532278,6.68849624766694],[-74.2540647697561,6.6884885328014],[-74.254069918001,6.68848339015242],[-74.2540750635509,6.68847824571898],[-74.2540827818758,6.68847310217768],[-74.2540853528542,6.68846538820397],[-74.2540930711791,6.68845510201329],[-74.2541007886057,6.68844738714707],[-74.2541059359523,6.68844224360548],[-74.2541136515822,6.68843195741427],[-74.2541187998272,6.68842938519732],[-74.2541239435805,6.68842167122288],[-74.2541342337821,6.68841138413907],[-74.2541393802303,6.68840367016438],[-74.2541445239836,6.68839338486461],[-74.2541496704319,6.68839081175521],[-74.2541548159818,6.6883856691052],[-74.2541651070817,6.68837538202062],[-74.2541702526317,6.68837280891116],[-74.2541753999783,6.68836766536878],[-74.2541908384247,6.68835737649943],[-74.2541959839747,6.68835480517423],[-74.2542011313213,6.68835223206467],[-74.2542062777695,6.68834708852203],[-74.2542114233195,6.68834194497939],[-74.2542191407461,6.6883342292192],[-74.2542294336426,6.68832908389198],[-74.2542345791925,6.68832136991598],[-74.2542397247425,6.68831879680622],[-74.2542474439657,6.68831108193787],[-74.2542525886174,6.68830336796156],[-74.2542577350656,6.68829822441845],[-74.254260306044,6.68829308176748],[-74.2542654506956,6.68828793911644],[-74.2542680225723,6.68828279646535],[-74.2542705962455,6.6882802251398],[-74.2542783145705,6.68826993894521],[-74.2542834610187,6.68826736672739],[-74.2542886065687,6.68826222318386],[-74.2542937530169,6.68825965096599],[-74.2543040432185,6.68824936298657],[-74.2543091896668,6.68824678987644],[-74.25431690889,6.68823650457335],[-74.25432205444,6.68823136102953],[-74.2543271999899,6.6882287888115],[-74.2543349183148,6.6882185026158],[-74.2543426357415,6.68821078774588],[-74.2543477821897,6.68820307376799],[-74.2543529268413,6.68819792843942],[-74.2543580723913,6.68819021446136],[-74.2543632161446,6.68818250048314],[-74.2543683616945,6.68817735783098],[-74.2543735063462,6.68816964385256],[-74.2543786518961,6.68816449852364],[-74.2543837992427,6.68815935587125],[-74.2543889420977,6.6881490705663],[-74.254396658626,6.68813878436898],[-74.2544018059726,6.68813621304266],[-74.2544095207042,6.68812078508444],[-74.2544146662542,6.68811564153941],[-74.2544198118041,6.68810792756001],[-74.2544275310273,6.68810021268836],[-74.2544326747807,6.68809249870871],[-74.2544403922073,6.68808221161799],[-74.2544506842055,6.68806935409255],[-74.2544558297554,6.68806678187367],[-74.254468692732,6.68805392256342],[-74.2544738391803,6.68804877990986],[-74.2544789838319,6.68804363636407],[-74.2544892776267,6.68803592059918],[-74.2544944231767,6.68803077705321],[-74.2544995678283,6.68802306307251],[-74.2545047115816,6.68801534909169],[-74.2545098562333,6.68800763511075],[-74.2545150017832,6.68800506199932],[-74.2545227219048,6.6879973453416],[-74.2545381612495,6.68798705735666],[-74.2545433059012,6.68798191381019],[-74.2545484496545,6.68797419982871],[-74.2545510233278,6.68796905806654],[-74.2545561697761,6.68796391362769],[-74.2545587416527,6.68796134319265],[-74.254566458181,6.68794848566403],[-74.2545741774042,6.68794077078985],[-74.2545793220559,6.6879356281351],[-74.2545844667075,6.68793048369591],[-74.2545896131558,6.68792276882141],[-74.2545947578074,6.68791762616646],[-74.2545999042557,6.68791248172708],[-74.2546050507039,6.68790990950736],[-74.2546101971522,6.68790733550324],[-74.2546153409055,6.68789962152059],[-74.254625633802,6.68789190575341],[-74.2546359266985,6.68788418998609],[-74.2546410731468,6.68788161776622],[-74.2546462177984,6.68787647421867],[-74.254651365145,6.68787647154205],[-74.2546565088983,6.68786875755891],[-74.2546616580416,6.68786875577452],[-74.2546642299182,6.68786361401123],[-74.2546668017949,6.68786104179126],[-74.2546693736715,6.68785332870007],[-74.2546745183231,6.68784561471657],[-74.2546770893015,6.68783790162513],[-74.2546796593815,6.68782761720563],[-74.2546848049315,6.6878224727653],[-74.2546899486848,6.6878147587813],[-74.2546950969297,6.68781218656109],[-74.2547002415813,6.68780704301276],[-74.2547079617029,6.68780446990031],[-74.2547156809261,6.68779932545973],[-74.2547182537011,6.68779675413164],[-74.2547234010477,6.68779675145502],[-74.2547285465976,6.68778903747063],[-74.2547394000429,6.68777376474472],[-74.2547460682372,6.68776932068294],[-74.2547505139996,6.68776487751334],[-74.2547594046259,6.68775598849745],[-74.2547660737186,6.68774932374284],[-74.254774964345,6.6877382140339],[-74.254783854073,6.68772488452415],[-74.2547971922584,6.68771377481465],[-74.254806083783,6.68770710916728],[-74.2548149753077,6.6876982219347],[-74.2548238668324,6.6876915536105],[-74.2548327583571,6.68768044568468],[-74.2548416489834,6.68767155845162],[-74.2548483189744,6.68766489280367],[-74.2548549826772,6.68765156507632],[-74.2548594284395,6.68764489853588],[-74.2548638742019,6.68764045536515],[-74.2548705432946,6.68763378971679],[-74.2548861066069,6.68762712139171],[-74.2548905532675,6.68762489712967],[-74.2548949999282,6.68762489534522],[-74.2549083363169,6.68760712355356],[-74.2549172251466,6.68759157156241],[-74.254923890646,6.6875804645265],[-74.2549283364084,6.68757601957079],[-74.2549327812724,6.68756935570594],[-74.2549394512634,6.68756491075013],[-74.2549438970257,6.68756268916439],[-74.2549505652201,6.68755602173056],[-74.2549572352111,6.6875515776668],[-74.2549661267357,6.68754491201722],[-74.2549727949301,6.68753824636755],[-74.2549816855565,6.68752935913189],[-74.2549905770811,6.68751602961645],[-74.2549972452755,6.68750936307416],[-74.2550016901395,6.68750491990221],[-74.2550083601305,6.68749825335976],[-74.2550128031979,6.68748936790782],[-74.2550172498586,6.68748492384347],[-74.2550216938243,6.68747825997738],[-74.2550261386883,6.68747159521899],[-74.2550328068827,6.68746492778391],[-74.2550350284164,6.68745604411576],[-74.2550372490517,6.68745160094329],[-74.2550483657034,6.68744715509421],[-74.2550528096691,6.68743826874912],[-74.2550550321011,6.68743382557648],[-74.2550617002954,6.68742493833897],[-74.2550683666932,6.68741827268766],[-74.2550728106589,6.68740938812641],[-74.2550794806499,6.68740272158271],[-74.2550839237173,6.68739383434458],[-74.2550883712762,6.6873916127581],[-74.2550928161402,6.68738494799852],[-74.2550994861313,6.68738050393322],[-74.2551083758593,6.68736717352148],[-74.2551128207233,6.68736272945605],[-74.255117267384,6.68735828717494],[-74.2551217113497,6.68734939993604],[-74.2551261553154,6.68734273606808],[-74.2551350459418,6.68733162813433],[-74.2551372647805,6.68732274178714],[-74.2551417114412,6.68731607702662],[-74.2551506020675,6.68730718978693],[-74.2551550460333,6.68730052502624],[-74.2551572693636,6.6872938593732],[-74.2551617142276,6.6872894170915],[-74.255163934863,6.68728275143834],[-74.2551683788287,6.68727386687467],[-74.2551706003624,6.68726720300567],[-74.2551728209978,6.68726053913662],[-74.2551750434298,6.68725387437529],[-74.2551794900904,6.68725165189595],[-74.2551839340562,6.68724498713445],[-74.2551906040471,6.68724276376286],[-74.2551994937752,6.68723165493463],[-74.2552061610712,6.68721832719546],[-74.255210605037,6.68720943995399],[-74.2552150490026,6.68720277519196],[-74.255219494765,6.68719833201721],[-74.255223939629,6.68719166547059],[-74.2552328311537,6.68718278001304],[-74.2552395002464,6.68717389277092],[-74.2552439451104,6.68716944870373],[-74.2552483890761,6.68716056235359],[-74.2552483872795,6.68715389937526],[-74.2552550518806,6.68714057074175],[-74.2552639407103,6.68712724210791],[-74.255270609803,6.68711835397256],[-74.2552861704203,6.6871050226615],[-74.2552950601484,6.68709391383012],[-74.2552995059107,6.68708946886999],[-74.2553017283427,6.68708280589069],[-74.2553039471815,6.68707391953898],[-74.2553083920455,6.68706725566728],[-74.2553128387062,6.68706281159909],[-74.2553239535612,6.68705614505062],[-74.2553284002218,6.68705392078598],[-74.2553328459842,6.68704947760988],[-74.2553372926448,6.68704725602183],[-74.2553395150768,6.68704281195345],[-74.255339974116,6.68703773442016],[-74.25534449893,6.68702868657868],[-74.2553490219475,6.68701511704665],[-74.2553625990847,6.68699702047049],[-74.2553761762219,6.68697892478587],[-74.2553807001377,6.68696535346804],[-74.2553942790715,6.68695178036542],[-74.2554033286997,6.68693368646355],[-74.255398799394,6.68692916566457],[-74.2554078508188,6.68692011692888],[-74.2554169013453,6.68690202302581],[-74.2554259536684,6.68689749598109],[-74.2554395317039,6.68687487681669],[-74.2554531070445,6.68685225765124],[-74.2554666859783,6.68683868454551],[-74.2554802631156,6.686820588855],[-74.2555028961691,6.68679796701045],[-74.2555209981204,6.68677082347219],[-74.2555300450537,6.68674820608633],[-74.2555345680711,6.6867346356543],[-74.2555436176993,6.68672106343751],[-74.2555526673275,6.68669844694154],[-74.2555662462613,6.68668487383154],[-74.2555798260934,6.68667582241471],[-74.2555888802132,6.6866667736743],[-74.2555979298414,6.68665320145565],[-74.2556069830628,6.68664415360704],[-74.2556160353859,6.68663510397386],[-74.2556341418288,6.68662152996989],[-74.2556431959485,6.68661247944407],[-74.2556522482716,6.68660343159475],[-74.2556613005948,6.68659438374523],[-74.2556748813252,6.68658080884788],[-74.2556884557675,6.68655818966882],[-74.2556975053957,6.68654009575238],[-74.2557110798379,6.6865129539842],[-74.2557156019571,6.68649938354564],[-74.2557291790943,6.68647676436281],[-74.2557337012134,6.68646319481546],[-74.255747273859,6.68643152956283],[-74.2557608509963,6.68641343385726],[-74.2557744272351,6.68639081467045],[-74.2557834741684,6.68636819637482],[-74.2557925237965,6.6863501024513],[-74.2558015707298,6.68632748504597],[-74.2558151505619,6.68631391192567],[-74.2558332588014,6.68630033791276],[-74.2558649459747,6.68627771158308],[-74.2558785222136,6.68625509239],[-74.2558966241649,6.68622794882159],[-74.2559101968105,6.68620080792828],[-74.2559374391198,6.68614950521193],[-74.2559464869514,6.68612688690513],[-74.2559600640886,6.68610879118829],[-74.2559691137168,6.68609069636297],[-74.2559736358359,6.68607260242919],[-74.2559781561584,6.68605451117136],[-74.2559872030916,6.68602737116061],[-74.2559917234142,6.68600475463258],[-74.25599624194,6.68598213899568],[-74.2560052915682,6.68596404505787],[-74.2560098118907,6.68594142852689],[-74.2560188624172,6.68592785718024],[-74.256027913842,6.68591428583325],[-74.2560414882843,6.68588714403034],[-74.2560505352175,6.68586452571137],[-74.2560595821507,6.68583738658231],[-74.2560686299823,6.68581929085473],[-74.256077681407,6.68580119780311],[-74.2560822008313,6.6857831038586],[-74.2560912531544,6.68576953250759],[-74.2561003027825,6.68575596115619],[-74.256109353309,6.68573786721002],[-74.2561184038355,6.68572429407334],[-74.2561229259547,6.6857062019104],[-74.2561365030919,6.68568810617797],[-74.2561410261093,6.68567453482431],[-74.2561545996532,6.68564739390028],[-74.2561636501797,6.6856292990579],[-74.2561726962147,6.68560215991578],[-74.2561817467411,6.68558858677532],[-74.256186267962,6.68557049371513],[-74.2561953193868,6.68555692146603],[-74.2561998406076,6.68554335189314],[-74.2562043627267,6.68552525972349],[-74.2562134132532,6.68550716487659],[-74.2562269885938,6.68548454564784],[-74.2562315116113,6.68547097607295],[-74.2562450869518,6.68544835684253],[-74.2562541356817,6.68543026288497],[-74.2562722394296,6.68540311837851],[-74.2562812890578,6.68538502352708],[-74.256294866195,6.68536692778276],[-74.2562993901108,6.6853533582046],[-74.2563084379423,6.68533526245911],[-74.2563174866722,6.68531264589905],[-74.2563265371986,6.68529907364274],[-74.2563265318087,6.68528550584712],[-74.2563355796403,6.68526288839253],[-74.2563446292685,6.6852447935359],[-74.2563491513876,6.68522670046303],[-74.2563491433028,6.68520408657453],[-74.2563536636253,6.68519051699185],[-74.2563627105585,6.68516337693315],[-74.2563672353726,6.68514980645714],[-74.2563717556951,6.68513623598074],[-74.2563762778142,6.68511814379606],[-74.2563807999334,6.68510005071845],[-74.2563853238491,6.68508648113289],[-74.2563943698841,6.6850638627769],[-74.2564169984461,6.68502767215603],[-74.2564260480742,6.68501409989182],[-74.2564305657018,6.68498696160772],[-74.2564350896176,6.68497339201902],[-74.2564441356525,6.68494625194828],[-74.2564486577716,6.68492815797213],[-74.2564577082981,6.68491458659738],[-74.2564622304173,6.68489649351228],[-74.2564667534347,6.68488292392107],[-74.2564667471465,6.68486483261919],[-74.25646673996,6.68484674220885],[-74.2564712620791,6.68482864733683],[-74.2564803072157,6.68480150904244],[-74.2564893568439,6.68478341416875],[-74.256493878963,6.68476984457439],[-74.2565074561002,6.68475174791507],[-74.2565165012368,6.68472008433601],[-74.2565119647446,6.6846974722085],[-74.2565283607952,6.68470574744071],[-74.2565311877934,6.68469160772309],[-74.2565255212206,6.68468029808998],[-74.2565283482188,6.68466898488775],[-74.2565340049102,6.68465484160024],[-74.25653683101,6.68464070098889],[-74.2565396562116,6.68462373207634],[-74.2565424841081,6.68461524806593],[-74.2565453084113,6.68459544995926],[-74.2565481336129,6.68458130756178],[-74.2565452967333,6.68456716962497],[-74.2565452913434,6.68455020070984],[-74.2565481183416,6.68453606009549],[-74.2565481120534,6.6845190920715],[-74.2565509381533,6.68450777797335],[-74.2565537642531,6.68449363646555],[-74.2565537597615,6.68448232504344],[-74.2565565822682,6.68445687211222],[-74.2565650677543,6.68443141561083],[-74.2565707226491,6.68441161660452],[-74.2565735496473,6.68440030339607],[-74.2565735469523,6.68439182116621],[-74.2565763748488,6.68438333447519],[-74.2565792009487,6.68436919385598],[-74.2565820288452,6.68436070894896],[-74.2565848558434,6.68434939573937],[-74.256590516128,6.68434090904757],[-74.2565933386347,6.68432111182198],[-74.2565961674295,6.68431262691414],[-74.2566018268158,6.6843013128112],[-74.2566046493224,6.68427585897837],[-74.2566074772189,6.68426737496193],[-74.2566103051154,6.6842588891609],[-74.2566131312153,6.68424474764593],[-74.2566131258254,6.68423060880713],[-74.2566131204355,6.68421363988035],[-74.256615948332,6.68420515497062],[-74.2566187744319,6.68419101345406],[-74.2566216023284,6.68418252765173],[-74.2566244284283,6.68416838702676],[-74.2566272563248,6.68415990211623],[-74.2566300761365,6.68413162086454],[-74.2566357346245,6.68412030675742],[-74.2566413949091,6.68410899175785],[-74.2566442201107,6.68409202282682],[-74.256647041719,6.68406939639493],[-74.2566498696155,6.68405808407078],[-74.2566498669205,6.68404960094276],[-74.2566498606323,6.68403263200971],[-74.2566526867322,6.68402131790028],[-74.2566583380337,6.68398738003153],[-74.2566611632352,6.68397323850869],[-74.2566639884368,6.68395626868075],[-74.2566668172316,6.68394778465877],[-74.2566696442298,6.68393929885221],[-74.2566696397383,6.68392798652506],[-74.2566639695722,6.68390819285162],[-74.2566611308959,6.68388556998005],[-74.2566639507076,6.68385446040721],[-74.2566752721751,6.68384031620386],[-74.2566865927443,6.6838289994134],[-74.2566950863153,6.68382899673676],[-74.2567007457016,6.68382333834142],[-74.2567177175723,6.68377808366728],[-74.2567233751619,6.68376394213841],[-74.2567290336499,6.68375262802278],[-74.2567375227293,6.68374131212247],[-74.2567460127071,6.68373282452793],[-74.2567545026848,6.6837186821055],[-74.2567658205591,6.68370170869988],[-74.2567743114352,6.68369039369061],[-74.2567884643925,6.68367907689664],[-74.256791292289,6.68367059197766],[-74.2568026119599,6.68365927518323],[-74.2568111010393,6.68364796017298],[-74.2568195892204,6.6836338168559],[-74.2568252486067,6.68362533015168],[-74.2568280782999,6.68361684612396],[-74.2568337385845,6.68361118683394],[-74.256845057357,6.68359421520902],[-74.2568478852536,6.68358572939633],[-74.256856374333,6.68357441438436],[-74.2568563707397,6.68356592946355],[-74.2568563680448,6.6835574454348],[-74.2568591932464,6.68354047648462],[-74.2568620202446,6.68352916414824],[-74.2568676787325,6.68351502082772],[-74.2568705039341,6.6834980518761],[-74.2568733318306,6.68348956695394],[-74.2568789867253,6.68346976969391],[-74.2568789831321,6.68345845646367],[-74.2568846407217,6.683447142341],[-74.2568874677199,6.68343583000246],[-74.2568931253096,6.68342168757147],[-74.2569072755719,6.6834047141555],[-74.2569157646514,6.68339339913937],[-74.2569242537308,6.68338208412298],[-74.2569270834239,6.68337359919881],[-74.2569327419119,6.68336511159788],[-74.2569355698084,6.68335662667341],[-74.2569383968066,6.68334531344058],[-74.2569383941117,6.683336829408],[-74.256935557232,6.6833198631268],[-74.2569383824336,6.68330289416839],[-74.2569383761454,6.68328875262574],[-74.25694403643,6.6832746101905],[-74.2569468607332,6.68326046953925],[-74.2569581777092,6.68324066870107],[-74.2569610074024,6.68323218377444],[-74.2569666658903,6.68322652448001],[-74.2569824546798,6.68320182540175],[-74.2569869606292,6.68319732062807],[-74.2569959761214,6.68319281406991],[-74.2570027368422,6.68318830840395],[-74.2570094975631,6.68318380273795],[-74.2570140044108,6.68317929885632],[-74.2570252701828,6.6831657845345],[-74.2570297761323,6.68316127976052],[-74.2570387889295,6.68315001916362],[-74.2570410410059,6.68314326334066],[-74.2570477981335,6.68313200363557],[-74.2570477918453,6.6831162418324],[-74.2570500439217,6.68310723585228],[-74.2570522942015,6.68309597703855],[-74.2570522924049,6.6830892229993],[-74.2570567956594,6.68308021434203],[-74.2570567938628,6.68307345851814],[-74.2570590450409,6.68306670447854],[-74.257061296219,6.68305994865447],[-74.2570658021685,6.68305094088888],[-74.2570680542449,6.68304418595678],[-74.2570748122707,6.6830351764065],[-74.2570770634488,6.68302842147417],[-74.2570838232714,6.68301941281578],[-74.2570883283225,6.68301265699105],[-74.2570928351703,6.68300589938177],[-74.2570995922979,6.68299463967352],[-74.2571040991456,6.68299013489793],[-74.2571063521204,6.68298788384842],[-74.257115363121,6.68296986653001],[-74.257115360426,6.68296311159679],[-74.2571176089092,6.68294960173007],[-74.2571221175536,6.68294734978818],[-74.2571266208081,6.68293609007859],[-74.257133378834,6.6829248294765],[-74.2571378856818,6.68292032470026],[-74.2571423907329,6.68291356887416],[-74.2571468966824,6.68290681304796],[-74.2571514017336,6.68289555244521],[-74.2571536520133,6.68288654556879],[-74.2571581552679,6.68287303480775],[-74.2571649150904,6.6828640270387],[-74.2571694183449,6.68285051449262],[-74.2571739215994,6.68284150761539],[-74.2571784266506,6.68283024790335],[-74.2571851846764,6.68281898819103],[-74.2571896897276,6.68281223147133],[-74.2571941965754,6.6828054756437],[-74.2571964477535,6.68279871981601],[-74.2572009537029,6.68279421593083],[-74.2572054578558,6.68278295621768],[-74.2572099656019,6.68277845054795],[-74.2572122176783,6.68277169561207],[-74.2572189757042,6.68276268694896],[-74.2572212286789,6.68275593112067],[-74.2572234789587,6.6827469233495],[-74.2572324908576,6.68273791468592],[-74.2572392497818,6.68272440302855],[-74.2572414991633,6.68271314509823],[-74.2572482562909,6.6827018835988],[-74.2572505101639,6.68269512866191],[-74.2572572690881,6.68268837194047],[-74.2572640280123,6.68267711222488],[-74.2572662791904,6.68267035550319],[-74.257273036318,6.68265909578722],[-74.2572797961405,6.68265008712202],[-74.2572843011916,6.6826410793489],[-74.2572910592175,6.68263432173448],[-74.2572955660653,6.68262531396105],[-74.2573023222945,6.68261180319281],[-74.2573090803204,6.68259829063976],[-74.2573135862699,6.68259153480921],[-74.2573203451941,6.68258252435832],[-74.2573225972705,6.68257351747617],[-74.2573248484486,6.68256676342967],[-74.2573293526014,6.68256000670649],[-74.2573338585509,6.68255550281909],[-74.257338366297,6.68254874609574],[-74.2573406183734,6.68254198937228],[-74.2573428695515,6.68253748637693],[-74.2573451207296,6.68253073054556],[-74.2573496275774,6.68252397471407],[-74.257356384705,6.6825127149947],[-74.2573608897561,6.68250370721902],[-74.2573676495786,6.68249694960272],[-74.2573676486803,6.68249244571476],[-74.2573721537315,6.68248568988275],[-74.257376656986,6.68247443105471],[-74.2573856688849,6.68246091760565],[-74.2573879209613,6.6824541617732],[-74.2573901712411,6.68244515578089],[-74.2573924206226,6.68242939395558],[-74.2573969247754,6.68241813512626],[-74.2573969211822,6.68240912734885],[-74.2573969175889,6.6824001213557],[-74.2574014244367,6.68239561746681],[-74.2574036747165,6.68238886074127],[-74.2574081833609,6.68238435774451],[-74.2574059231996,6.68237310069857],[-74.2574014145552,6.68237085053845],[-74.2574019194084,6.68236932396275],[-74.2574019149168,6.68235806602422],[-74.2574041660949,6.68235131019036],[-74.2574109277141,6.68234455257197],[-74.2574154336635,6.68234004779039],[-74.257419939613,6.68233554390098],[-74.2574267003338,6.6823265343376],[-74.257433459258,6.68232202866365],[-74.2574402199789,6.6823152728293],[-74.2574447259283,6.68231076715521],[-74.2574492318778,6.68230626237334],[-74.2574537396239,6.68230175669918],[-74.2574582455734,6.68229725280942],[-74.2574627479296,6.68228374203211],[-74.2574649991077,6.68227473514443],[-74.2574672502858,6.6822679802016],[-74.2574717553369,6.68225446853129],[-74.2574807636426,6.6822387049154],[-74.2574852713887,6.68223194818766],[-74.2574875216685,6.68222519235204],[-74.2574897737449,6.68221843651636],[-74.2574942778977,6.68220942873523],[-74.2574987847455,6.68220267289931],[-74.2575032888983,6.68219366511794],[-74.2575077948478,6.68218465733637],[-74.2575100460259,6.6821756504469],[-74.2575168031535,6.68216213877399],[-74.2575190552299,6.68215538382961],[-74.2575258150524,6.68214637337071],[-74.2575303183069,6.68213511453486],[-74.2575348215614,6.68212610675225],[-74.2575348197648,6.6821193526996],[-74.2575370709429,6.68211259686244],[-74.2575415759941,6.68209908607999],[-74.2575438271722,6.68209233113477],[-74.2575460765536,6.68208107140545],[-74.2575483268334,6.68207206451403],[-74.2575528363761,6.68206981167592],[-74.2575573396307,6.68206080389206],[-74.2575618437835,6.68205179610807],[-74.2575663461397,6.68203603337789],[-74.2575708529875,6.68202927664734],[-74.2575776119117,6.68202252080894],[-74.2575798639881,6.68201801602439],[-74.2575866238106,6.68200900734738],[-74.257588875887,6.6820045025627],[-74.2575933818365,6.68199999956244],[-74.2575978895826,6.68199549388549],[-74.2576001398624,6.68198423504617],[-74.2576068969899,6.68197297442216],[-74.257611404736,6.68196847052936],[-74.2576114029394,6.68196396663654],[-74.2576159097872,6.68195946274367],[-74.2576181618636,6.68195495885076],[-74.2576249243811,6.68195045406558],[-74.2576271737625,6.68194144717176],[-74.257631679712,6.68193694149427],[-74.2576339326867,6.68193468865549],[-74.2576406916109,6.68192342892258],[-74.2576451975604,6.68191892413711],[-74.2576497017132,6.68190991545829],[-74.2576542067644,6.68189640467027],[-74.2576587136122,6.68189415183133],[-74.2576632186633,6.68188739599103],[-74.2576677264094,6.68188064015066],[-74.2576699775875,6.68187613536479],[-74.25767673741,6.68186937863204],[-74.2576789876898,6.68186262279142],[-74.2576789867915,6.68186037084453],[-74.2576834909443,6.68184460900038],[-74.2576902480719,6.68183334748097],[-74.2576970078944,6.68182434058498],[-74.2577060197933,6.68181533101221],[-74.2577105266411,6.68180857517081],[-74.2577172873619,6.68180406859987],[-74.2577195394384,6.68179731365058],[-74.2577240435912,6.68178605391448],[-74.257728550439,6.68178154912778],[-74.2577330545918,6.68177479239371],[-74.2577398153126,6.68176578371223],[-74.2577443221604,6.68176353087267],[-74.2577488272116,6.68175677503058],[-74.2577510783897,6.6817500191884],[-74.2577533295678,6.68173876034345],[-74.2577578364155,6.68173425555627],[-74.2577600866954,6.68172749971379],[-74.2577623369751,6.68171624265273],[-74.2577690958993,6.68170498202255],[-74.2577713470774,6.68169822617966],[-74.2577758512303,6.68168921749678],[-74.2577826110528,6.68168020881371],[-74.2577938750281,6.6816666953427],[-74.2577961280029,6.68165768844365],[-74.257798379181,6.68165093349231],[-74.2578073901816,6.68163967286063],[-74.2578164047754,6.68163516718035],[-74.257827675039,6.68162840687543],[-74.2578321809885,6.68162390297947],[-74.2578366869379,6.68162165013925],[-74.257841197379,6.68162164746263],[-74.2578479572015,6.68161714178215],[-74.2578524658459,6.68161713999772],[-74.2578592265667,6.68161488715751],[-74.2578637334145,6.68161263342501],[-74.2578659845926,6.68160587668865],[-74.2578727426185,6.68159236589223],[-74.2578795006444,6.6815833580996],[-74.2578885152382,6.68157659957836],[-74.2578952768574,6.68157209389752],[-74.257902033985,6.68156083415625],[-74.2579065399344,6.68155632847522],[-74.2579087911125,6.68154732157413],[-74.2579132979603,6.68154056483687],[-74.2579155464435,6.68152705493085],[-74.2579177967232,6.68151804802923],[-74.257920047003,6.68150679007115],[-74.2579268068256,6.6814977804925],[-74.2579335648514,6.68148652074954],[-74.2579403228773,6.68147300905759],[-74.2579493347762,6.68146399858612],[-74.2579538407257,6.68145499168338],[-74.2579583475735,6.68145273795014],[-74.2579651055994,6.68144372837054],[-74.2579696142438,6.68143922447288],[-74.2579741201933,6.6814369716318],[-74.2579786243461,6.68142571277963],[-74.2579898901181,6.68141219840939],[-74.2579966499406,6.68140544167022],[-74.258012424357,6.68139192640719],[-74.2580169303064,6.68138742161687],[-74.2580236919256,6.68138516788334],[-74.25804172291,6.68137840668274],[-74.2580484827325,6.6813761529492],[-74.2580529913769,6.68137164815869],[-74.2580620041741,6.68136488963454],[-74.2580642553522,6.68135813467914],[-74.2580687586068,6.68134462298369],[-74.2580710115815,6.68134011997733],[-74.2580710106832,6.68133786892026],[-74.2580755184293,6.68133561607871],[-74.2580800225821,6.68133110950341],[-74.2580845321248,6.68132885755407],[-74.2580867842012,6.68132435365535],[-74.2580957969985,6.68131309212393],[-74.2581003038463,6.68131083749789],[-74.2581048088974,6.68130408254175],[-74.2581115696183,6.68129732580109],[-74.258113822593,6.68129507295937],[-74.2581183303391,6.68129507206717],[-74.2581228353902,6.68128831443416],[-74.2581295979077,6.68128606070019],[-74.2581341047555,6.68128155680109],[-74.258140864578,6.68127479916793],[-74.2581453696291,6.68126804242686],[-74.2581476217056,6.68126128747014],[-74.258152127655,6.68125227967142],[-74.2581566300112,6.68123651691547],[-74.258161134164,6.6812275100085],[-74.2581656401135,6.68121850042471],[-74.2581701442663,6.68120949262521],[-74.2581746493175,6.68120048482555],[-74.2581791543686,6.68119372897565],[-74.2581859159878,6.68119147434906],[-74.2581904219373,6.68118697044905],[-74.2581949305817,6.68118471760685],[-74.258206197252,6.68117795818789],[-74.2582107058964,6.68117795640346],[-74.2582129588711,6.68117570445342],[-74.2582152118459,6.68117119966105],[-74.2582143557514,6.68116000950331],[-74.2582190494487,6.68115531734571],[-74.2582237422478,6.68114828133977],[-74.2582237413495,6.68114593570704],[-74.2582401679427,6.6811271706447],[-74.2582495571341,6.68112013106949],[-74.25826129003,6.681108402905],[-74.2582659837274,6.68110371163914],[-74.2582753702238,6.68109432821504],[-74.2582800639211,6.68108963605679],[-74.2582894504176,6.68108025263242],[-74.2583011860084,6.68106852357477],[-74.2583105743015,6.68106382963186],[-74.2583152688971,6.68106148310649],[-74.2583293490909,6.68104740752295],[-74.2583363855945,6.68103568114115],[-74.2583434283864,6.68103098809014],[-74.2583504693815,6.68102160555687],[-74.2583622022775,6.68100987649778],[-74.2583668959748,6.68100518344653],[-74.2583715887739,6.68100049307188],[-74.2583762797763,6.68098876579675],[-74.2583809752703,6.68098642016323],[-74.2583856689676,6.68098172800397],[-74.2583950536674,6.68096999894395],[-74.2584044428587,6.68096530589232],[-74.2584138320501,6.6809582680992],[-74.2584208730453,6.68095592068113],[-74.2584326077378,6.68094653546978],[-74.2584372996386,6.68093949856859],[-74.2584443406338,6.68093246166733],[-74.2584490352294,6.68092776950757],[-74.2584537271302,6.68092073260614],[-74.2584631163215,6.68091369481239],[-74.2584701573167,6.68090665701853],[-74.2584771974136,6.68090196485851],[-74.258481891111,6.68089727269844],[-74.2584889303095,6.68089023490436],[-74.2584959713047,6.68088319800239],[-74.2585006641038,6.68087616199253],[-74.2585100532951,6.68087146804778],[-74.2585217879877,6.68086442846889],[-74.2585264816851,6.68085973720067],[-74.2585358708764,6.68085504414801],[-74.2585429118716,6.68085269583718],[-74.258561689356,6.68084096498965],[-74.2585663839516,6.680836272829],[-74.2585757713464,6.68082923414179],[-74.2585804650437,6.68082454198104],[-74.2585898524384,6.6808175041859],[-74.2586039317339,6.68079873911096],[-74.2586203610221,6.68078466173544],[-74.2586297466202,6.68077527919743],[-74.2586367876154,6.68076824318604],[-74.258643826814,6.68076120360565],[-74.2586532160053,6.6807541658096],[-74.2586579070078,6.68074712979791],[-74.2586649480029,6.68074009110942],[-74.2586766808989,6.68072601819331],[-74.2586813745962,6.68072132603153],[-74.2586907610926,6.68070959785747],[-74.2586954538917,6.68070256095291],[-74.258700147589,6.68069786879093],[-74.2587048412864,6.68069083277839],[-74.2587095313905,6.68068144934637],[-74.2587165705891,6.68067206769861],[-74.2587259570855,6.6806579938883],[-74.2587306498845,6.68065095876741],[-74.2587423809838,6.68063453842908],[-74.2587494228773,6.68062984715866],[-74.2587541156764,6.68062280846852],[-74.2587635021728,6.6806134259274],[-74.2587728931607,6.68061107761543],[-74.2587822823521,6.68060638456035],[-74.2587963652408,6.68060168882861],[-74.2588057553305,6.68059699666566],[-74.2588151436235,6.68059464746141],[-74.2588268783161,6.68058760787852],[-74.2588339220062,6.68058526045868],[-74.258840964798,6.68058291393102],[-74.2588503521927,6.68057587345573],[-74.2588714751783,6.6805594522227],[-74.2588855562704,6.68055006700373],[-74.2588925972656,6.68054537394806],[-74.2589019846603,6.68053599051324],[-74.2589090238589,6.68052895360616],[-74.2589184130503,6.68052191491456],[-74.25892779775,6.68050784109994],[-74.2589348360503,6.68049376996153],[-74.2589395288493,6.68048673216166],[-74.2589465680479,6.68047734961793],[-74.2589536090431,6.68047031271002],[-74.2589583027404,6.68046562054582],[-74.2589676901352,6.68045858185329],[-74.2589747320287,6.68045388968897],[-74.2589817721255,6.68044919663238],[-74.2589864658229,6.68044450536018],[-74.2589911604186,6.68043981408795],[-74.2589958532176,6.68043512192343],[-74.2590028933145,6.6804257384865],[-74.2590099343097,6.68041870157785],[-74.2590193217044,6.68041400762873],[-74.2590334045931,6.68040696893546],[-74.2590404455883,6.68040227587844],[-74.2590545302737,6.68039523450838],[-74.2590662658645,6.68039054145121],[-74.259073307758,6.68038584839402],[-74.2590920852424,6.68037646138729],[-74.2590967771432,6.68037177011439],[-74.2591038181384,6.68036238756845],[-74.2591108582353,6.68035065938582],[-74.2591155492377,6.68034362336828],[-74.2591225902329,6.68033658556622],[-74.2591272821336,6.68032720391184],[-74.2591319740343,6.68032251174627],[-74.2591413623274,6.68031312919938],[-74.2591483997293,6.68030374665234],[-74.2591530952233,6.6803013983389],[-74.2591601362185,6.68029201668384],[-74.2591695227149,6.68028497888104],[-74.2591789101096,6.68027794018594],[-74.259183603807,6.68027324891209],[-74.2591882993009,6.68027090149074],[-74.2591953402962,6.68026386368763],[-74.2592000321969,6.68025917241364],[-74.2592047258942,6.68025448113965],[-74.2592117659911,6.6802427529544],[-74.2592164560952,6.68023102655329],[-74.2592258443882,6.68022164400465],[-74.2592305326957,6.68020991671085],[-74.2592352263931,6.6802028797991],[-74.2592399200904,6.68019818763231],[-74.259246959289,6.68018880597526],[-74.2592516511897,6.68017942342583],[-74.2592563439888,6.68017238651365],[-74.2592633840857,6.68016534960136],[-74.2592680768847,6.68015831358117],[-74.2592727705821,6.68015362141397],[-74.2592774642794,6.68014658450141],[-74.2592868516741,6.68014189054964],[-74.2592915462698,6.68013719838229],[-74.259298587265,6.68013485185248],[-74.2593032809624,6.68013015968506],[-74.2593103237542,6.68012781315521],[-74.2593220602434,6.68012311920327],[-74.2593291021369,6.6801184261435],[-74.259333792241,6.68010904448493],[-74.2593384841417,6.68009731808066],[-74.2593455233403,6.68008559078383],[-74.2593689909288,6.68006682211197],[-74.2593736864228,6.6800621299439],[-74.2593783810184,6.68006212815947],[-74.2593948103067,6.68005039640075],[-74.2594018513019,6.68004804897828],[-74.2594065449992,6.68004335770222],[-74.2594124038115,6.68004024743437],[-74.259421904394,6.68004148315469],[-74.2594369772261,6.68002760472171],[-74.2594429258699,6.6800157105787],[-74.2594480821996,6.68000976306097],[-74.2594512541509,6.68000143778513],[-74.2594556172683,6.67999390479775],[-74.2594600720137,6.67999010752255],[-74.2594603756443,6.67998478544859],[-74.2594616252009,6.67997952315309],[-74.2594676178621,6.6799799335729],[-74.2594783311702,6.67997834364227],[-74.259485473675,6.67997477299007],[-74.2594945978634,6.67996565274832],[-74.2594957827412,6.67995098648558],[-74.2595021266438,6.67993988552163],[-74.2595080761859,6.67992799137649],[-74.259517595633,6.67991451086908],[-74.2595231454248,6.67989865260281],[-74.2595267126348,6.67988675934885],[-74.2595318860325,6.67987229294039],[-74.2595365797299,6.67986760166268],[-74.2595459671246,6.67986056296155],[-74.2595553563159,6.67985352515257],[-74.2595600500133,6.67984883298243],[-74.2595717856042,6.67984413992005],[-74.2595764810982,6.67984179160439],[-74.259583521195,6.67983475468733],[-74.2595882148924,6.67983240815607],[-74.2595929103864,6.67983006162481],[-74.2595976022871,6.67982302470758],[-74.2596046432823,6.67981833164494],[-74.2596116851758,6.67981363858229],[-74.2596163779749,6.67981129294313],[-74.2596234189701,6.67980425513344],[-74.2596304599653,6.67980190681761],[-74.2596351536626,6.67979487079219],[-74.2596468892535,6.67978783209004],[-74.2596515829508,6.67978313991925],[-74.2596609712439,6.67977375646981],[-74.2596656631446,6.67976906340671],[-74.2596727023432,6.67975733699428],[-74.2596750469461,6.67975030186046],[-74.2596773924473,6.67974092108701],[-74.2596797343552,6.67973153942121],[-74.2596844271543,6.67972215775523],[-74.2596914690478,6.67971746558385],[-74.2596961627451,6.67971277341243],[-74.2597032019437,6.67970573560129],[-74.259707898336,6.67970573470906],[-74.259717286629,6.67970338639275],[-74.259721982123,6.67970103896866],[-74.2597290231182,6.67969634590485],[-74.259733715019,6.6796893098779],[-74.259738407818,6.67968227385089],[-74.2597454461183,6.67966820090432],[-74.2597477898228,6.67966116487696],[-74.2597524826219,6.67965178320963],[-74.2597524799269,6.67964474896652],[-74.259752477232,6.67963536908329],[-74.2597548200382,6.67962364266763],[-74.2597595128373,6.67961660485524],[-74.2597642038397,6.67960956882717],[-74.2597712457332,6.67960487665471],[-74.2597759403289,6.67960018448217],[-74.2597829786291,6.67959314666945],[-74.2597876750214,6.67959314488501],[-74.2597947178133,6.67959079835259],[-74.2598017597068,6.67959079567593],[-74.2598134997892,6.67959079210707],[-74.2598181925883,6.6795884437902],[-74.259822887184,6.67958609814997],[-74.2598275808813,6.67958140597729],[-74.259836968276,6.67957436816425],[-74.2598416619734,6.67956967509924],[-74.2598510511647,6.67956498292639],[-74.2598580921599,6.67955794511313],[-74.2598627858573,6.67955325294018],[-74.259867477758,6.67954856076718],[-74.2598745196515,6.67954386859413],[-74.2598792133489,6.67953683167277],[-74.2598839052496,6.67953214039184],[-74.2598862498525,6.67952510347035],[-74.2598885953537,6.67951572358484],[-74.259895633654,6.67950399716631],[-74.2598979791552,6.6794969611366],[-74.2599026692593,6.67948757857391],[-74.2599073629566,6.67948054165177],[-74.259912056654,6.67947350562173],[-74.2599190967509,6.67946881255573],[-74.2599284841456,6.6794594299925],[-74.2599402188382,6.67945238950106],[-74.2599449134338,6.67944769821929],[-74.2599496062329,6.67944535168621],[-74.2599636918165,6.67944065683551],[-74.2599683846156,6.67943830941013],[-74.2599730792112,6.67943127159505],[-74.2599801193081,6.67942423556433],[-74.2599895058045,6.67941485210802],[-74.2599941977053,6.67940547043595],[-74.2600012360055,6.67939608787148],[-74.2600059297029,6.67939139658918],[-74.2600106207053,6.6793796701677],[-74.2600106162137,6.67936559988907],[-74.2600200036084,6.67935856118072],[-74.2600246973058,6.67935152336452],[-74.2600270410104,6.67934214347567],[-74.260029894958,6.67933642346537],[-74.2600369350549,6.6793317321825],[-74.260041627854,6.67932704000737],[-74.2600486688492,6.67932000308292],[-74.2600557098444,6.67931765476476],[-74.2600650990357,6.67931061694794],[-74.2600721391326,6.67930357913102],[-74.2600838738251,6.67929185003077],[-74.2600885666242,6.67928950260468],[-74.2601049950141,6.67927542697015],[-74.2601120360093,6.67926838915273],[-74.2601190770045,6.67926135222744],[-74.2601284652975,6.67925665737498],[-74.2601378517939,6.67924962044952],[-74.2601472409853,6.67924258173952],[-74.2601566292783,6.67923788777907],[-74.2601707130653,6.67923319292638],[-74.2601754067627,6.67922850164255],[-74.2601847977507,6.67922615153948],[-74.260189491448,6.67922380589754],[-74.2602035743367,6.67921442065295],[-74.2602129608331,6.6792050380848],[-74.2602223464312,6.67919330898219],[-74.2602340820221,6.6791815798793],[-74.2602387730245,6.67917454384496],[-74.2602505086154,6.67916515859943],[-74.2602551996178,6.67915812167265],[-74.2602598933152,6.67915108563797],[-74.2602622379181,6.67914404871099],[-74.2602692780149,6.67913466703373],[-74.260273968119,6.67912294060606],[-74.26028569832,6.67909714121511],[-74.2602903911191,6.67909479378811],[-74.260297431216,6.67908541210991],[-74.2603044704145,6.67907368478887],[-74.2603091614169,6.67906430311028],[-74.2603138533177,6.67905492143149],[-74.2603208943129,6.67904788271866],[-74.2603255853153,6.67904084579019],[-74.2603326254121,6.67903146411096],[-74.2603373191095,6.67902442718226],[-74.2603443592064,6.67901973500418],[-74.2603513993033,6.67901035243231],[-74.2603584376035,6.67900331371888],[-74.2603701731944,6.67899158550363],[-74.2603748650951,6.67898454857436],[-74.2603795578942,6.6789798563959],[-74.2603842515915,6.67897516600181],[-74.260386597991,6.6789681290723],[-74.2603959835891,6.67895640085621],[-74.260403023686,6.67894701917536],[-74.2604100619863,6.67893763570989],[-74.260419446686,6.67892121709849],[-74.2604264858846,6.6789141801682],[-74.2604335250832,6.67890010719953],[-74.2604405660784,6.67889541502026],[-74.2604522998726,6.67888134115885],[-74.2604663809647,6.67887195590769],[-74.2604757692577,6.67886726194369],[-74.2604875048486,6.67885787758449],[-74.2604945458438,6.67885318451259],[-74.2605015877373,6.67884849322508],[-74.2605062814347,6.67884145450931],[-74.2605133197349,6.67883441847007],[-74.2605297463282,6.67881565153464],[-74.2605391337229,6.67880626895886],[-74.2605461720232,6.67879688549069],[-74.2605555630111,6.6787921924182],[-74.2605672959071,6.67878046419794],[-74.260574336004,6.67877342548116],[-74.2605813761008,6.67876873419291],[-74.2605860697982,6.67876169636819],[-74.2605931080985,6.6787523146836],[-74.2606001490936,6.67874527685866],[-74.2606071900888,6.67873823903361],[-74.2606165783819,6.67873354596059],[-74.2606212720792,6.6787288537797],[-74.2606259630817,6.67872181773889],[-74.260630656779,6.67871712555789],[-74.2606353495781,6.67871008862466],[-74.2606423896749,6.67870539555133],[-74.2606470842706,6.67869835951018],[-74.2606541252658,6.67869366643675],[-74.2606588189632,6.67868897514772],[-74.2606635126605,6.67868662861096],[-74.2606705536557,6.6786795907851],[-74.2606752482514,6.67867489860368],[-74.2606799392538,6.67866786166986],[-74.2606846329512,6.67866317038057],[-74.2606893266485,6.67865847909127],[-74.2606987131449,6.67864909562027],[-74.2607057523435,6.67863736739653],[-74.2607127933387,6.67863267521473],[-74.2607174870361,6.67862798392513],[-74.2607221807334,6.67862329174323],[-74.2607315663315,6.67861156262667],[-74.2607362591306,6.67860452658413],[-74.2607409519296,6.67859514578876],[-74.2607479893315,6.67858341756374],[-74.2607550303267,6.67857637973636],[-74.2607644159248,6.67856465061868],[-74.2607738051162,6.67855761368327],[-74.2607831907142,6.67854823021029],[-74.2607878862082,6.67854588278066],[-74.2607949254068,6.67853884495273],[-74.2608019646054,6.67852946147945],[-74.2608066592011,6.67852711583417],[-74.2608160456975,6.67852007800597],[-74.2608207411915,6.67851538582307],[-74.2608324749857,6.67850600056488],[-74.2608371686831,6.67850131016625],[-74.2608465560778,6.67849427144549],[-74.260853597073,6.67848723361683],[-74.260862985366,6.67848253964917],[-74.260872373659,6.67847784657367],[-74.2608841101482,6.67847080696033],[-74.2609028867343,6.67846141991687],[-74.2609099286278,6.67845672773338],[-74.2609193178192,6.67845437941109],[-74.2609263597127,6.67844968722756],[-74.2609310543083,6.67844733979742],[-74.2609404417031,6.67844030196808],[-74.2609474809016,6.67843091938514],[-74.2609521737007,6.67842622720137],[-74.2609568682963,6.67842153590977],[-74.2609686011923,6.67840746203469],[-74.2609779876887,6.67839807766667],[-74.2609991088776,6.67837930982227],[-74.2610038043716,6.67837696417625],[-74.261013190868,6.67836992456148],[-74.2610249282555,6.67836288583883],[-74.2610296219529,6.67836053840826],[-74.2610366638464,6.67835819097774],[-74.2610460530377,6.67835115403935],[-74.2610507440401,6.67834411620863],[-74.2610601323332,6.6783347327316],[-74.2610695188296,6.67832769490064],[-74.2610765598248,6.67832065706962],[-74.261083598125,6.67831127359211],[-74.2610882927207,6.67830658319163],[-74.2611000283116,6.67829954268364],[-74.2611070693068,6.67829485049862],[-74.2611117630041,6.67829015920575],[-74.2611164549049,6.67828312315859],[-74.2611211486022,6.67827843097342],[-74.2611305377936,6.67827373700376],[-74.2611422733845,6.67826435263315],[-74.2611493143797,6.67826200520212],[-74.2611587017744,6.67825262172351],[-74.2611680891691,6.67824792864581],[-74.2611704355686,6.67824323735254],[-74.2611774756655,6.67823385476577],[-74.2611821675662,6.67822916258012],[-74.2611868612636,6.67822212563987],[-74.2611915549609,6.67821743345409],[-74.2611938995638,6.67821039919035],[-74.261196245065,6.67820336314204],[-74.2612009378641,6.67819867095609],[-74.2612126716583,6.67818459707464],[-74.2612150171595,6.67817756102595],[-74.2612290946584,6.67815645198714],[-74.2612384811547,6.67814706761428],[-74.2612455221499,6.67814002978063],[-74.2612525622468,6.67813533670187],[-74.2612642996343,6.6781306427308],[-74.2612713406295,6.67812829619137],[-74.2612807307192,6.67812594697529],[-74.2612901208089,6.67812594251418],[-74.2612971653973,6.67812828548475],[-74.2613018608913,6.67813062845527],[-74.2613182982644,6.67814234866117],[-74.2613229937584,6.67814234687674],[-74.2613229892668,6.67812827656253],[-74.2613346718571,6.67810737987004],[-74.2613409537758,6.67810528493665],[-74.2613472392879,6.67810319000324],[-74.2613556151796,6.67809690966405],[-74.261361898895,6.67809481562284],[-74.2613660868409,6.67809272158159],[-74.2613744663258,6.67809062575589],[-74.2613807473463,6.67808643856562],[-74.2613870310617,6.67808225137528],[-74.2613933138788,6.6780801582262],[-74.2613995975942,6.67808015465733],[-74.2614100710521,6.67807596568253],[-74.2614205427134,6.67807386985676],[-74.2614289213,6.67807177492321],[-74.2614352059138,6.67807177135435],[-74.2614393938596,6.67807177046212],[-74.2614477742429,6.67807176778547],[-74.2614540561617,6.6780675797028],[-74.2614708124367,6.67806129668651],[-74.2614791892267,6.67805710860371],[-74.2614854720438,6.6780529231976],[-74.261489660888,6.67805292052092],[-74.2614980385763,6.67804873154589],[-74.2615106069055,6.6780466348278],[-74.2615147948513,6.67804454078635],[-74.2615231743363,6.67804453810967],[-74.2615294571534,6.67804244406824],[-74.2615336468959,6.67804244317601],[-74.2615378348417,6.67804034913457],[-74.2615420245842,6.67804034645789],[-74.2615504022725,6.678038250632],[-74.2615545911167,6.67803406344126],[-74.2615608721372,6.67802987803493],[-74.2615692507238,6.67802568995189],[-74.2615734377714,6.67802359591035],[-74.2615818172564,6.67801940782727],[-74.2615922889176,6.67801521885195],[-74.2616006666059,6.67801521617527],[-74.261606952118,6.67801521349861],[-74.2616132349351,6.6780131185648],[-74.2616195186505,6.67801311678037],[-74.2616258032642,6.67801311410369],[-74.2616341827492,6.67801102006213],[-74.261640461973,6.67800055520742],[-74.2616467438918,6.67799427486691],[-74.2616530249123,6.67798590405352],[-74.2616572128581,6.67798171686234],[-74.2616613990074,6.67797543741382],[-74.2616655869532,6.67796915974967],[-74.2616718652787,6.6779566035289],[-74.2616760541229,6.67795241544525],[-74.2616802420688,6.67794613778079],[-74.2616844273197,6.67793776696658],[-74.2616886152655,6.6779335806672],[-74.2616969911573,6.67792730121806],[-74.2617011808997,6.67792520539169],[-74.2617074637168,6.67792101909221],[-74.261713743839,6.67791264738532],[-74.2617263112698,6.67791054977445],[-74.2617305010123,6.67790845662464],[-74.2617367829311,6.67790426943279],[-74.2617409708769,6.67790008313312],[-74.2617514461314,6.67790426407947],[-74.2617598247181,6.67790635366041],[-74.2617640162572,6.67790844502574],[-74.261768206898,6.67791053371448],[-74.2617786821526,6.67791471555294],[-74.2617870616375,6.67791889739137],[-74.2617975359937,6.67791889382248],[-74.2618017257362,6.67791889293026],[-74.2618059136821,6.67791679888829],[-74.2618142895738,6.67791051676226],[-74.2618226663638,6.67790423820506],[-74.261826855208,6.67790005101317],[-74.2618331362284,6.67789377156363],[-74.2618394181472,6.67788540074852],[-74.2618436016015,6.67787075137564],[-74.2618477877507,6.67786238056013],[-74.2618540732628,6.67786447103346],[-74.2618582612086,6.67786446835678],[-74.2618729253073,6.67786237163791],[-74.2618813020973,6.67786027581127],[-74.2618896779891,6.67784981095329],[-74.2618938650366,6.67784771691103],[-74.2618938614433,6.6778372556217],[-74.2619022382333,6.67782888212896],[-74.2619043349012,6.67783097349465],[-74.2619148092574,6.6778351544416],[-74.2619231878441,6.67783724491504],[-74.2619399486107,6.67784351544313],[-74.2619462332244,6.67784560591654],[-74.2619567048857,6.6778393237896],[-74.2619629859061,6.67783095297356],[-74.2619629823129,6.67781839764149],[-74.2619629787196,6.67781212086754],[-74.2619650699976,6.67780165868521],[-74.2619671612756,6.67779538101884],[-74.2619713492214,6.67778910156792],[-74.2619797260114,6.67778491348283],[-74.2619860097269,6.67778281854805],[-74.261990198571,6.67778072450546],[-74.2619943874152,6.67778072361327],[-74.2620006729272,6.67778072093659],[-74.2620090506156,6.67778281051806],[-74.2620195258701,6.67778489920729],[-74.2620383806096,6.67778907658575],[-74.2620467600946,6.67779116616717],[-74.2620572353491,6.67779743848027],[-74.2620614277865,6.67780371436219],[-74.2620698090681,6.67780998756737],[-74.2620739988106,6.67780998667513],[-74.2620865662415,6.67780788995602],[-74.2620970379027,6.6778037018711],[-74.2620970316145,6.67778905517244],[-74.2620970289196,6.67777859298962],[-74.2620928373805,6.67777440936556],[-74.2620949286584,6.67776603854841],[-74.2621012123738,6.67775975998933],[-74.2621074942926,6.67775557190399],[-74.2621116822385,6.67775138649528],[-74.2621179641573,6.67774929156036],[-74.262124248771,6.67774510347493],[-74.2621284349202,6.6777409180661],[-74.2621368117102,6.6777346377223],[-74.2621409987578,6.67773045142117],[-74.2621493782427,6.67772626422782],[-74.2621556601615,6.6777220770344],[-74.2621598490057,6.67771998299155],[-74.2621807968198,6.67772415947833],[-74.2621891772031,6.67772834042618],[-74.2622038457934,6.67774298266557],[-74.262210133102,6.67774925765596],[-74.262218512587,6.67775343860359],[-74.2622352742519,6.67775971002496],[-74.2622394621978,6.67775761509008],[-74.2622520296286,6.67775761062897],[-74.2622583151406,6.67775760795229],[-74.2622625039848,6.67775551390963],[-74.2622750687207,6.67774923267377],[-74.2622813533344,6.67774713773885],[-74.2622855421786,6.67774504369611],[-74.2622939180703,6.67773876335235],[-74.2622981069144,6.67773457794346],[-74.2623022957586,6.67773666752514],[-74.2623127692165,6.67773666484849],[-74.2623190520336,6.67773038450459],[-74.2623253330541,6.67772619820343],[-74.2623337116407,6.67772201101005],[-74.2623399935595,6.677719916075],[-74.2623462772749,6.67771363483868],[-74.2623504634241,6.67770735717116],[-74.2623567462412,6.67770107771913],[-74.2623693127738,6.67769688784884],[-74.2623734998213,6.6776947938059],[-74.2623776886655,6.67769269976297],[-74.2623860672521,6.67769060571999],[-74.26239654071,6.67768850810814],[-74.2624070141679,6.6776864113885],[-74.2624132960867,6.67768222508699],[-74.2624237668497,6.67767803700098],[-74.2624300523617,6.67767594117354],[-74.2624384291517,6.67767175397968],[-74.2624447119688,6.67766756678583],[-74.2624488999147,6.67766756589359],[-74.2624530896572,6.67766756410915],[-74.2624572811963,6.6776696545833],[-74.2624635640134,6.67766965190666],[-74.2624698468305,6.67766337245414],[-74.2624740356746,6.6776633706697],[-74.2624803193901,6.67765918347574],[-74.2624886961801,6.67765708854042],[-74.2624970738684,6.67765499271286],[-74.2625012627126,6.67765080641105],[-74.262507546428,6.67764871147571],[-74.2625138292451,6.67764661654036],[-74.2625180180893,6.67764243113072],[-74.2625243018047,6.67764452071277],[-74.262532682188,6.6776445180361],[-74.2625368692355,6.67764242399296],[-74.2625410598763,6.67764242220849],[-74.2625452469238,6.67763614364785],[-74.262549433073,6.67762986508713],[-74.2625536228155,6.67762777104389],[-74.2625578107614,6.67762358474186],[-74.2625619987073,6.67762358295743],[-74.2625682842193,6.67762358117298],[-74.262591327803,6.67762984902715],[-74.2626018021592,6.67762984545827],[-74.2626101798475,6.67762774963059],[-74.2626185584342,6.6776256538029],[-74.2626290300954,6.67762146571642],[-74.2626353129125,6.67761937078094],[-74.2626415966279,6.67761727584545],[-74.2626457845738,6.67761518180219],[-74.2626562598283,6.67761517734108],[-74.2626604477742,6.67761517644887],[-74.262673015205,6.67761098657782],[-74.2626855808392,6.67760470444791],[-74.2626897696834,6.67760051903788],[-74.2626939558326,6.67759633273561],[-74.2626981428801,6.67759005238995],[-74.2627023317243,6.67758586787204],[-74.2627128033856,6.67757749348278],[-74.2627232732502,6.67757121313687],[-74.2627316500403,6.67756702594212],[-74.2627400286269,6.67756493011418],[-74.2627463123423,6.67756283517845],[-74.262752596956,6.67756283160958],[-74.2627588797731,6.67756282982513],[-74.2627756378448,6.67756073042829],[-74.2627819206619,6.67756072864384],[-74.2627903001468,6.6775586328159],[-74.2627944880927,6.67755653966459],[-74.2628028675776,6.67755653698793],[-74.2628070564218,6.6775544429444],[-74.2628154359068,6.67755443937549],[-74.2628238126968,6.67755234443973],[-74.2628300946156,6.67755024861174],[-74.2628342861547,6.67755024682731],[-74.2628405698701,6.67754815189149],[-74.2628468526872,6.67754815010706],[-74.2628531381993,6.67754605606349],[-74.2628573261451,6.6775439620199],[-74.262861514091,6.67754186797633],[-74.2628677969081,6.67753977304051],[-74.2628740806235,6.67753767899688],[-74.2628824592101,6.67753767542801],[-74.2628887438239,6.67753558049217],[-74.2628971233088,6.67753557781549],[-74.2629034052276,6.67753348287964],[-74.2629117847126,6.677533480203],[-74.2629180666314,6.67753138437492],[-74.2629243530417,6.67753138259047],[-74.2629306358588,6.6775313799138],[-74.2629390144455,6.6775271918265],[-74.2629473921338,6.67752509778286],[-74.2629515800797,6.67752090969551],[-74.2629641466122,6.67751672160813],[-74.2629704294293,6.6775146266722],[-74.2629767131447,6.67751253173623],[-74.262985090833,6.67751043590808],[-74.2629955651892,6.67751043144697],[-74.263001847108,6.67750833651102],[-74.2630060359522,6.6775062433595],[-74.2630102256947,6.67750415020796],[-74.2630186042813,6.67750414663909],[-74.2630227940238,6.67750414485464],[-74.2630395520954,6.67750623086839],[-74.2630458358109,6.67750413593241],[-74.2630542126009,6.67750204099643],[-74.2630625938825,6.67750203742755],[-74.2630709706725,6.67749994159936],[-74.2630751613133,6.67749993981488],[-74.2630793483608,6.67749575351176],[-74.2630856302796,6.67748738179764],[-74.2630898146322,6.67747901097558],[-74.2630940043747,6.67747691693173],[-74.2630981932189,6.6774727306284],[-74.2631044751377,6.6774706356923],[-74.2631149459006,6.67746435445277],[-74.2631233262839,6.67746225951663],[-74.2631317030739,6.67746016368823],[-74.2631358928164,6.67746016279603],[-74.2631421747352,6.67745597470809],[-74.2631505533219,6.67745597203144],[-74.2631547430643,6.67745597113921],[-74.2631589328068,6.67745596846256],[-74.2631798824176,6.6774601458438],[-74.2631882592076,6.67746014316716],[-74.263194542923,6.67745595597145],[-74.2632008248418,6.67745386103527],[-74.2632050136859,6.67744967383951],[-74.263211299198,6.67745176520683],[-74.2632217726559,6.67744966759398],[-74.2632259597034,6.67744757354998],[-74.2632301503442,6.67744757265777],[-74.263236432263,6.67744338546196],[-74.2632406211072,6.67744129052573],[-74.2632469039243,6.67743501196251],[-74.2632552816126,6.67743291702623],[-74.2632636593009,6.67743082208991],[-74.2632678481451,6.67742872804586],[-74.2632720378876,6.67742872536918],[-74.263278321603,6.67742872358474],[-74.2632867001897,6.67742872001586],[-74.2632929848034,6.67742871733919],[-74.2633034582613,6.67742662061845],[-74.263311834153,6.67742243342248],[-74.2633160229972,6.67742033937836],[-74.263320210943,6.67741406081487],[-74.2633243979906,6.67740987361878],[-74.2633306808077,6.67740359505516],[-74.263332772984,6.67739731649145],[-74.2633390549027,6.67739103792764],[-74.2633453386182,6.67739103614321],[-74.2633495283606,6.67739312572635],[-74.2633537181031,6.67739312394189],[-74.2633579078456,6.67739103078989],[-74.2633641897644,6.67738893585343],[-74.263374662324,6.67738474687268],[-74.263380947836,6.67738683645583],[-74.263389327321,6.67738892693118],[-74.2633977059076,6.67739101562213],[-74.2634039914197,6.67739101383764],[-74.2634081775689,6.67738682664139],[-74.2634186510268,6.6773805454008],[-74.2634249329456,6.67737845046429],[-74.2634333097356,6.67737426237569],[-74.2634437831935,6.67737007339481],[-74.2634479711394,6.67736797935049],[-74.2634647256177,6.67735960495751],[-74.2634689153602,6.67735751002091],[-74.2634731033061,6.67735541597651],[-74.2634814809944,6.67734913651995],[-74.2634877620149,6.67734495021554],[-74.263491950859,6.67734285438667],[-74.2634982336762,6.67734076034221],[-74.2635087080324,6.67734284903331],[-74.2635254679006,6.67734493593998],[-74.2635338446906,6.67734283921888],[-74.2635401302027,6.67734283654224],[-74.2635443172502,6.67734074339001],[-74.2635485060944,6.67733655708552],[-74.2635526949386,6.67733446304102],[-74.2635589768574,6.67733027584428],[-74.2635673536474,6.67732399549517],[-74.2635752839747,6.67733727443179],[-74.2635859505704,6.67733194251454],[-74.2635966153694,6.67732128314095],[-74.2636072837617,6.67731861450558],[-74.263612615263,6.67731328348032],[-74.2636286178514,6.67731327812698],[-74.2636392871421,6.67731327366588],[-74.2636472884363,6.67731327098922],[-74.2636686243226,6.6773105987849],[-74.2636792936132,6.67731059521603],[-74.2636872913142,6.67730526240625],[-74.2636979606048,6.67730525883737],[-74.2637086280988,6.6773025910941],[-74.2637192937962,6.67729459500208],[-74.2637299559003,6.67727860549426],[-74.2637486228919,6.67726794165839],[-74.2637566241861,6.67726793898171],[-74.2637646245821,6.67726527213048],[-74.2637859595701,6.67725993575133],[-74.2637939581694,6.67725460383324],[-74.2637992923655,6.67724927369949],[-74.2638046229684,6.67724127939105],[-74.2638206219636,6.67723061555437],[-74.2638392880569,6.6772226176767],[-74.263855292442,6.67722527560593],[-74.2638606248416,6.6772226096467],[-74.2638659590377,6.67721994279521],[-74.2638739594336,6.67721727594373],[-74.2638819580329,6.67721194491737],[-74.2638872922291,6.67721194313293],[-74.2638952944216,6.67721193956405],[-74.2639086308103,6.67721459838557],[-74.2639273049885,6.67722524794703],[-74.2639379733808,6.67722524348595],[-74.2639433093735,6.67722524170152],[-74.2639486417731,6.67722257574225],[-74.2639619763652,6.67721990710633],[-74.2639673087647,6.67721724114708],[-74.2639753100589,6.67721457340337],[-74.2639806433568,6.67721457161892],[-74.2639966468436,6.67721456537337],[-74.2640073161342,6.67721456180448],[-74.2640153156318,6.6772145591278],[-74.2640206516246,6.67721455645113],[-74.2640313209152,6.67721721616488],[-74.2640393222094,6.67721721259599],[-74.2640446564056,6.67721721081155],[-74.2640526568015,6.67721720813487],[-74.2640633260922,6.67721453949892],[-74.2640686602883,6.67721453771448],[-74.2640739926878,6.6772118717552],[-74.2640819930837,6.67720920490366],[-74.2640873272799,6.67720920311922],[-74.2640979938756,6.67720120613343],[-74.2641033271734,6.67719854017404],[-74.2641086586746,6.67719587421467],[-74.2641193252703,6.67718521305368],[-74.2641246576699,6.67718521037701],[-74.2641379976518,6.67719586261579],[-74.2641486660441,6.67719319487196],[-74.2641540002403,6.67719319308752],[-74.2641593326398,6.6771878620609],[-74.2641593317415,6.67718519788587],[-74.2641673321374,6.67718253103423],[-74.2641726609437,6.67716920748228],[-74.2641779951398,6.67716654063051],[-74.2641806586447,6.67716121317252],[-74.2641859910442,6.67715588303777],[-74.264188657244,6.67715055290298],[-74.2641913198505,6.67713989620208],[-74.2641966540466,6.67713722935016],[-74.2642126548384,6.67713189475406],[-74.2642233214341,6.67712922700986],[-74.2642286574269,6.67712922522543],[-74.2642366569245,6.67712922165655],[-74.2642499924149,6.67712388795256],[-74.2642579910142,6.67712122110054],[-74.2642633261087,6.6771212184239],[-74.2642686612031,6.67712121663946],[-74.2642846655883,6.67712653963679],[-74.2642899988861,6.67712653785232],[-74.2643006681767,6.67712653339123],[-74.2643086676743,6.677123865647],[-74.2643140018705,6.67711853461962],[-74.2643193333717,6.67711320448444],[-74.2643246657712,6.6771105385246],[-74.2643326661671,6.67710520838929],[-74.2643379976684,6.67709987646951],[-74.2643459998609,6.67709987379283],[-74.264359331758,6.67709187680527],[-74.2643619988561,6.67709187591302],[-74.2643726663501,6.67708654310086],[-74.2643833329458,6.67708121118088],[-74.2643913324434,6.67707588015306],[-74.2643993328393,6.67707321240857],[-74.2644019990391,6.67707054734071],[-74.2644126674314,6.67706787870396],[-74.2644206678273,6.67706787602728],[-74.2644286691216,6.67707053752627],[-74.2644393402088,6.67707319813301],[-74.2644500077028,6.67707585784748],[-74.2644553427973,6.67707319188744],[-74.2644633440915,6.67707318921076],[-74.2644713453858,6.6770678563984],[-74.2644793430867,6.67706518954611],[-74.2644873425843,6.67705985762586],[-74.2644926767805,6.67705719166574],[-74.26449800918,6.67705186152985],[-74.2645086757757,6.67704919378523],[-74.2645113428738,6.67704652871726],[-74.2645140099719,6.67704386364928],[-74.2645220085712,6.67704386097261],[-74.2645246756693,6.67704119590459],[-74.2645300089671,6.67703852994436],[-74.2645353431632,6.67703586309188],[-74.2645406773594,6.67703319534719],[-74.2645460097589,6.67703319356275],[-74.2645540128498,6.67703585595412],[-74.2645673519334,6.6770438440204],[-74.2645753532277,6.67704384045148],[-74.2645806874238,6.67704383866705],[-74.2645860207217,6.6770438368826],[-74.2645913549178,6.67704117092238],[-74.2645966873174,6.67703583989411],[-74.2646046886116,6.67703583721743],[-74.2646153579022,6.67703849782436],[-74.2646260289895,6.6770438208226],[-74.264634031182,6.67704381814594],[-74.2646393653782,6.67704381546926],[-74.2646500319739,6.67704381190038],[-74.2646580296748,6.67703581669634],[-74.2646633647693,6.67703314984383],[-74.2646686971689,6.67702781970772],[-74.2646740295684,6.67702515374739],[-74.2646900321568,6.67702248421819],[-74.2647087000468,6.67701714783638],[-74.2647140342429,6.67701448098379],[-74.2647220328422,6.67701181502341],[-74.2647353683326,6.67700648221038],[-74.2647460358266,6.67700647774926],[-74.2647513691244,6.67700381178883],[-74.2647647028182,6.67700114136729],[-74.264780706305,6.67699847183792],[-74.2647860378062,6.67699580587746],[-74.264791373799,6.67699580409302],[-74.264802041293,6.67699313456363],[-74.2648073736925,6.67699046860313],[-74.264812708787,6.6769904668187],[-74.2648260451757,6.67699046146537],[-74.2648367108731,6.6769851295443],[-74.2648473747738,6.67697180509477],[-74.2648527080717,6.67696913913417],[-74.2648580386745,6.67696380810512],[-74.2648687070669,6.67695847618379],[-74.2648740385681,6.67695581022309],[-74.2648793727642,6.67695314337019],[-74.2648900402582,6.67694781055652],[-74.2649033757486,6.67695047116392],[-74.2649113797378,6.67695313177126],[-74.2649167130356,6.67695312998682],[-74.2649220472318,6.67695312820238],[-74.264927381428,6.67695046045723],[-74.2649327138275,6.67694779449651],[-74.2649407142234,6.67694512764352],[-74.264948716416,6.67694246079054],[-74.2649567141169,6.67693979393753],[-74.2649620501097,6.67693979215308],[-74.2649753829052,6.67693445844707],[-74.2649807179996,6.67693445666262],[-74.2649940507951,6.67692912206428],[-74.2650020493944,6.67692112685836],[-74.2650047137975,6.67691313343676],[-74.2650073790989,6.67691046836806],[-74.2650153785966,6.67690513644613],[-74.2650233807891,6.67690513376945],[-74.2650367162795,6.67690512841612],[-74.2650473846718,6.67690512484723],[-74.2650553868644,6.67690512217056],[-74.2650660543584,6.67690245353291],[-74.265076720954,6.67689712071869],[-74.2650900564444,6.67689445208099],[-74.2651007203452,6.6768864559823],[-74.2651060554396,6.67688379002123],[-74.2651113860425,6.67687845899124],[-74.2651220544349,6.67687579035345],[-74.2651353881286,6.67687312171564],[-74.2651407232231,6.6768731199312],[-74.2651460556226,6.67687045397002],[-74.2651513889205,6.67686778800885],[-74.2651567222183,6.67686512115544],[-74.2651620573128,6.67686245340981],[-74.2651700568104,6.67685978744861],[-74.2651807216094,6.67685445552613],[-74.2651940570998,6.67684912181918],[-74.2652020565974,6.67684645496566],[-74.2652073898953,6.67684378811214],[-74.2652180573893,6.67683845618951],[-74.2652233888905,6.67683578933595],[-74.2652287230867,6.67683312337459],[-74.2652367243809,6.67683045652099],[-74.265250056278,6.67682245863678],[-74.2652580557756,6.67681979178312],[-74.2652633908701,6.67681712582169],[-74.2652767245638,6.6768117921143],[-74.2652820569634,6.67680912615282],[-74.2652927253557,6.67680912169169],[-74.2652980586535,6.6768064557302],[-74.2653033928497,6.67680378976869],[-74.2653140567504,6.67679579277628],[-74.2653167238485,6.67679312770692],[-74.2653247233461,6.67678779667594],[-74.2653353899418,6.67678246475269],[-74.2653487272288,6.67678245939936],[-74.2653567258281,6.67678245672271],[-74.2653647271224,6.67678245404603],[-74.2653807288125,6.67677711766161],[-74.2653860621104,6.6767744516999],[-74.2653967269094,6.67676379142198],[-74.2654020602073,6.67676112546021],[-74.2654100606032,6.676758457714],[-74.2654153947993,6.67675845592956],[-74.2654233951952,6.67675578907555],[-74.2654393977837,6.67675578282998],[-74.2654447319799,6.6767531168682],[-74.2654553985756,6.67674778494459],[-74.2654660651712,6.67674511541384],[-74.2654740646689,6.67673978616679],[-74.2654767317669,6.67673712020492],[-74.2654820650648,6.6767344533508],[-74.2654980649583,6.67672645457281],[-74.2655060635576,6.67672112354112],[-74.2655140630552,6.67671845668691],[-74.2655193981496,6.67671578983268],[-74.2655300647453,6.67671312208624],[-74.2655353971449,6.67671045612422],[-74.2655407331376,6.67671045344753],[-74.2655513997333,6.67670778570106],[-74.2655567339295,6.67670778391662],[-74.2655647334271,6.67670245288472],[-74.2655754018194,6.67669978513817],[-74.2655860666185,6.67669445053729],[-74.2655940679127,6.67669178368293],[-74.2656047327118,6.6766811234032],[-74.2656073980132,6.67667845922543],[-74.2656127322094,6.6766731281932],[-74.2656153966125,6.67667046312321],[-74.2656207263171,6.67665980462742],[-74.2656233934151,6.67665713955731],[-74.2656287249164,6.67665180852487],[-74.2656340609092,6.67665180674042],[-74.2656420613051,6.67665180406377],[-74.2656500608027,6.67664913720918],[-74.2656553958971,6.67664647035459],[-74.2656607300933,6.67664646857013],[-74.2656633953948,6.67664380260776],[-74.2656687286926,6.67664113664532],[-74.2656767308851,6.67664113396868],[-74.2656847312811,6.6766411303998],[-74.265692731677,6.67664112772312],[-74.2656953996734,6.67664112683088],[-74.2657060653708,6.67663313072805],[-74.2657113995669,6.67663046387335],[-74.2657167328647,6.67662779791089],[-74.2657220652643,6.67662513194837],[-74.2657300647619,6.67661980091561],[-74.2657353980597,6.67661979913113],[-74.2657433975573,6.67661180392016],[-74.2657487317535,6.67660913617314],[-74.2657567321494,6.67660913260426],[-74.2657593992475,6.67660646753389],[-74.2657700640465,6.6765958090367],[-74.2657753973444,6.67659580636005],[-74.2657833986386,6.67659313861292],[-74.2657887310381,6.67659047265025],[-74.2657940661326,6.67659313504403],[-74.2658020674268,6.67659046818912],[-74.2658100678228,6.67659046462024],[-74.2658154011206,6.67658513358706],[-74.2658233997199,6.67657980255383],[-74.265826066818,6.67657713659108],[-74.2658313992175,6.67657447062832],[-74.26583940141,6.67657446795163],[-74.265847401806,6.67657446438276],[-74.2658554048968,6.67657446170607],[-74.2658660723908,6.67657445813718],[-74.2658714047904,6.67657179217441],[-74.265879404288,6.67656645935658],[-74.2658847339925,6.67655580175077],[-74.2658873965991,6.67654514503694],[-74.2658900636971,6.67654247818176],[-74.2659033982892,6.67653714536361],[-74.2659087306887,6.67653447940064],[-74.2659193981827,6.67652914747461],[-74.265927396782,6.67652647972715],[-74.2659327345715,6.67653180719208],[-74.265943406557,6.67654245766064],[-74.2659487398548,6.6765424558762],[-74.2659540749493,6.67653978991322],[-74.2659620753453,6.67653712305803],[-74.2659727410426,6.67653179113206],[-74.2659780716455,6.67652379681185],[-74.2659860711431,6.67651580070711],[-74.2659940706407,6.67651313385178],[-74.2659994057352,6.67651579535374],[-74.2660074079277,6.6765157926771],[-74.2660154083237,6.67651312582177],[-74.2660234087196,6.67651045896643],[-74.2660287411191,6.67650512793237],[-74.2660367406167,6.67650246107699],[-74.2660447428093,6.6765024575081],[-74.2660500770054,6.67650245572366],[-74.2660634098009,6.67649712201287],[-74.2660687448953,6.67649445604964],[-74.2660767452913,6.67649178740975],[-74.2660874109886,6.6764864563755],[-74.2660954113846,6.67648112534122],[-74.2661007419874,6.67647579519906],[-74.2661060761836,6.67647579252238],[-74.2661247476668,6.67647578538459],[-74.2661327480627,6.67647311763685],[-74.2661380822589,6.67647311585241],[-74.2661460826548,6.67647311317571],[-74.2661567501488,6.67647044453571],[-74.266162084345,6.67646511439347],[-74.2661674167445,6.67646244843007],[-74.2661700811476,6.67645711739552],[-74.2661780806452,6.67645445143208],[-74.2661860819394,6.67645178457642],[-74.2661914152373,6.67644911861297],[-74.266204751626,6.67644911415186],[-74.2662100840255,6.67644378400937],[-74.2662154110352,6.67642779536599],[-74.266220744333,6.67642513118687],[-74.2662287456272,6.67642512672574],[-74.2662420811176,6.67642512137241],[-74.2662500824119,6.67642245362435],[-74.2662607490076,6.67641712258934],[-74.2662660832037,6.6764144557335],[-74.2662714156032,6.67641445394905],[-74.2662820848939,6.67641178620093],[-74.2662874163951,6.67640645516581],[-74.2663029824023,6.6764086714489],[-74.2663080039848,6.67640822801381],[-74.2663161939252,6.67640549602562],[-74.2663216520889,6.67640276760625],[-74.266329841131,6.6763973098753],[-74.2663325684162,6.6763945814559],[-74.2663407601533,6.67639457877925],[-74.2663462210119,6.67639184946763],[-74.2663544082574,6.67638911837154],[-74.2663653299746,6.67638911480264],[-74.2663817107538,6.67638638281431],[-74.2663871698158,6.67638638102987],[-74.2664008224115,6.67638910141928],[-74.266411745027,6.67638909695818],[-74.2664308539897,6.6763863640776],[-74.2664390448285,6.67638636050871],[-74.266441773012,6.6763863596165],[-74.2664445029922,6.67638363119705],[-74.2664526929326,6.67638090099314],[-74.2664663428334,6.67637816811255],[-74.2664745327738,6.67637816454363],[-74.2664827254092,6.67637816097474],[-74.2664881826746,6.67637543255525],[-74.2664991043918,6.67636997482399],[-74.2665182106596,6.67636178688863],[-74.2665209424363,6.67636178510419],[-74.2665291278852,6.6763563273728],[-74.2665373169273,6.67635086964131],[-74.2665509659297,6.67634541101755],[-74.2665564276867,6.6763454083409],[-74.266567346709,6.67634540477201],[-74.266575538446,6.67634540120309],[-74.2665837283865,6.67634267010675],[-74.2665919192252,6.67634266653786],[-74.2666028373492,6.67633993722594],[-74.2666110245947,6.67633175107454],[-74.2666137563715,6.676329023547],[-74.2666243888312,6.67632636293623],[-74.2666328644359,6.67632356135412],[-74.2666410543764,6.67632083114989],[-74.2666465107434,6.676315373418],[-74.2666547006838,6.67631264499816],[-74.2666601633391,6.67630991390164],[-74.2666656197061,6.6763044588463],[-74.2666683487879,6.67630445795407],[-74.2666738087482,6.67629900111424],[-74.2666819977904,6.67629354338215],[-74.2666901832392,6.67628535990665],[-74.2666983731797,6.67628262880997],[-74.2667038340383,6.67627989949772],[-74.2667120221821,6.67627716840101],[-74.266717483939,6.67627716661657],[-74.266728402063,6.67627443641204],[-74.2667365920034,6.67627170709974],[-74.2667502392092,6.67626351916275],[-74.2667584291497,6.6762607898504],[-74.2667775363158,6.67625260012879],[-74.2667802671942,6.67624987260082],[-74.266788458033,6.67624986992413],[-74.2667966479734,6.67624713793504],[-74.2668048379139,6.67624440862259],[-74.2668130278543,6.67624167752568],[-74.2668239459783,6.67623894642877],[-74.2668321359187,6.67623621622402],[-74.2668321350204,6.6762334895882],[-74.2668430558393,6.67623075670678],[-74.2668512421865,6.67622529986613],[-74.2668567030451,6.67622257144576],[-74.2668621630054,6.6762225687691],[-74.2668703529459,6.67621983767208],[-74.2668840019483,6.676217106575],[-74.2668921936854,6.67621710389835],[-74.2669031118094,6.67621437101684],[-74.2669113026481,6.67621436744793],[-74.2669222243653,6.67621163813532],[-74.2669358742661,6.67620890436155],[-74.2669440651048,6.67620890168486],[-74.2669522532486,6.67620344395176],[-74.2669577123106,6.67620071553127],[-74.266968628638,6.67619525779808],[-74.2669768176801,6.67618980006479],[-74.2669877367024,6.67618161301868],[-74.2669959284394,6.67618160944979],[-74.2670013866031,6.67617888192141],[-74.2670068456651,6.67617888013698],[-74.2670123038287,6.6761734224035],[-74.2670177655857,6.67617069487508],[-74.267028681913,6.67616250782865],[-74.2670368700568,6.67615705098724],[-74.2670450590989,6.67615159236131],[-74.2670505181609,6.67614886483278],[-74.2670587072031,6.676143407099],[-74.2670641635701,6.67613795114958],[-74.267075084389,6.6761297641026],[-74.2670805425527,6.67612976142591],[-74.2670860007163,6.67612430458417],[-74.2670914579817,6.67611884863454],[-74.2670969197386,6.67611612021362],[-74.2671051096791,6.67611066247944],[-74.2671160260064,6.67610520474524],[-74.2671269468253,6.67609974701096],[-74.2671351358674,6.6760942883844],[-74.2671378631526,6.67609428749219],[-74.2671460530931,6.67608883065002],[-74.2671542421352,6.67608337291557],[-74.2671651566659,6.67607518586764],[-74.2671733457081,6.67606973080969],[-74.2671815356485,6.67606699881961],[-74.2671951864476,6.67606426772172],[-74.2671979164277,6.67606153840824],[-74.2672061072665,6.67606153573155],[-74.2672142972069,6.67605880552587],[-74.2672252153309,6.67605607353568],[-74.2672388661299,6.67605606907456],[-74.2672470560704,6.67605333886883],[-74.2672579768893,6.67605060687862],[-74.267263435053,6.67604787756507],[-74.2672688932166,6.67604242161462],[-74.2672743513803,6.67603696477187],[-74.2672852713009,6.67603150703681],[-74.2672961876282,6.67602604751729],[-74.2673098411222,6.67602331552692],[-74.2673207592462,6.67602058353656],[-74.2673344082486,6.67601512490913],[-74.267342598189,6.67601239381091],[-74.2673535181096,6.67600693607561],[-74.2673617062535,6.67600147744802],[-74.2673698926007,6.6759960206048],[-74.2673780816428,6.67599329039875],[-74.267383544298,6.6759905610849],[-74.2673917306452,6.67598783177102],[-74.2673971906055,6.67598237492765],[-74.2674108396079,6.67597691451534],[-74.2674190277517,6.67597145767185],[-74.2674244868137,6.67596873014231],[-74.2674299449774,6.6759632724065],[-74.2674381358161,6.67596326972984],[-74.2674545147987,6.67595780842508],[-74.267459974759,6.67595780664063],[-74.2674681655978,6.67595780396394],[-74.2674763573349,6.67595507286544],[-74.267484546377,6.67595234265916],[-74.2674927372157,6.67595233998247],[-74.2674981989727,6.67595779147282],[-74.2675036553397,6.67594960799173],[-74.2675063871165,6.67594960709949],[-74.2675091161983,6.67595233373689],[-74.2675282287543,6.67595232570691],[-74.2675418768584,6.6759468670787],[-74.2675446041436,6.6759414111271],[-74.2675473323271,6.67593322764571],[-74.2675527913891,6.67593049922371],[-74.267563712208,6.67592776812505],[-74.26756917127,6.6759277654484],[-74.2675828220691,6.67592776098728],[-74.2675910120095,6.6759250298886],[-74.2676019337267,6.67592229878991],[-74.2676101209722,6.67592229611321],[-74.2676183109127,6.67591956590676],[-74.2676237726696,6.67591683570023],[-74.267637421672,6.67591410370929],[-74.2676456116125,6.67591137261051],[-74.2676592633099,6.67591136814941],[-74.2676674550469,6.67591409300259],[-74.267675646784,6.6759168160713],[-74.2676865658063,6.67591681161018],[-74.2677220582432,6.67591679822681],[-74.2677220573449,6.6759140715892],[-74.2677302472853,6.67591134049046],[-74.2677357054489,6.67590588364624],[-74.2677438953894,6.6759031552241],[-74.2677466253696,6.67590042501751],[-74.2677575407986,6.67589224064322],[-74.2677657316373,6.67589223707432],[-74.2677684607192,6.67588678201434],[-74.2677793797414,6.67588677755321],[-74.267784843295,6.67588677576876],[-74.2677930332354,6.67589222636762],[-74.2678039567493,6.67589494854424],[-74.2678148748733,6.67589494497535],[-74.2678257947939,6.67588675970875],[-74.2678367111212,6.67587857265754],[-74.267844899265,6.67587311581295],[-74.2678558200839,6.67586765896832],[-74.2678612782476,6.67586220212362],[-74.2678694672897,6.67585674438665],[-74.2678803827187,6.67585128575738],[-74.2678913053343,6.67584855376603],[-74.267899496173,6.67584855108939],[-74.2679131433788,6.67584036492976],[-74.267921332421,6.67583490719252],[-74.2679322514432,6.67583217609333],[-74.2679377123018,6.67582944588636],[-74.2679459022423,6.67582671567934],[-74.2679568185696,6.67582125794197],[-74.2679650076118,6.67581580020453],[-74.2679786557159,6.67581033979035],[-74.2679813865943,6.67581033889814],[-74.2679923056166,6.67580760869102],[-74.2680032291305,6.67580760512213],[-74.2680168799295,6.67581032551479],[-74.2680277989518,6.67581032105365],[-74.2680359897905,6.67581031748475],[-74.2680469124061,6.67581031391586],[-74.2680578314284,6.6758075828165],[-74.2680660213688,6.67580758013984],[-74.268076943086,6.67580484814825],[-74.2680878621083,6.67580484368713],[-74.2680987829272,6.67579938505728],[-74.2681097001529,6.67579665485013],[-74.26811789189,6.675796650389],[-74.2681288127089,6.67580210188109],[-74.2681424662029,6.67580209563551],[-74.2681533852251,6.67579936364389],[-74.2681724950862,6.67579117569901],[-74.2681888713738,6.67578571439236],[-74.268191601354,6.67578026022343],[-74.2681997885995,6.67577480159331],[-74.2682079767433,6.67576661810912],[-74.2682161657854,6.67576116037107],[-74.2682243530309,6.67575843016367],[-74.268238001135,6.67574478894102],[-74.2682434610953,6.67574478715658],[-74.268254378321,6.67573932763381],[-74.2682680282217,6.67573659564185],[-74.268284406306,6.67572840858816],[-74.2682925971447,6.67572840591147],[-74.2683035179636,6.67572294638857],[-74.2683144360876,6.67572021439651],[-74.2683253569065,6.67571475576571],[-74.268333544152,6.67571475308906],[-74.2683417358891,6.67571474952013],[-74.2683499258295,6.67571474684349],[-74.2683635757303,6.67571201485138],[-74.2683744974475,6.67570928285929],[-74.2683826855913,6.67570382512059],[-74.2683881428567,6.6756983691663],[-74.2683936010203,6.67569291142746],[-74.2684045218392,6.67569018211193],[-74.2684181699433,6.67568472169635],[-74.2684263607821,6.6756847190197],[-74.2684372780078,6.67567653196512],[-74.2684454661516,6.67567107511828],[-74.2684509252136,6.67566834580261],[-74.2684618442358,6.67566016053222],[-74.2684700341763,6.67565742943205],[-74.2684864149555,6.67565469654742],[-74.268494602201,6.67565196633943],[-74.2685055257148,6.6756546894096],[-74.2685137156553,6.67565468673296],[-74.2685219073924,6.67565468405625],[-74.2685355563948,6.6756492236403],[-74.2685464727221,6.67564376500872],[-74.2685546626626,6.67564103480066],[-74.2685628543996,6.675641032124],[-74.2685737752186,6.67563830102373],[-74.268587424221,6.67563556813899],[-74.2685983432433,6.67563556367786],[-74.2686065331837,6.67563283346976],[-74.2686119922457,6.67563010415388],[-74.2686147213275,6.67562464909101],[-74.2686338293919,6.67561918689023],[-74.2686474783944,6.67561372647386],[-74.2686583983149,6.67560826873413],[-74.2686693173372,6.67560826338078],[-74.2686775072777,6.67560553495699],[-74.2686856981164,6.67560280385651],[-74.2686993480172,6.67560279761093],[-74.2687102688361,6.67560006740268],[-74.2687293769005,6.67559460609387],[-74.2687348377591,6.67559187588556],[-74.2687457603746,6.67559732559547],[-74.2687594102754,6.67559732113433],[-74.2687703328909,6.67559731578099],[-74.268783980995,6.67558912961716],[-74.2688003590793,6.67558094166877],[-74.2688140098783,6.67558093542319],[-74.2688221998188,6.67557820699926],[-74.2688303879626,6.67557820343036],[-74.2688413087815,6.67557547054529],[-74.2688576886624,6.67557273855241],[-74.2688658812978,6.67557273498352],[-74.2688740667467,6.67557000477506],[-74.2688822557888,6.67556454792705],[-74.2688904466276,6.67556454435815],[-74.2689013692431,6.67556181236524],[-74.2689204782058,6.67555907858784],[-74.2689313990247,6.6755563474871],[-74.2689395853719,6.67555361638636],[-74.2689423171487,6.67555361549411],[-74.2689532388659,6.67555361192523],[-74.2689614297047,6.67555360835633],[-74.2689696169502,6.67555087814777],[-74.2689778077889,6.67555087457888],[-74.2689914603846,6.6755535967574],[-74.2689996512234,6.67555359408072],[-74.2690078420622,6.67555359051182],[-74.2690269564147,6.67555631090586],[-74.2690433353973,6.67555630376807],[-74.2690515262361,6.67555630109138],[-74.269062447055,6.67555356999064],[-74.269073365179,6.67555083799767],[-74.2690815551194,6.67554810868133],[-74.2690924768366,6.67554537579609],[-74.2691115849011,6.67553991448667],[-74.2691252339035,6.67553445496162],[-74.2691361547224,6.67553172386075],[-74.269147071948,6.6755262661201],[-74.2691579918686,6.67552080659491],[-74.2691716399727,6.67551534706969],[-74.2691852889752,6.67550988754436],[-74.2691989388759,6.67550988219103],[-74.2692098587965,6.67550987772988],[-74.2692153232484,6.67551533011738],[-74.2692289740474,6.67551532476405],[-74.2692371648862,6.67551532208739],[-74.2692535438688,6.67550713235327],[-74.2692590029308,6.67550440482118],[-74.2692671919729,6.6755016728279],[-74.2692726492382,6.67549349112363],[-74.2692862946474,6.67548257564137],[-74.2692917528111,6.67547984543242],[-74.2692999427515,6.67547711700792],[-74.2693081335903,6.67547711343903],[-74.2693135908556,6.67547165658998],[-74.2693190553075,6.67547165480553],[-74.2693258501643,6.67546886214075],[-74.269328584636,6.67547431452871],[-74.269334043698,6.67547431274427],[-74.2693422354351,6.67547431006758],[-74.2693504253755,6.67547157896638],[-74.2693695334399,6.67546611676392],[-74.2693749916036,6.67546338744711],[-74.2693859142191,6.67546338387821],[-74.2693995641199,6.67546337852488],[-74.2694104849388,6.67546064563916],[-74.2694241348395,6.67545791453787],[-74.2694323256783,6.67545791186118],[-74.2694459773757,6.6754579056156],[-74.269456893703,6.67545517362206],[-74.2694623545616,6.6754497167728],[-74.2694705418071,6.67544698745591],[-74.2694787326459,6.67544698477922],[-74.2694896552614,6.67544697942587],[-74.269500575182,6.67544697585695],[-74.2695114968992,6.67544697139585],[-74.2695224159215,6.67544696782695],[-74.2695333367404,6.67544423494112],[-74.2695442548644,6.67544150473199],[-74.2695551765816,6.67543877184614],[-74.2695633674204,6.67543604252918],[-74.2695715582591,6.6754360398525],[-74.2695797446063,6.67543603717581],[-74.2695988571623,6.67543057497295],[-74.2696043162243,6.67542784565596],[-74.2696097752863,6.6754278438715],[-74.2696179643284,6.6754223870219],[-74.2696288851473,6.67541965413596],[-74.2696370759861,6.67541965056706],[-74.2696507240902,6.67541419193293],[-74.2696561831522,6.67541146261583],[-74.2696643730926,6.67540873240648],[-74.2696752912166,6.6754060004127],[-74.2696834802587,6.67540054356285],[-74.2696971283628,6.6753950849285],[-74.2697053174049,6.67538962718632],[-74.2697107773652,6.67538962450962],[-74.2697244290626,6.67538689162351],[-74.2697298881246,6.67538416319847],[-74.269738078065,6.67538143209676],[-74.2697517270675,6.67537870010282],[-74.2697599179062,6.67537596900104],[-74.2697681078467,6.67537323968374],[-74.2697790250723,6.67537050679753],[-74.2697899467895,6.67536777658798],[-74.2698035948936,6.67536231706102],[-74.2698117857324,6.67536231349212],[-74.2698199756728,6.67535958149805],[-74.2698336255736,6.67535685039622],[-74.2698418164124,6.67535684771955],[-74.269847274576,6.67535411661769],[-74.2698581918017,6.67534865887503],[-74.2698691117223,6.67534319934788],[-74.2698800289479,6.67533501496426],[-74.2698882179901,6.67533228475448],[-74.2698991397072,6.67533228118559],[-74.269912789608,6.6753295474069],[-74.2699237068337,6.67532408877176],[-74.2699346276526,6.67532135856195],[-74.269948276655,6.67531589903447],[-74.2699591947789,6.67531316793239],[-74.2699673856177,6.67531316347128],[-74.2699755755582,6.67531043504583],[-74.2699837646003,6.67530770394372],[-74.2699892236623,6.67530497462602],[-74.2700110644018,6.67530223906274],[-74.2700137961786,6.67529951063726],[-74.2700192534439,6.67529678042729],[-74.2700430318495,6.67529619601961],[-74.2700457591347,6.67529346759406],[-74.2700484873182,6.6752852849941],[-74.2700512119085,6.67527710239396],[-74.2700566727671,6.67527164643491],[-74.2700675899927,6.67526618869133],[-74.2700757808315,6.67526618601466],[-74.2700867016504,6.67526345312783],[-74.2700948897942,6.67526344955893],[-74.2701058124098,6.67526344599004],[-74.2701167350253,6.67526344152889],[-74.2701276540476,6.67526343706779],[-74.2701358448863,6.67526343349885],[-74.2701440348268,6.67526070507318],[-74.2701658701764,6.67524433273414],[-74.2701685965633,6.67524433184193],[-74.2701767891986,6.67524432916524],[-74.2701877109159,6.67524432381189],[-74.2701931879442,6.67524295335341],[-74.2701986299382,6.67524159181717],[-74.270206818082,6.67523613407328],[-74.2702259297396,6.6752334011863],[-74.2702313888016,6.67523067008371],[-74.2702395796404,6.67523066651481],[-74.2702532286428,6.67522793541225],[-74.2702586886031,6.6752279327356],[-74.2702668794419,6.67522520163301],[-74.2702777975658,6.67522519806408],[-74.2702859893029,6.67522519449518],[-74.27029418104,6.67522791935218],[-74.2703078309407,6.67522518557295],[-74.2703214799431,6.67522245447035],[-74.2703296689853,6.67521699672621],[-74.2703351316405,6.67521699494177],[-74.2703460497645,6.67521426205468],[-74.2703515088265,6.67521153362868],[-74.2703596987669,6.67521153095203],[-74.2703651578289,6.6752088016338],[-74.2703678887074,6.67520880074156],[-74.2703760786478,6.67520606963887],[-74.2703842685882,6.67520334121285],[-74.2703869976701,6.67519788436076],[-74.270397915794,6.67519515236577],[-74.2704033757543,6.67519515058131],[-74.2704142983699,6.67519514612018],[-74.2704279500673,6.67519786919292],[-74.2704361418043,6.67520059137338],[-74.2704443317448,6.67519786294734],[-74.2704552489704,6.67519240341848],[-74.2704607062358,6.67518694656625],[-74.2704743579331,6.67518148792951],[-74.2704825442803,6.67517875682667],[-74.2704961977743,6.67517602572382],[-74.2705043841215,6.67517329372874],[-74.270512574062,6.67517056441031],[-74.2705234966775,6.67517056084138],[-74.2705344156998,6.67517055548804],[-74.2705589864194,6.67516509149777],[-74.2705644463797,6.67516508971332],[-74.2705726372185,6.67516508703662],[-74.270583559834,6.67516508257549],[-74.2705972097348,6.67516507722215],[-74.2706108596355,6.67516234344252],[-74.270632700375,6.67515960877068],[-74.2706490820525,6.67515960252509],[-74.270657271993,6.6751595989562],[-74.2706654610351,6.6751595953873],[-74.2706736491789,6.67515413853471],[-74.2706845699978,6.67515140564726],[-74.2706954890201,6.67514867543648],[-74.2707009489804,6.67514321858378],[-74.2707091362259,6.6751404874807],[-74.2707227897199,6.67514048301959],[-74.2707309769654,6.67513775280873],[-74.2707446295611,6.6751350199212],[-74.2707637376255,6.67512955771499],[-74.2707828456899,6.67512682393516],[-74.2707937692038,6.67512681947403],[-74.2708074191045,6.67512681412069],[-74.270823800782,6.67512680787511],[-74.2708374506828,6.67512680252175],[-74.2708511023802,6.6751267971684],[-74.2708647513826,6.67512406338857],[-74.2708920520824,6.67512132693207],[-74.2709111646384,6.67512131890203],[-74.2709166237004,6.67511858869107],[-74.2709275463159,6.67511858512217],[-74.2709439252985,6.67511857798437],[-74.2709548470157,6.67511857352323],[-74.2709630387528,6.67511857084654],[-74.270979416837,6.67511856370875],[-74.2709876076758,6.67511856103206],[-74.2709985302913,6.67511855657096],[-74.2710067211301,6.67511855389427],[-74.2710149119688,6.67511854943314],[-74.2710231001127,6.67511854675647],[-74.2710340209316,6.6751158165455],[-74.2710476681374,6.67510490194706],[-74.271058588058,6.67509944420161],[-74.2710722361621,6.67509398467169],[-74.2710804252042,6.67508852692613],[-74.2710968032885,6.67508579403832],[-74.2711104531892,6.67508578779274],[-74.2711295648469,6.6750830540127],[-74.271137756584,6.67508304955157],[-74.271145948321,6.67508304687488],[-74.2711595973234,6.67508031577149],[-74.2711841662465,6.67507757753029],[-74.2711978179439,6.67507484553463],[-74.2712196595817,6.67507483750459],[-74.2712305777056,6.67507210461671],[-74.2712578730155,6.67505573048692],[-74.2712633338741,6.67505300295228],[-74.2712797110601,6.67504754163739],[-74.271290631879,6.67504480964157],[-74.2712988227178,6.67504480607267],[-74.2713097408417,6.67504207586127],[-74.271328854296,6.67503933940431],[-74.2713425032985,6.67503660919289],[-74.2713643431397,6.67503114609337],[-74.2713725330801,6.67502841409744],[-74.271388910266,6.6750256821015],[-74.2713998310849,6.67502294921335],[-74.2714107510055,6.67502294475224],[-74.2714189418443,6.67502294207555],[-74.2714271317847,6.67502293761442],[-74.2714353226235,6.67502293493775],[-74.2714517051993,6.67502292869217],[-74.2714626242216,6.67502292512327],[-74.2714708141621,6.67502019491175],[-74.2714817367776,6.67502019045062],[-74.2714953866783,6.67502018509727],[-74.2715090383757,6.67502017974393],[-74.2715254200532,6.67502017349834],[-74.2715281482368,6.67502017171389],[-74.2715363399738,6.67502289567981],[-74.271539069954,6.67502016814499],[-74.2715472598944,6.67501743704125],[-74.2715527189564,6.67501470772195],[-74.2715581771201,6.67501197751039],[-74.2715636370804,6.67501197572593],[-74.2715691006339,6.67501470147636],[-74.2715800205545,6.67501742365783],[-74.2715909431701,6.67501742008894],[-74.2716018621924,6.67501468898519],[-74.2716100530311,6.67501468541629],[-74.2716237029318,6.67501468006294],[-74.2716346264457,6.67501740135221],[-74.2716482781431,6.67502012442591],[-74.2716564689818,6.67502012174922],[-74.2716619280438,6.67501739153773],[-74.2716728443711,6.67501193289909],[-74.2716810343116,6.67500920268752],[-74.271694683314,6.6750037440488],[-74.2717028723561,6.6750010138372],[-74.2717110622966,6.67499828362557],[-74.2717192540337,6.67499828094891],[-74.2717301757509,6.67499827559553],[-74.2717465547335,6.67499826934994],[-74.2717547455722,6.67499826667329],[-74.2717738581282,6.67499553200053],[-74.2717847771505,6.67499552753939],[-74.271795699766,6.67499552307824],[-74.27180661789,6.67499551861711],[-74.2718244889742,6.67500019655816],[-74.2718381361801,6.67499201038436],[-74.2718517869791,6.67498382510266],[-74.2718572442445,6.67497836735587],[-74.2718681605718,6.67497290871681],[-74.2718763496139,6.67496745275438],[-74.2718790795941,6.67496472343479],[-74.2718927276982,6.67495653815263],[-74.2719173002145,6.67495379991071],[-74.2719254856633,6.67495106969884],[-74.2719336774004,6.67495106702215],[-74.2719446018126,6.67495651673921],[-74.2719691734305,6.67495923356767],[-74.2719828296195,6.67496741081974],[-74.2719964813169,6.67497013210926],[-74.2720101321159,6.67497012586371],[-74.2720265146918,6.67497284715323],[-74.272037433714,6.67497284269209],[-74.2720456245528,6.67497283912319],[-74.2720538162899,6.67497283555429],[-74.2720620071286,6.6749728328776],[-74.2720783843146,6.67497009909691],[-74.2720838469698,6.67496737066958],[-74.272092036012,6.67496463956556],[-74.2721029541359,6.67496190846149],[-74.272111145873,6.6749619057848],[-74.2721193358134,6.6749619022159],[-74.2721329857142,6.67495916843515],[-74.2721384456745,6.6749591666507],[-74.2721466347166,6.67495643643883],[-74.2721575573322,6.67495643286993],[-74.2721684745578,6.67495097333842],[-74.2721766653965,6.67495097066173],[-74.272184855337,6.6749482395576],[-74.2721985061361,6.67494823420426],[-74.2722066960765,6.67494550488456],[-74.2722203441806,6.67494004446069],[-74.2722312658978,6.67493731246425],[-74.2722394504484,6.67492912896609],[-74.2722531003491,6.67492094100665],[-74.2722558276343,6.67491821347126],[-74.2722612866963,6.67491548236695],[-74.2722722057186,6.67491002461939],[-74.272285854721,6.67490456508736],[-74.2722940437632,6.67489910644748],[-74.2722995019268,6.67489637891196],[-74.2723049591922,6.67489092205643],[-74.2723131491326,6.67488819184421],[-74.2723213399714,6.67488546163195],[-74.2723349871772,6.67488000209964],[-74.2723540979365,6.67487181413937],[-74.27235682612,6.67487181235489],[-74.2723650160605,6.67486908214257],[-74.2723732060009,6.67486635193019],[-74.2723759359811,6.67486362261005],[-74.2723868541051,6.67486089150543],[-74.272392315862,6.67485816218525],[-74.2724032339859,6.67485543197285],[-74.2724114239264,6.67485269997596],[-74.2724168829884,6.67484997154796],[-74.2724223420503,6.67484996976352],[-74.2724332628693,6.67484723687434],[-74.2724387219312,6.67484450844633],[-74.2724469118717,6.67484177644937],[-74.2724551027104,6.67484177377272],[-74.2724660217327,6.67484177020382],[-74.272471484388,6.67484176752713],[-74.2724769443483,6.67484176574267],[-74.272480869986,6.67484012404626],[-74.2724827833976,6.67483821200528],[-74.2724923459638,6.67483247499002],[-74.2724980853002,6.67482865001577],[-74.2725038237382,6.67482482593369],[-74.2725076478663,6.67482100185159],[-74.2725114737912,6.67482100095935],[-74.272513388101,6.67482100006714],[-74.2725210426456,6.67482099649821],[-74.2725306079067,6.67482099292932],[-74.2725325222166,6.67482290407815],[-74.2725401740662,6.67482481076585],[-74.2725459160975,6.67482672102244],[-74.2725573938718,6.67482671566908],[-74.2725631359031,6.67482671388464],[-74.272572700266,6.6748247991669],[-74.2725784396023,6.67482288534138],[-74.272584179837,6.67481906036703],[-74.2725937441998,6.67481714743377],[-74.2726013942528,6.67481523271601],[-74.2726071362841,6.67481523093155],[-74.2726109622089,6.67481522914711],[-74.2726186149568,6.67481713761927],[-74.2726339186559,6.67481522022482],[-74.2726396597889,6.6748133063993],[-74.2726454009219,6.67481330461484],[-74.2726530509749,6.67481138989706],[-74.2726587921079,6.67481138811261],[-74.272668357369,6.67480947339483],[-74.2726721841921,6.67480947161038],[-74.2726855762764,6.67480755510813],[-74.2726913174094,6.67480755243144],[-74.2727027942854,6.67480372567253],[-74.2727066211085,6.67480372478032],[-74.2727123586482,6.67480372210362],[-74.2727180997812,6.67480371942693],[-74.2727372303035,6.67479797973465],[-74.2727506205911,6.67479415119117],[-74.272752534901,6.67479414940673],[-74.2727678403968,6.67479223379665],[-74.2727697538084,6.67479223290442],[-74.2727754913481,6.67479223111996],[-74.2727869727157,6.67479031461766],[-74.2727907968439,6.6747903128332],[-74.2727984513885,6.67478839900759],[-74.2728022773132,6.67478648607416],[-74.2728156693975,6.67478456957183],[-74.2728233203488,6.67478456689514],[-74.2728290623801,6.67478647536746],[-74.2728367133313,6.67478647269076],[-74.2728443669776,6.67478647001407],[-74.272853933137,6.67478646555298],[-74.2728596733717,6.67478646376848],[-74.2728654109114,6.67478455083508],[-74.2728711502478,6.6747826370094],[-74.2728749770709,6.67478072496819],[-74.2728845414337,6.67477880846585],[-74.2728864548453,6.67477880757363],[-74.2728941111864,6.67478262808716],[-74.272901763036,6.67478453566722],[-74.2729075059656,6.67478835618072],[-74.2729151587135,6.67479217490972],[-74.2729247275679,6.67479408159753],[-74.2729304669043,6.67479790300318],[-74.2729400375553,6.67480363198877],[-74.2729553448478,6.67480553778429],[-74.2729668217238,6.67480553243094],[-74.2729725628568,6.67480553064649],[-74.2729802147064,6.6748055279698],[-74.2729897790692,6.67480361146754],[-74.2729993470253,6.67480360879089],[-74.2730108247997,6.67480169318083],[-74.2730146534195,6.67480169139639],[-74.2730223043707,6.67480168871972],[-74.2730433501012,6.67479976864852],[-74.2730452644111,6.67479976775631],[-74.2730548296722,6.6748016753363],[-74.2730605708052,6.67480167355185],[-74.2730682217565,6.67480167087519],[-74.2730739628895,6.6748016681985],[-74.2730797031241,6.67480166552181],[-74.2730911808985,6.67479974991178],[-74.2730969220315,6.67479974812732],[-74.2731122284256,6.67479974188174],[-74.2731217927884,6.6747997374206],[-74.2731275348197,6.67480164678507],[-74.2731409278023,6.67480164143172],[-74.2731504930635,6.67480163786279],[-74.2731562332981,6.6747997240372],[-74.2731600601212,6.67479972314499],[-74.2731657967626,6.67479781021162],[-74.2731715378956,6.67479780664271],[-74.2731772754353,6.67479589370934],[-74.2731868433914,6.67479397809924],[-74.2731983211658,6.67479206248918],[-74.2732040614005,6.67479206070472],[-74.2732097989402,6.67479014687911],[-74.2732117105551,6.67478632368897],[-74.2732193650997,6.67478632101228],[-74.273230842874,6.67478631565892],[-74.2732423224451,6.67478631209002],[-74.2732480626797,6.67478630852112],[-74.2732576279409,6.67478630584443],[-74.2732652833837,6.67478630316773],[-74.2732691111051,6.67478821253227],[-74.2732767629547,6.6747901201123],[-74.2732825040877,6.67479011743565],[-74.2732920702472,6.67479202590792],[-74.2733016328134,6.67478820004108],[-74.2733073739464,6.67478819647218],[-74.2733111998712,6.67478437417426],[-74.2733226749506,6.67477481307591],[-74.2733284151853,6.67477290014244],[-74.2733303276985,6.67477289835798],[-74.2733360661365,6.67477289657354],[-74.2733475484025,6.67477289300464],[-74.2733571109687,6.67476906713765],[-74.2733685887431,6.67476714974305],[-74.273374329876,6.67476523680954],[-74.2733819808273,6.67476523413285],[-74.2733877228586,6.67476714260522],[-74.2733972881198,6.67476713903631],[-74.273410680204,6.67476713368296],[-74.2734221615717,6.67476521807279],[-74.2734278991114,6.67476521450386],[-74.273441292094,6.67476712208403],[-74.2734470323286,6.67476711851513],[-74.2734546868732,6.67476711583843],[-74.2734680798557,6.67476902163413],[-74.2734757317053,6.67476901895744],[-74.2734814728383,6.67476901717299],[-74.2734891237896,6.67476901360409],[-74.2735006060555,6.67476901003517],[-74.2735063435953,6.6747709176153],[-74.2735159151446,6.67477473545223],[-74.2735254804058,6.67477664392455],[-74.2735312206404,6.67477664214007],[-74.273544613623,6.6747785470435],[-74.2735503502644,6.67477281181201],[-74.2735675691718,6.67477089352518],[-74.2735713941983,6.67476898059169],[-74.2735790487428,6.67476897791502],[-74.2735847871808,6.67476897613058],[-74.2735905283138,6.67476897345389],[-74.2735981792651,6.6747689707772],[-74.2736058338096,6.67476896810053],[-74.2736153990708,6.6747689636394],[-74.2736230536153,6.67477087211174],[-74.2736287920533,6.67477086854286],[-74.273634532288,6.67476895560936],[-74.2736402716244,6.6747651306346],[-74.2736440930576,6.67475939540295],[-74.2736460055708,6.6747555731048],[-74.2736517458055,6.67475366017124],[-74.2736613101683,6.67475174456103],[-74.2736689647128,6.67475174188433],[-74.2736766156641,6.67474982805856],[-74.273684271107,6.67475364678785],[-74.2736938345715,6.67475173206984],[-74.2737034016293,6.6747479062027],[-74.2737072239608,6.67474408212001],[-74.2737091373724,6.67474217007865],[-74.2737167910186,6.6747402553606],[-74.27372252766,6.67473834242699],[-74.273728268793,6.67473833975029],[-74.2737359260324,6.6747421584797],[-74.2737454912936,6.67474406695216],[-74.2737512333249,6.67474406516772],[-74.2737550583514,6.67474788568151],[-74.2737646263075,6.6747478821126],[-74.2737703647455,6.6747497896928],[-74.2737799309049,6.67474405267653],[-74.2737837559314,6.67474022948602],[-74.2737875791613,6.67473640540327],[-74.2737914032894,6.6747287590221],[-74.2737952301126,6.67472875812985],[-74.2737990569356,6.6747287554532],[-74.2738047935771,6.67472684251954],[-74.2738086221968,6.67472684162729],[-74.2738143633298,6.67472683895064],[-74.2738181856613,6.6747268380584],[-74.273827755414,6.67472683359725],[-74.2738488002462,6.67473064786562],[-74.2738602816138,6.67473064251227],[-74.2738660200519,6.67473064072778],[-74.2738736736981,6.67472872600972],[-74.2738794112378,6.67472681307606],[-74.2738889773973,6.67472107605953],[-74.2738966256536,6.67471534082733],[-74.2739023658883,6.67471151585215],[-74.2739061900164,6.67470578151213],[-74.2739100132463,6.67470195742907],[-74.2739138391711,6.67469813334602],[-74.273915750786,6.6746943110474],[-74.2739214901224,6.67469239722135],[-74.2739310526886,6.67468666020442],[-74.2739329669984,6.67468665841997],[-74.2739329678967,6.67468857046154],[-74.273938709928,6.6746923909758],[-74.2739482760875,6.67469429766399],[-74.2739540172205,6.67469429587951],[-74.2739616690701,6.67469620345995],[-74.2739750620527,6.67469811014814],[-74.2739788897741,6.67469810747145],[-74.2739846300087,6.67469619453767],[-74.2739997082308,6.67469749897293],[-74.2740073600804,6.67469940655334],[-74.2740111851068,6.67469367221316],[-74.2740130958235,6.67468793787288],[-74.2740188342615,6.67468029059874],[-74.2740264843144,6.67467646651552],[-74.274036047779,6.67467455268941],[-74.2740417898103,6.67467646116214],[-74.2740475318416,6.67467836874265],[-74.274057098001,6.67468027453866],[-74.2740647534439,6.67468409594519],[-74.2740743178067,6.67468409148405],[-74.274080059838,6.67468599995674],[-74.2740896250992,6.67468599549562],[-74.2740934510239,6.674684083454],[-74.2741011001786,6.67467834643697],[-74.2741068413116,6.67467643439536],[-74.2741144913645,6.67467452056929],[-74.274118319086,6.67467451967704],[-74.2741297968603,6.6746745152159],[-74.2741336245818,6.67467642368866],[-74.2741412818212,6.67468024152628],[-74.2741470202593,6.67468215089122],[-74.2741527631889,6.67468597051325],[-74.2741642436582,6.6746916995002],[-74.2741757223309,6.6746916959313],[-74.2741833759771,6.67468978121304],[-74.2741948528532,6.67468404419604],[-74.274204419911,6.67468212769334],[-74.2742120699639,6.67468021386726],[-74.2742139842738,6.67468021297504],[-74.2742216388183,6.67468020940612],[-74.2742254620482,6.67468020762166],[-74.2742312040795,6.67468020583722],[-74.2742426836505,6.67468402456705],[-74.2742560757348,6.67468401921371],[-74.274263729381,6.67468019245382],[-74.2742694660224,6.67467827951997],[-74.2742752062571,6.67467636747836],[-74.2742828599033,6.67467254250287],[-74.2742924251644,6.67467253893397],[-74.2743039029388,6.67467253358062],[-74.2743115583817,6.67467444294556],[-74.2743172968197,6.67467635052606],[-74.2743268656741,6.67467825721432],[-74.274334518422,6.67468016479479],[-74.2743440863781,6.67468016122589],[-74.2743536498426,6.67467824561539],[-74.2743632142055,6.67467633268154],[-74.2743689562367,6.67467633089708],[-74.274376609883,6.67467632822039],[-74.2743900010689,6.674672499676],[-74.2743976520202,6.67467249699929],[-74.2744110441044,6.67467058049653],[-74.2744225245738,6.67467057603542],[-74.274435916658,6.67466865864038],[-74.2744531355654,6.67466674035315],[-74.2744588731051,6.6746667385687],[-74.2744665276496,6.674666735892],[-74.2744703553711,6.67466482295813],[-74.2744818340438,6.67466481849699],[-74.2744875706852,6.67466481671255],[-74.2744933109198,6.67466099173696],[-74.2744990520528,6.67466098995251],[-74.2745124432388,6.67465716140799],[-74.2745162700619,6.67465716051576],[-74.2745239201148,6.67465524579738],[-74.2745296621461,6.67465524401292],[-74.2745353978892,6.67465333107897],[-74.2745411381239,6.6746495061033],[-74.2745449640487,6.67464759316936],[-74.2745507006901,6.67464567934315],[-74.2745564409247,6.67464376551696],[-74.2745621820577,6.6746437637325],[-74.2745736598321,6.67464184901407],[-74.2745794009651,6.67464184544517],[-74.274587051018,6.67463993161893],[-74.2745966162792,6.67463992805003],[-74.2746023574122,6.67463992537337],[-74.2746080994435,6.67463992269668],[-74.2746138360849,6.67463992091222],[-74.2746234049393,6.67463991645108],[-74.2746406229483,6.6746360879064],[-74.2746463595897,6.67463417408017],[-74.2746520998244,6.67463226114615],[-74.2746597498774,6.67463034642766],[-74.2746654910103,6.67462843349362],[-74.2746750553732,6.67462651788291],[-74.2746827081211,6.67462460494886],[-74.2746884492541,6.67462460137996],[-74.2746941849971,6.67462077818851],[-74.2746999261301,6.67462077551181],[-74.2747114039045,6.67461885900883],[-74.2747171441392,6.67461503492513],[-74.2747247941921,6.67461312109882],[-74.2747324478383,6.67461120638027],[-74.2747381853781,6.67460929344614],[-74.2747496667457,6.67460737694312],[-74.2747630570334,6.67460355018264],[-74.2747726213962,6.67459972342212],[-74.2747955778433,6.67459398105075],[-74.2747974912548,6.67459206900877],[-74.2748032287945,6.67459206722433],[-74.2748108842374,6.67459206365542],[-74.274818536087,6.67459588238595],[-74.2748261924282,6.67459779085897],[-74.2748319299679,6.67459778818232],[-74.2748510613885,6.67459204759534],[-74.2748625346713,6.67458057712793],[-74.2748759249589,6.67456719461823],[-74.2748797472904,6.67456145849203],[-74.2748874009367,6.67455954466551],[-74.2748912286581,6.67456336607296],[-74.2749084466671,6.674565270085],[-74.2749141869018,6.6745652674083],[-74.2749237521629,6.6745652638394],[-74.2749390549638,6.67455761388665],[-74.2749447951985,6.67455570006012],[-74.2749505363315,6.67455378712579],[-74.2749620141058,6.67455187062254],[-74.2749754052918,6.67454995501151],[-74.2749792321149,6.67454995322705],[-74.2749868839645,6.67454994965815],[-74.2749945394073,6.67454994698148],[-74.2750021912569,6.67455376571235],[-74.275011761908,6.67455949470079],[-74.2750328067401,6.67456330986267],[-74.2750404612847,6.67456330718598],[-74.2750481131343,6.67456521387468],[-74.2750538542672,6.67456521209023],[-74.2750615088118,6.67456520852134],[-74.2750634186301,6.67456520762909],[-74.2750710722763,6.67455947061066],[-74.2750806339442,6.67455182244227],[-74.2750863732805,6.67454799746581],[-74.2750921144135,6.67454799568135],[-74.2750997653648,6.6745479930047],[-74.2751055073961,6.67454990147791],[-74.2751227281001,6.67455180548997],[-74.2751303799497,6.67455371485542],[-74.2751380335959,6.67455371217873],[-74.2751437720339,6.67455370860983],[-74.2751495140652,6.6745575291251],[-74.275159078428,6.67455561351411],[-74.2751705597957,6.67455369879532],[-74.2751782098486,6.67455178407653],[-74.2751896867247,6.67454795642338],[-74.2751954278577,6.67454604348905],[-74.2752011689907,6.67454604170457],[-74.2752107315569,6.67454221583584],[-74.2752202959197,6.67454030022476],[-74.2752222102296,6.67454030022476],[-74.2752279513626,6.67454029665586],[-74.2752298647741,6.67454029665586],[-74.2752394300353,6.67454220334465],[-74.2752509078096,6.6745402877336],[-74.2752623891773,6.67453837301476],[-74.2752738669517,6.67453645651147],[-74.2752796071863,6.67453454357706],[-74.2752891724475,6.67453454000814],[-74.2753025636334,6.67453262261262],[-74.2753178691292,6.6745307061093],[-74.2753236102622,6.67453070343261],[-74.2753484792225,6.67452687042592],[-74.2753503926341,6.67452686953372],[-74.2753618740018,6.67453259852249],[-74.2753790947057,6.67453641368458],[-74.2753848358387,6.67453641190013],[-74.2753944010999,6.67453640743898],[-74.2754020538478,6.67453258246239],[-74.2754154441354,6.67452684365914],[-74.2754250093965,6.67452684009024],[-74.2754307514278,6.67452874856353],[-74.2754364925608,6.67453065792902],[-74.2754422301006,6.67453065614458],[-74.2754498837468,6.67452874142569],[-74.275457534698,6.67452682670681],[-74.2754690106758,6.67452108879571],[-74.2754843152733,6.67451534910007],[-74.2754900546096,6.67451343616558],[-74.2754977082559,6.67451152144664],[-74.275501532384,6.67450960940436],[-74.2755072717204,6.67450769557764],[-74.2755110976452,6.67450578353533],[-74.2755168351849,6.67450386970859],[-74.2755225754196,6.67450195677406],[-74.2755417059418,6.67449430414366],[-74.2755512676097,6.67448856712439],[-74.2755550962295,6.6744885644477],[-74.2755703999286,6.67448473679405],[-74.2755780508799,6.67448473411739],[-74.2755857072211,6.67448664169861],[-74.2755971858938,6.67448854838762],[-74.2756029279251,6.67449045686106],[-74.2756086663631,6.67449045507661],[-74.2756163209077,6.6744923626578],[-74.2756239727572,6.67449235998115],[-74.275639280948,6.67449235373555],[-74.2756469327976,6.67449235105886],[-74.2756679803247,6.6744923421366],[-74.2756737169661,6.67449233945991],[-74.2756813706123,6.67449042474088],[-74.2756928501833,6.67449042117198],[-74.275698590418,6.67448850734518],[-74.2757043261611,6.67448277300251],[-74.275711978909,6.67447894802551],[-74.2757234548868,6.67447321011385],[-74.2757311076347,6.67446938335232],[-74.2757330192496,6.67447129450251],[-74.2757387603826,6.67447320386826],[-74.2757445024139,6.67447511234177],[-74.275754067675,6.67447701992302],[-74.275759808808,6.67447701635412],[-74.2757636374277,6.67447892661205],[-74.2757751169987,6.67448083240889],[-74.2757789438219,6.67448083151664],[-74.2757846822599,6.67448082973219],[-74.2757923359061,6.67447891590535],[-74.2757980716492,6.67447700207848],[-74.2758095521185,6.67447126416681],[-74.2758152878616,6.67446744008192],[-74.2758248549194,6.67446361421259],[-74.2758363317955,6.67445787451626],[-74.2758401577203,6.67445787362403],[-74.2758478086715,6.67445595979711],[-74.2758535489062,6.67445404597017],[-74.2758592864459,6.67445213303544],[-74.2758669400921,6.67445212946654],[-74.2758765071499,6.67445594909037],[-74.2758822491812,6.67445785667172],[-74.2759032967083,6.67445975979195],[-74.2759090333497,6.674457845965],[-74.2759147726861,6.67445402188004],[-74.2759205066325,6.67444446255969],[-74.2759185941193,6.67443873089319],[-74.2759224173492,6.67443490680809],[-74.2759262423756,6.67443108361516],[-74.2759300683004,6.67442725953],[-74.2759319808137,6.67442534748738],[-74.2759338942252,6.67442343544477],[-74.2759396317649,6.67442343366031],[-74.2759472872078,6.67442343098366],[-74.2759530238492,6.67442342741472],[-74.2759568506723,6.67442342652251],[-74.2759625927036,6.67442724703881],[-74.2759683320399,6.67442915462029],[-74.275972161558,6.67443488717909],[-74.2759779035893,6.67443870680309],[-74.2759855572355,6.6744425255348],[-74.2759912983685,6.67444252375036],[-74.2759970386032,6.67444252196592],[-74.2760027761429,6.67444060813889],[-74.2760085163776,6.67443869520414],[-74.2760199923553,6.67443295639974],[-74.2760238200767,6.67443295461529],[-74.276031471028,6.67443295193863],[-74.2760410380858,6.67442912606901],[-74.2760467747272,6.6744291233923],[-74.2760582560948,6.67442529663043],[-74.2760639927362,6.67442338369563],[-74.2760716445858,6.67441764667549],[-74.2760773839222,6.67441955514921],[-74.276085039365,6.67442337477333],[-74.276096518936,6.67442719261296],[-74.2761079976087,6.67442718815182],[-74.2761137387417,6.67442718547513],[-74.2761213941846,6.67442718279846],[-74.2761233040029,6.67442718190622],[-74.2761413718182,6.67443049117641],[-74.2761474920402,6.67443354348515],[-74.2761689168597,6.67444270487245],[-74.276178094947,6.67444270041131],[-74.2761872766275,6.67444575450442],[-74.276199515275,6.67444880592086],[-74.2762086960572,6.67444880145975],[-74.2762209356029,6.67444879789081],[-74.2762362348105,6.67444879075301],[-74.2762454128978,6.67444878807632],[-74.2762607156986,6.67445795035556],[-74.2762729579393,6.67446405675715],[-74.2762882580452,6.67446405051159],[-74.2763004993876,6.67446710371236],[-74.2763096783732,6.67447015602087],[-74.2763341610579,6.67447625974567],[-74.2763463970104,6.67447625439227],[-74.2763525190291,6.67447625171562],[-74.2763708761019,6.67447318780816],[-74.2763861762078,6.67447318156257],[-74.2764014772121,6.67447928885623],[-74.2764106552993,6.67447928439508],[-74.2764412564095,6.67448538455082],[-74.27645043809,6.67448843775146],[-74.2764687987561,6.67449454236824],[-74.2764779768434,6.67449453879934],[-74.2764963357128,6.674497588431],[-74.2764993989679,6.6744975875388],[-74.2765085761569,6.67449758396987],[-74.2765269350263,6.67449757593982],[-74.2765422369289,6.67450368144871],[-74.2765636599518,6.67450978695754],[-74.2765758985992,6.67451283748133],[-74.276585081178,6.67451588978956],[-74.276606498811,6.6745158808673],[-74.2766156786949,6.67451587819061],[-74.2766401550915,6.67451281160675],[-74.2766523946372,6.6745128071456],[-74.2766615736228,6.67451585856161],[-74.2766738149652,6.67451891176207],[-74.2766860563076,6.67452196317804],[-74.2767105327041,6.67452195247134],[-74.2767227722498,6.67451889302532],[-74.2767441898828,6.67451888410303],[-74.2767533697667,6.67451582198033],[-74.2767686689743,6.67451581573473],[-74.2767870251489,6.67450969684259],[-74.2767962050328,6.67450663561204],[-74.2768115042404,6.67450662936648],[-74.2768206814293,6.67450356992036],[-74.2768298613132,6.67450356545921],[-74.2768451614191,6.67450356010586],[-74.2768512798445,6.67450661241415],[-74.2768635229835,6.67451272149183],[-74.276875758936,6.67451271703068],[-74.276888002075,6.6745188261083],[-74.2769033021809,6.67451881986271],[-74.2769124838614,6.67452187038648],[-74.2769216637453,6.67452798035618],[-74.2769369656479,6.67453408675691],[-74.276946149125,6.67454019672646],[-74.2769614501293,6.67454630134258],[-74.276973689675,6.67455241041977],[-74.276985932814,6.67455851771243],[-74.2769951126979,6.67455851414351],[-74.2770165312292,6.67455850522125],[-74.2770257120114,6.67455850165235],[-74.2770410076258,6.67455849451451],[-74.2770532489681,6.67456154860694],[-74.2770654903105,6.67456154414579],[-74.2770777271613,6.67455542436201],[-74.2770899658087,6.67456153343909],[-74.2770991483876,6.67456152987019],[-74.2771083291698,6.67456458217812],[-74.277117507257,6.67456457771697],[-74.2771266880392,6.67456457414807],[-74.2771389266867,6.67456762556377],[-74.2771542285892,6.67457678784077],[-74.2771817709359,6.67458289067199],[-74.2771848296994,6.67458288977974],[-74.2772001351952,6.67459510882536],[-74.2772123756393,6.67459815845641],[-74.2772276793384,6.67460732251731],[-74.2772399197825,6.67461037304048],[-74.2772521602266,6.67461648211688],[-74.2772644006706,6.67461953264001],[-74.2772797007765,6.67462258405536],[-74.2772888797621,6.67462563636294],[-74.2772980614426,6.67462563279403],[-74.2773133624469,6.6746286824249],[-74.2773225423308,6.67462867885596],[-74.2773409020985,6.6746317275946],[-74.277353138051,6.67462866547257],[-74.2773592582731,6.67462255193521],[-74.2773623143416,6.67461643661332],[-74.2773745529891,6.67461337716787],[-74.2773837310763,6.67461337270676],[-74.2774020908441,6.67461947821418],[-74.277409113873,6.67462028835606],[-74.2774259366233,6.67462268309254],[-74.2774355485969,6.67462507872125],[-74.2774499710488,6.67463227452954],[-74.2774571854188,6.67463947301443],[-74.2774643952973,6.67464427140946],[-74.2774764147558,6.6746490671278],[-74.2774908336144,6.67465146275637],[-74.2775004473846,6.67465385838494],[-74.2775100575615,6.67465385481604],[-74.2775220734267,6.67465384946265],[-74.2775364931836,6.674656244199],[-74.2775485108455,6.67465623884562],[-74.2775605258124,6.67465623349227],[-74.2775701368877,6.67465622992336],[-74.2775773476645,6.67465622635447],[-74.2775941713131,6.67465622010888],[-74.27760618628,6.67465621564773],[-74.2776157982536,6.67465861306072],[-74.2776278141188,6.67466100779705],[-74.2776350248956,6.67466100512035],[-74.2776422338758,6.67466340164108],[-74.2776542533342,6.67466579637738],[-74.2776686712946,6.67466579102403],[-74.2776782841664,6.67466818843698],[-74.27768789614,6.67467058495767],[-74.2776975108084,6.67467058049653],[-74.277707122782,6.67467297701725],[-74.2777191377489,6.67467297166389],[-74.2777215416406,6.67467297077164],[-74.2777287533157,6.67467536996901],[-74.2777383643909,6.67467536550786],[-74.2777503802562,6.67467536104676],[-74.2777623961214,6.67467775578296],[-74.2777744110883,6.67467775042961],[-74.2777864296485,6.67468014695026],[-74.2777936377304,6.67468014338135],[-74.2778008494055,6.67468254168647],[-74.2778104622773,6.67468493909933],[-74.2778152700607,6.67468733651219],[-74.2778224772443,6.6746873338355],[-74.2778344922112,6.67468732848214],[-74.2778392999946,6.6746873266977],[-74.2778513158598,6.67468972143385],[-74.2778585266366,6.67468971875715],[-74.2778633308267,6.67468971697271],[-74.2778777496854,6.67468971072714],[-74.2778849613605,6.67468970805045],[-74.2778921703406,6.67469210635552],[-74.2779017841108,6.67469210278659],[-74.2779113960843,6.67469449841496],[-74.2779210107528,6.67469449484606],[-74.2779258158413,6.6746968931511],[-74.2779354296114,6.67469448860046],[-74.277942636795,6.67469448681601],[-74.2779474445784,6.67469448503156],[-74.2779546517619,6.67469448146266],[-74.2779666667288,6.67469447700152],[-74.2779714754105,6.67469447521707],[-74.2779762822956,6.67469447254038],[-74.2779858942692,6.67469446897148],[-74.2779931041476,6.67469446540258],[-74.2780027152229,6.67469446183368],[-74.278009926898,6.67469685835424],[-74.2780195388715,6.67469685478534],[-74.278029150845,6.67469925309037],[-74.278041165812,6.67469924773699],[-74.2780507831754,6.67470404345478],[-74.2780603942506,6.67470403988589],[-74.2780676050274,6.67470643908309],[-74.2780772178993,6.67470883471139],[-74.2780868298728,6.67471122944744],[-74.2780940424462,6.67471362686016],[-74.2781036553181,6.67471602516511],[-74.2781060583115,6.67471602338065],[-74.2781156720816,6.6747208199905],[-74.2781276906418,6.67472321651093],[-74.278134899622,6.67472561392363],[-74.2781493211755,6.67473280883821],[-74.2781589331491,6.67473520535862],[-74.2781661448242,6.67473760277123],[-74.2781733538043,6.67474000196826],[-74.2781829693711,6.67473999750713],[-74.2781997921215,6.67474239045857],[-74.2782070002033,6.67474238778192],[-74.2782166139735,6.674742384213],[-74.2782190151702,6.67474238242856],[-74.2782286289404,6.67474237885962],[-74.2782358370222,6.67474477537999],[-74.2782526606709,6.67474717100809],[-74.2782766924014,6.6747495603906],[-74.2782887109615,6.67474955592946],[-74.2782983220368,6.67474955146833],[-74.2783103370037,6.67474954700721],[-74.2783199507739,6.67474954254607],[-74.2783295627474,6.67475193906636],[-74.2783391747209,6.67475193460526],[-74.2783487893894,6.67475193103635],[-74.2783632082481,6.67475192479076],[-74.2783728202216,6.67475192211407],[-74.2783848351885,6.67475191676073],[-74.2783920459653,6.67475191408404],[-74.2784016570405,6.67475190962289],[-74.2784136720074,6.67475190516179],[-74.2784280899678,6.6747518989162],[-74.2784353007445,6.6747518953473],[-74.2784449118198,6.6747518917784],[-74.2784497231964,6.67475909204597],[-74.2784569312783,6.67475908847703],[-74.2784641429534,6.67476148588952],[-74.2784761588186,6.67476388151756],[-74.2784881737855,6.67476387705645],[-74.2784977875557,6.67476387348751],[-74.2785073986309,6.67476386991861],[-74.2785218192862,6.67476626376217],[-74.2785338342531,6.67476625840883],[-74.2785482531118,6.67476625305547],[-74.2785578659836,6.67477104966482],[-74.2785674824487,6.67477344618501],[-74.2785746896323,6.67477344261611],[-74.2785819022057,6.67477824011763],[-74.2786011279494,6.67477823208759],[-74.2786083360312,6.67477822851869],[-74.2786179471064,6.67477822494976],[-74.2786251578832,6.6747782231653],[-74.2786371728501,6.67477821781196],[-74.2786467839254,6.67477821335082],[-74.2786564003905,6.67478061076321],[-74.2786708192491,6.6747830046067],[-74.2786852390061,6.67478539934241],[-74.2786924470879,6.67478539666572],[-74.278699658763,6.67478779497028],[-74.2787092698382,6.67478779050918],[-74.2787188863034,6.67479018792152],[-74.2787260943852,6.67479018435262],[-74.2787357045621,6.6747901807837],[-74.278747722224,6.6747877753413],[-74.278762139286,6.6747853690067],[-74.2787765572463,6.67478296177983],[-74.2787837644298,6.6747805590141],[-74.2788029883769,6.67477574991367],[-74.2788125985538,6.67477574545252],[-74.2788222141206,6.67477574188362],[-74.2788318260941,6.67477573742249],[-74.2788414371693,6.67477573385359],[-74.278843841061,6.67477573296138],[-74.2788534557295,6.6747781285893],[-74.2788630668048,6.6747781250204],[-74.2788702757849,6.67478052421725],[-74.2788798913517,6.67478291984517],[-74.278891907217,6.67478531547309],[-74.2789015200888,6.67478771288546],[-74.2789087308656,6.6747877102088],[-74.2789183428391,6.67479010672891],[-74.2789255554126,6.67479250414125],[-74.2789423799595,6.67479969816263],[-74.2789543958247,6.67480209289827],[-74.2789640077983,6.67480449120276],[-74.2789760236635,6.67480688593835],[-74.2789880404271,6.67480928067393],[-74.2789952521022,6.67480927799723],[-74.2790024592857,6.67480927442833],[-74.2790072670691,6.67480927264389],[-74.2790120739542,6.67480927085945],[-74.2790264928128,6.67481166648724],[-74.279036103888,6.67481166291833],[-74.279050523645,6.67481405676166],[-74.2790553314284,6.67481405497722],[-74.2790625386119,6.67481405140828],[-74.2790708183839,6.67481840011957],[-74.2790842886216,6.67482377667549],[-74.2791004493135,6.6748237695377],[-74.2791112183172,6.67482107590636],[-74.279121990914,6.67482107055302],[-74.2791435370061,6.67481837067609],[-74.2791596967998,6.67481836353826],[-74.2791704711933,6.67482105181626],[-74.2791893250345,6.67482373384864],[-74.2791974035838,6.67482642034215],[-74.2792081788756,6.67482910683565],[-74.2792324190153,6.67483447714591],[-74.2792405011579,6.67483447357701],[-74.2792485797072,6.67483447000808],[-74.2792620481483,6.67483446465472],[-74.2792674362434,6.67483715293263],[-74.2792809010912,6.67483714668704],[-74.2792970617831,6.67483983050378],[-74.2793132197802,6.67484251342832],[-74.2793186069769,6.67484251164386],[-74.2793293813704,6.67484519813727],[-74.2793401566622,6.67485057290846],[-74.2793482397032,6.67485326118628],[-74.2793617063476,6.67485594589519],[-74.2793697839986,6.67485594143404],[-74.2793778661413,6.67485593875738],[-74.2793886387381,6.67485593518845],[-74.2793940232399,6.67485593251179],[-74.2794047958368,6.67485592805066],[-74.2794155702304,6.67485592358951],[-74.2794290386714,6.67485860740619],[-74.2794425053158,6.67485860294506],[-74.2794532779127,6.6748585975917],[-74.2794694377064,6.67485859134612],[-74.279480209405,6.67486127783943],[-74.2794990641444,6.67486126980939],[-74.2795152239381,6.67485857260935],[-74.2795233015891,6.67485856993268],[-74.2795340750843,6.67485856457931],[-74.279550234878,6.67485855922595],[-74.2795583143256,6.67485855476481],[-74.279566392875,6.67486124215038],[-74.2795771672685,6.67486392775145],[-74.2795852494111,6.67486392507475],[-74.2796041005573,6.67486391704471],[-74.2796121791067,6.67486391347581],[-74.2796202612493,6.67486390990691],[-74.2796337269954,6.67486390455357],[-74.2796471909449,6.67486389920021],[-74.27965257904,6.67486658658571],[-74.2796633534335,6.67486658301681],[-74.2796714355761,6.67486926861785],[-74.2796849013222,6.67486926415672],[-74.2796929798716,6.67486926058781],[-74.2797037533668,6.67486925612667],[-74.2797226090046,6.67487193905104],[-74.2797333807031,6.67487462375984],[-74.2797414628458,6.67487731114528],[-74.2797495431918,6.6748799976385],[-74.2797657038837,6.67488268056277],[-74.2797737833314,6.67488267788612],[-74.2797845559283,6.67488267342497],[-74.2798087951696,6.67488266361048],[-74.2798168764139,6.67488266004158],[-74.27983034216,6.67488534653477],[-74.279843810601,6.67488803035126],[-74.2798545822996,6.67488802678236],[-74.2798572772455,6.67488802589012],[-74.2798626644422,6.67488802410567],[-74.2798680498423,6.67488802053677],[-74.2798788251342,6.67489070702993],[-74.2798895950361,6.67489070256879],[-74.2798976771787,6.67489069899988],[-74.2799084497756,6.67489069453876],[-74.2799165274266,6.67488800180001],[-74.2799246086709,6.67488799733889],[-74.2799326881186,6.6748879946622],[-74.2799434607155,6.67488799020106],[-74.2799515392648,6.67488798663216],[-74.2799650077059,6.67488798217103],[-74.2799730853569,6.67488528764785],[-74.2799892451506,6.67488528140226],[-74.2799973228016,6.67488258598682],[-74.2800080962968,6.67488258152568],[-74.2800134843919,6.67488527158776],[-74.2800215629412,6.67488795808095],[-74.2800296450839,6.67488795451201],[-74.28004311083,6.67489064011297],[-74.2800592706236,6.67489063297513],[-74.2800727381663,6.67489331768383],[-74.280080820309,6.67489331411493],[-74.2800862057091,6.67489331143824],[-74.2800942842584,6.67489330876158],[-74.2801023619095,6.67489330519264],[-74.2801077500045,6.67489330251599],[-74.2801158321471,6.6748932998393],[-74.2801319901442,6.67489060263946],[-74.2801427600461,6.6748879090085],[-74.2801481463446,6.67488790543957],[-74.2801589198398,6.67488790187067],[-74.2801643070365,6.67489059014827],[-74.2801750796334,6.67489058479493],[-74.2801831590811,6.67489058211824],[-74.280191242122,6.67489326861138],[-74.2802047078681,6.67489595421228],[-74.2802154813633,6.67489594885892],[-74.2802208676618,6.67489594707448],[-74.2802316429536,6.67489863267535],[-74.2802424164488,6.67489862821421],[-74.2802504940998,6.67489862464531],[-74.280253189944,6.6748986237531],[-74.2802612693917,6.6748986201842],[-74.2802693470427,6.67489861661528],[-74.2802801196396,6.67489861304638],[-74.2802882017822,6.67489860858523],[-74.2802989752774,6.67489860501634],[-74.2803232136204,6.67489859520185],[-74.280339373414,6.67489858806405],[-74.2803501442143,6.67489858360291],[-74.2803555296144,6.67489858181846],[-74.280363611757,6.67489857735732],[-74.2803716903064,6.67489857468067],[-74.2803797733473,6.67489857200398],[-74.2803878509984,6.67489856754283],[-74.2803932381951,6.67489856575839],[-74.2804013167444,6.67490125314373],[-74.2804120920363,6.67490393874457],[-74.2804201741789,6.67490393517567],[-74.2804282518299,6.67490393160678],[-74.2804363303793,6.67490392893008],[-74.2804497970237,6.67490123262251],[-74.280457875573,6.67490122994582],[-74.2804713404208,6.67489853363826],[-74.2804794207668,6.67489853096157],[-74.2804901951604,6.67489852560822],[-74.2804982737097,6.67489852293153],[-74.2805090472049,6.67489851757819],[-74.2805225120527,6.67489851311704],[-74.2805386718463,6.67489850597925],[-74.2805521375925,6.67490119068786],[-74.2805548343349,6.67490387985764],[-74.2805709968235,6.67490925284374],[-74.2805790762712,6.67491193933678],[-74.2805898506647,6.67491462582981],[-74.2806006250582,6.67491731143058],[-74.2806087036076,6.67491730875393],[-74.2806194771028,6.67491730518503],[-74.2806302496997,6.67491729983165],[-74.2806410249915,6.67491729537051],[-74.2806491026425,6.67491729180161],[-74.2806571838868,6.67491728912495],[-74.2806760350331,6.67491459014076],[-74.2807002733761,6.67491457943407],[-74.280708356417,6.67491726771153],[-74.2807110468713,6.67491457586517],[-74.2807218212648,6.67491457051179],[-74.2807298980175,6.67491187777321],[-74.2807379792618,6.67491187509651],[-74.2807514441096,6.67490917878898],[-74.2807541363605,6.67490379777285],[-74.2807541318689,6.67489572669459],[-74.2807541300723,6.67489034657052],[-74.2807595118792,6.67488496466193],[-74.2807729794219,6.6748822665698],[-74.2807810570729,6.67488226389314],[-74.2807864442697,6.67487957115435],[-74.2807972168666,6.6748795666932],[-74.2808079840736,6.67486611192135],[-74.2808106763245,6.67486611102911],[-74.2808160653179,6.67487148847677],[-74.2808187620603,6.67487686770884],[-74.2808214561079,6.67488224694082],[-74.2808268477962,6.6748930071891],[-74.2808322367896,6.67489838463648],[-74.2808322403829,6.67490645571466],[-74.2808430138781,6.67490914042327],[-74.2808537891699,6.67491182691631],[-74.2808618704142,6.67491720436347],[-74.2808699507602,6.67491720079456],[-74.2808834174046,6.67491988550308],[-74.280888803703,6.67491988371863],[-74.2808941900015,6.67491988193418],[-74.2808995762999,6.67491718919562],[-74.2809076530527,6.67491180461065],[-74.2809130357578,6.67490373174808],[-74.2809184202597,6.67489834983964],[-74.2809238056598,6.67489565710098],[-74.2809345755617,6.6748875824537],[-74.2809426541111,6.67488488882271],[-74.2809453481586,6.67488219608393],[-74.2809588112098,6.67487949977624],[-74.28096958201,6.67487411608309],[-74.2809776605594,6.67487411162195],[-74.2809884331563,6.67487141799089],[-74.2810019015973,6.6748714117453],[-74.2810099801467,6.67487140906865],[-74.281018058696,6.67487140549975],[-74.2810234431978,6.67486602269871],[-74.2810342157947,6.67486601912981],[-74.2810449901882,6.67486601377647],[-74.2810530687376,6.67486601109978],[-74.2810611499819,6.67486600753088],[-74.2810638422328,6.67486600574642],[-74.2810746148297,6.67486600217753],[-74.2810880805758,6.67486599593194],[-74.2811123207154,6.67486329605525],[-74.2811284787124,6.67486597987186],[-74.2811473352486,6.674868661904],[-74.2811688804423,6.67487134304388],[-74.281185040236,6.67487133679833],[-74.281193120582,6.67487133233718],[-74.2812038949755,6.67487132876828],[-74.2812173598233,6.6748713225227],[-74.2812362118678,6.67487131449265],[-74.2812523716615,6.67487130913931],[-74.2812604520074,6.67487399563257],[-74.2812739213468,6.67487667944911],[-74.281284694842,6.67487667588021],[-74.2812981596898,6.67487666963462],[-74.2813143203818,6.67487666249679],[-74.281325093877,6.67487665892789],[-74.2813439450232,6.67487665089785],[-74.2813547194167,6.67487933649883],[-74.2813735750546,6.67488740043955],[-74.281387041699,6.67489008604047],[-74.2813924262008,6.67488470234743],[-74.2814005083434,6.67488469967075],[-74.281403199696,6.67488738884061],[-74.2814085922826,6.67490083647409],[-74.2814139830727,6.6749115958297],[-74.2814193729644,6.67491966512325],[-74.2814301491545,6.67492234983174],[-74.281443613104,6.6749223444784],[-74.2814597728976,6.6749223373406],[-74.2814651600944,6.67492233555615],[-74.281481322583,6.67492770854205],[-74.2814894020307,6.67493039592723],[-74.2815028686751,6.67493308063568],[-74.2815082558718,6.67493576891304],[-74.281510951716,6.67493845808262],[-74.2815244210554,6.67494652202233],[-74.2815325040963,6.67495190036134],[-74.2815405826456,6.67495189768465],[-74.2815540501884,6.67495727156246],[-74.2815621332293,6.67495995894746],[-74.2815755980771,6.67495995359412],[-74.2815809870705,6.67496264097911],[-74.2815836766265,6.67495995002522],[-74.2815890638232,6.67495994734852],[-74.2815917587691,6.67495994645632],[-74.2815971468642,6.67496532479518],[-74.281610611712,6.67496531854959],[-74.2816133075561,6.67496800771898],[-74.2816186947529,6.67496800593453],[-74.2816240810513,6.6749733833811],[-74.2816402417433,6.6749760671971],[-74.2816510161368,6.67497875279754],[-74.2816617923269,6.67498144107465],[-74.281667180422,6.67498681852104],[-74.2816752598697,6.67498950501365],[-74.2816806497614,6.67499757252143],[-74.2816860405514,6.67500833187495],[-74.2816914313414,6.67501640116685],[-74.2817102860809,6.67502446242863],[-74.2817183691218,6.67502714981324],[-74.2817318375629,6.67503521464374],[-74.2817399197055,6.67503521107482],[-74.2817453042073,6.67503789845941],[-74.2817533845533,6.67503789578272],[-74.2817587726484,6.6750405840595],[-74.2817668529944,6.67504327055182],[-74.2817749360353,6.67504595704414],[-74.2817830136863,6.6750459534752],[-74.2817910922357,6.67504595079854],[-74.2817964803308,6.67504863996749],[-74.281804561575,6.6750486363986],[-74.2818153368669,6.67505132289088],[-74.2818341889114,6.675054004922],[-74.2818368820606,6.67505400402976],[-74.2818476546575,6.67505399867642],[-74.2818557368001,6.67505399599975],[-74.2818611230986,6.67505399421527],[-74.281866509397,6.67505130147745],[-74.2818745870481,6.67505129790855],[-74.2818880509976,6.67504860160179],[-74.2818907459434,6.67504860070955],[-74.2818988253911,6.67504859803289],[-74.2819122893406,6.67504589994167],[-74.281917672944,6.6750405180348],[-74.2819338327377,6.67504051089696],[-74.2819419148803,6.67504050822031],[-74.2819553806264,6.67504050197472],[-74.2819607669249,6.67504050019027],[-74.2819661541216,6.67504049751358],[-74.28197154042,6.67504049572914],[-74.2819742317727,6.67504049483689],[-74.2819823139153,6.67504049037578],[-74.2819877002137,6.67504048859134],[-74.281990390668,6.67503779763786],[-74.2819981853497,6.67503890845915],[-74.2820114732294,6.67504155747799],[-74.282016783171,6.67504155569355],[-74.2820247530242,6.67503624338026],[-74.2820327210808,6.67503358722357],[-74.2820406918323,6.67502827580244],[-74.2820513144105,6.67502296438122],[-74.2820566261488,6.67501765474439],[-74.2820645977987,6.67501765117546],[-74.2820752239702,6.67501233886192],[-74.2820805357084,6.67500702922497],[-74.2820911582867,6.67500437039146],[-74.2820991299365,6.67500171334238],[-74.2821124106297,6.67499640102866],[-74.2821230376995,6.67499374219508],[-74.282133663871,6.67499108336151],[-74.2821469463607,6.6749884245279],[-74.2821549153156,6.67498576658653],[-74.2821655405888,6.67498310953736],[-74.2821708523271,6.67497779990009],[-74.2821788230786,6.67497514195866],[-74.2821947609884,6.67497248134054],[-74.2822027326382,6.67496982518352],[-74.2822133543181,6.67496451197721],[-74.2822213250696,6.67496185582013],[-74.2822292931262,6.67495654439819],[-74.2822346048645,6.67495123476067],[-74.2822478819644,6.67493796022042],[-74.2822558491226,6.67492468657206],[-74.2822664708026,6.67491141381558],[-74.2822717816425,6.67490344980462],[-74.2822824024241,6.67489283052831],[-74.2822903722773,6.67488751910562],[-74.2822983412322,6.67488751553672],[-74.2823169363586,6.67488220054507],[-74.2823355341799,6.67487688466113],[-74.2823408468165,6.6748742293958],[-74.2823567829296,6.67486891440402],[-74.2823700681144,6.67486625556975],[-74.2823833497059,6.67486359584327],[-74.282396633094,6.67486359048992],[-74.2824072610621,6.67486358602879],[-74.2824364841566,6.67486092005668],[-74.282452423863,6.67485560595697],[-74.2824603919196,6.67485294890708],[-74.2824710171928,6.67484763659174],[-74.282473676206,6.67484763569951],[-74.2824869577975,6.67484497597292],[-74.2825002411856,6.67484497061958],[-74.2825082128354,6.67484496794287],[-74.282516180892,6.67484231000073],[-74.2825268088601,6.67484230553959],[-74.2825400913499,6.67483964581294],[-74.2825533729414,6.67483698697855],[-74.2825613463878,6.67483698340962],[-74.2825772833993,6.67483432279074],[-74.2825905667874,6.67483166395632],[-74.2826038501755,6.67482900512185],[-74.2826118182321,6.67482634807183],[-74.2826224444036,6.67482368834509],[-74.2826304151551,6.67482103218727],[-74.2826383850083,6.67482102861837],[-74.2826516665998,6.67481836889165],[-74.2826676090011,6.67481836264605],[-74.2826782360709,6.67481835818491],[-74.282688864039,6.67481835372377],[-74.2826968329939,6.6748183510471],[-74.2827074609621,6.67481834569374],[-74.2827207425535,6.67481568685919],[-74.2827340286366,6.67481568061364],[-74.2827526228646,6.67480771213998],[-74.2827685643677,6.67480770589438],[-74.2827924721307,6.6747997338517],[-74.2827951266523,6.67479973295949],[-74.2828137208804,6.67479441707465],[-74.2828216934285,6.67479176002444],[-74.2828296623834,6.67479175645554],[-74.28283497502,6.67478910118975],[-74.2828429430766,6.6747864441395],[-74.2828535683498,6.67478113182345],[-74.282858882783,6.674781130039],[-74.2828801378209,6.67478112111672],[-74.2828854477626,6.67477050273],[-74.2828907603992,6.67476784657189],[-74.2828987275574,6.67476518952154],[-74.2829066974106,6.67476518684487],[-74.2829199861886,6.67477048756216],[-74.2829279551435,6.67477048488547],[-74.2829412376333,6.67477047953213],[-74.2829624917729,6.67476781712843],[-74.2829731188427,6.67476515918585],[-74.2829864013325,6.67476249945878],[-74.2829943738807,6.67476249588988],[-74.2830049973572,6.67475983794729],[-74.2830156199354,6.67474921777561],[-74.2830262452086,6.67474125197757],[-74.2830421840167,6.67473593787658],[-74.2830501520733,6.67473328082605],[-74.283060781838,6.67473858422036],[-74.2830687507929,6.67473858065146],[-74.2830793805577,6.67474388315349],[-74.2830873549025,6.67474653395837],[-74.2831006391889,6.67474918208658],[-74.2831112662587,6.67474917762545],[-74.2831218933285,6.67474651968274],[-74.2831325203983,6.67474386084784],[-74.2831458019898,6.67474120290511],[-74.283159082683,6.67473588880412],[-74.2831723633761,6.67473057559528],[-74.2831856476625,6.67472526149414],[-74.2831936148208,6.67472260444355],[-74.2832068964123,6.67471729301901],[-74.2832122081505,6.67471198337886],[-74.2832201780037,6.67470667284646],[-74.2832281469586,6.67470667016977],[-74.2832361132185,6.67469870437102],[-74.2832440848684,6.67469604642807],[-74.2832547110399,6.67469338937733],[-74.2832653372114,6.67468807706026],[-74.283275957993,6.67468276474311],[-74.2832865850628,6.67467745242594],[-74.2832998648576,6.67467214010867],[-74.2833078383041,6.67467213653977],[-74.2833184635773,6.67466947859667],[-74.2833237771122,6.67466682154578],[-74.2833397159203,6.6746668161924],[-74.2833583146399,6.67466680816239],[-74.2833662853914,6.67466680459345],[-74.2833769133596,6.67466680013234],[-74.2833955093842,6.67466413772808],[-74.2834034747459,6.67465882719513],[-74.283411447294,6.67465882362622],[-74.2834300433187,6.67465616211412],[-74.2834380095787,6.67464819809902],[-74.2834539483867,6.67464288310477],[-74.28345926282,6.67464288042811],[-74.2834698907881,6.6746455303413],[-74.2834884913044,6.67465083016768],[-74.2834991183742,6.67465082481432],[-74.2835177152972,6.67465081767648],[-74.283528342367,6.67464815973328],[-74.2835389676402,6.67464550179007],[-74.28354959471,6.67464284295458],[-74.2835575627666,6.67464018590354],[-74.2835681898364,6.67463752796029],[-74.2835761569946,6.67463487001698],[-74.2835841286445,6.6746322129659],[-74.2836000656559,6.67462955234589],[-74.2836106936241,6.67462954788478],[-74.2836239779105,6.67462423556699],[-74.2836292887504,6.67462423289033],[-74.2836372621969,6.67462688369586],[-74.2836691443046,6.67462952379466],[-74.2836797722728,6.67463217281571],[-74.2836957155724,6.67463747353444],[-74.2837116570755,6.67463746818108],[-74.2837249395652,6.67463746193549],[-74.2837329094184,6.67463480488442],[-74.2837461937049,6.67463214515667],[-74.2837568189781,6.67462683373115],[-74.2837701005695,6.67462417400337],[-74.2837780704227,6.67462151695223],[-74.2837913529125,6.67461620374215],[-74.2838046354023,6.67461354401427],[-74.2838126043572,6.67461354044537],[-74.2838311985853,6.6746082245585],[-74.2838365130185,6.67460822277406],[-74.2838444846683,6.67460556661507],[-74.2838524518266,6.67460290867162],[-74.2838604216798,6.67460290599493],[-74.2838763622845,6.67460024448256],[-74.2838869893543,6.67459758653905],[-74.2839029290607,6.67459492591886],[-74.2839215250854,6.67459226440645],[-74.2839401211101,6.67458960289399],[-74.2839507481799,6.67458959754064],[-74.283961376148,6.67458959397175],[-74.2839693460012,6.67458959040284],[-74.2839906010392,6.67458958148055],[-74.2840012272107,6.67458692264478],[-74.2840118551788,6.67458691907587],[-74.2840145105988,6.67458957166606],[-74.2840463927065,6.67458425042558],[-74.2840623306163,6.67458424507223],[-74.2840729567878,6.67458158534418],[-74.2840809257427,6.67457362043566],[-74.284091545626,6.67456034766966],[-74.2841048272174,6.67454972660145],[-74.2841127961723,6.67454972303255],[-74.2841207687205,6.67454971946362],[-74.2841313939936,6.6745497150025],[-74.2841420210635,6.67454971054136],[-74.2841526481333,6.6745470525976],[-74.2841632761014,6.67454970161908],[-74.2841765603878,6.67455234974835],[-74.284184532936,6.67455234707166],[-74.2841898437759,6.67455499876983],[-74.284197819019,6.67455764868349],[-74.2842084460888,6.67455764511459],[-74.2842164141454,6.67455498806309],[-74.2842217258837,6.67454967752897],[-74.2842323502585,6.67454171083544],[-74.2842403156202,6.67453374681847],[-74.2842456273584,6.67452843717633],[-74.2842509417917,6.67452843449967],[-74.2842615688615,6.67452843003852],[-74.2842695414096,6.67453373521952],[-74.2842775130594,6.67453373075838],[-74.2842934500709,6.67453107103009],[-74.2843040771407,6.67452841219398],[-74.2843067325607,6.6745231025518],[-74.2843226722671,6.67452309719844],[-74.2843306430186,6.6745204383623],[-74.2843386092785,6.67451512872002],[-74.2843651751565,6.67450715578036],[-74.2843731450096,6.67450715310366],[-74.2843837711811,6.6745044933752],[-74.2844076807407,6.67450183007784],[-74.2844236204472,6.67449651686647],[-74.284434244822,6.67448855017206],[-74.2844422128786,6.67448589312019],[-74.2844422119803,6.67448323874499],[-74.2844422092853,6.67447527740376],[-74.2844422047937,6.67446731606236],[-74.2844342313473,6.67445670391444],[-74.2844262561042,6.67444874614168],[-74.2844262534093,6.67444343739085],[-74.284423594396,6.67443282345792],[-74.2844209281962,6.67441424818254],[-74.2844129556481,6.67440894389249],[-74.2844102984315,6.67440363781791],[-74.2844102957365,6.67439832995881],[-74.2844156065765,6.6743903659395],[-74.2844156056782,6.67438771245604],[-74.2844209138232,6.67438240281232],[-74.2844288836764,6.67437709049184],[-74.2844341972113,6.6743744352238],[-74.2844421652679,6.67437177817135],[-74.2844474779045,6.67437177549466],[-74.2844554468594,6.67436911754993],[-74.2844634176109,6.67436646049742],[-74.2844767001007,6.67436380166041],[-74.2844979542403,6.67435848577085],[-74.2844952970237,6.67436379452261],[-74.2845006105586,6.67436379184592],[-74.2845085822084,6.67436113479337],[-74.2845165511633,6.6743611321167],[-74.2845271782331,6.67435847238744],[-74.284535147188,6.67435846971075],[-74.2845431197361,6.67436112051773],[-74.2845564031242,6.67436111516437],[-74.2845643738757,6.67436376597132],[-74.2845696919022,6.67437172374547],[-74.2845696928005,6.67437437812131],[-74.2845643819606,6.67438234214087],[-74.2845590711206,6.67439030437582],[-74.2845590738156,6.67439826661067],[-74.2845617346255,6.67440357357756],[-74.2845697089702,6.67441418572665],[-74.2845750260984,6.6744221443922],[-74.2845803432266,6.67442745046656],[-74.2845856576598,6.67443275564869],[-74.2845909738896,6.67443540645526],[-74.2845989419462,6.67443540377856],[-74.284606916291,6.67443805458512],[-74.2846148870425,6.67444335887488],[-74.2846276278482,6.67444493276335],[-74.2846323053759,6.67444960267962],[-74.2846323080708,6.67445660933837],[-74.2846369891918,6.67446361599704],[-74.2846463433488,6.67446594649394],[-74.2846510208765,6.6744659447095],[-74.2846556984042,6.67446127211672],[-74.2846603714403,6.67445659773942],[-74.2846627088567,6.67445192514655],[-74.2846697202074,6.67444024321804],[-74.2846743914469,6.67443089713971],[-74.2846767306599,6.67442855950483],[-74.2846814027977,6.67442155016896],[-74.2846884159451,6.67441687579131],[-74.2846930952694,6.67441687489907],[-74.2847024458332,6.67441453369522],[-74.2847211550457,6.67440985396412],[-74.2847445390908,6.67440984414961],[-74.2847515540349,6.67440984058071],[-74.284772601562,6.67441216840119],[-74.2847819593123,6.67442150734206],[-74.2847866413316,6.67443084985167],[-74.2847913233508,6.67444019146889],[-74.2847913278424,6.67445187072071],[-74.2847983490746,6.67446588314582],[-74.2848147181758,6.67446587600801],[-74.2848310872769,6.67446586887018],[-74.284840438739,6.67446352945102],[-74.284854474017,6.67447286839092],[-74.2848638326656,6.67447753473799],[-74.2848708476097,6.67447753206133],[-74.2848965708678,6.67447985809703],[-74.2849012492938,6.67447985542033],[-74.2849082651362,6.67447985274367],[-74.2849176157,6.6744751765821],[-74.2849269716537,6.6744751730132],[-74.2849409988468,6.67447049506712],[-74.2849503539022,6.67446815564799],[-74.2849597062626,6.67446581444435],[-74.2849667212067,6.67446581176768],[-74.2849830876128,6.67446113471373],[-74.2849924435665,6.67446113114483],[-74.2849994594089,6.67445879083339],[-74.2850064752513,6.67445878815674],[-74.2850134901953,6.6744587845878],[-74.2850228416574,6.67445411110275],[-74.2850509014336,6.67444708838384],[-74.2850555735714,6.67444241668309],[-74.2850672642465,6.67443306792815],[-74.2850719399776,6.67442839265837],[-74.2850766112171,6.67441904836426],[-74.2850789504301,6.674414375771],[-74.2850836216695,6.67440736554273],[-74.2850859599842,6.67440269294939],[-74.285095313243,6.67440035352994],[-74.2851023272887,6.67439801500265],[-74.2851070048164,6.67439567647537],[-74.2851186945932,6.67439567201424],[-74.2851280496485,6.6743933317025],[-74.2851467552677,6.67438865197119],[-74.2851514336937,6.67439098603735],[-74.2851537747033,6.67440032854754],[-74.2851561166113,6.67440967105756],[-74.2851574137785,6.6744148424058],[-74.2852099822907,6.67439546501753],[-74.2852145726818,6.67438628756927],[-74.2852262597636,6.67437927555614],[-74.285230936393,6.67437460207028],[-74.2852332720127,6.67437226265069],[-74.2852426243732,6.67436758916477],[-74.2852566533629,6.67436291121767],[-74.2852660066217,6.67435823505501],[-74.2852753598804,6.67435589474309],[-74.2852823739262,6.67435355621562],[-74.2852964020176,6.67434654152531],[-74.285305754378,6.67434420299779],[-74.2853104319057,6.6743418653625],[-74.2853244608955,6.67433718741515],[-74.2853314758396,6.67433484799537],[-74.2853384907836,6.67433484442647],[-74.2853501796621,6.67433017004796],[-74.2853665505598,6.67432782438255],[-74.2853712253926,6.67432548853159],[-74.2853805786513,6.67432081147633],[-74.2853922684281,6.67431613442104],[-74.2853992833722,6.67431379678561],[-74.2854211528578,6.67431762711726],[-74.2854359795515,6.67431216044077],[-74.2854398611719,6.67430828282103],[-74.2854492117357,6.67430360665785],[-74.2854585649944,6.67429659464353],[-74.2854749314006,6.67428958084466],[-74.2854819472429,6.67428957816796],[-74.2855006501672,6.6742825616923],[-74.2855076633146,6.67427788642111],[-74.2855146782586,6.67427554878547],[-74.2855216932027,6.67427320847315],[-74.2855310491564,6.67427320490425],[-74.285536145299,6.67427524007481],[-74.2856486296439,6.67423377648407],[-74.2856596483792,6.67422643345239],[-74.2856643214153,6.67422175996508],[-74.2856713345627,6.67421942054472],[-74.2856830261361,6.67421240674475],[-74.2856900410802,6.67421006910882],[-74.285711085014,6.67420305173981],[-74.2857204355778,6.67419837557558],[-74.2857297879382,6.67419603704735],[-74.2857391438919,6.67419603258624],[-74.28575317378,6.67419135463749],[-74.2857601878258,6.67418667936542],[-74.2857695383896,6.67417966734942],[-74.2857788871567,6.67417265622557],[-74.2857882422121,6.6741679809533],[-74.2857999310906,6.67416330478873],[-74.2858092807561,6.6741562918802],[-74.2858162939035,6.67415161839222],[-74.2858256471622,6.67414460637573],[-74.2858349986243,6.67413993110319],[-74.2858466892994,6.67413058055801],[-74.2858653913253,6.67412123090484],[-74.2858794203151,6.67411655295542],[-74.2858840969445,6.67411187857482],[-74.2858934484066,6.67410720419422],[-74.285900461554,6.67410486388109],[-74.2859098139144,6.67410018771594],[-74.2859144896455,6.67409785097169],[-74.2859261812189,6.67409083806221],[-74.2859355308844,6.67408382604485],[-74.2859425458285,6.67408148662382],[-74.2859542356052,6.67407213875419],[-74.2859635870673,6.67406746258876],[-74.2859706002148,6.67406278820769],[-74.2859822908899,6.67405577440547],[-74.285986963926,6.67405110270102],[-74.2859986546011,6.67404408889863],[-74.2860196967383,6.67403240160703],[-74.2860313847185,6.67402538691214],[-74.2860360622462,6.67402305016753],[-74.2860430762919,6.67402071163846],[-74.286050091236,6.67401837221717],[-74.2860617828094,6.67401369694343],[-74.2860781492155,6.67400901810073],[-74.2860828258449,6.67400434371911],[-74.2861038652872,6.67399499049464],[-74.2861108793329,6.67399031611291],[-74.2861155559623,6.67398797669147],[-74.286124909221,6.67398563816223],[-74.2861342633781,6.67398096199593],[-74.2861412756272,6.67397628761408],[-74.2861482923679,6.67397628493737],[-74.2861553064136,6.67397160966323],[-74.2861693354034,6.67396693171237],[-74.2861857009112,6.67396225286923],[-74.2861950532717,6.67395757759497],[-74.2862044047338,6.67395523638888],[-74.2862160981038,6.67395289696725],[-74.2862254486676,6.67395055665339],[-74.286237140241,6.67394354374181],[-74.2862418177687,6.67394120610456],[-74.2862511683325,6.6739341949773],[-74.2862628599059,6.6739295179183],[-74.2862745460895,6.67392017004577],[-74.2862815583386,6.67391315802595],[-74.2862885732826,6.67390848453566],[-74.2863049378922,6.67390146983903],[-74.2863119519379,6.67389679456416],[-74.286321306095,6.67389211839701],[-74.2863376707045,6.67388276873931],[-74.2863470221666,6.67387809257204],[-74.2863540362123,6.67387575315008],[-74.2863633912677,6.67387107787496],[-74.2863750801462,6.67386640081536],[-74.2863820932936,6.67386172554017],[-74.2863867690247,6.67385705115714],[-74.2863961213851,6.6738523767741],[-74.2864031327359,6.67384536653778],[-74.2864078111619,6.67384302800786],[-74.2864348432654,6.67382743275217],[-74.2864374591595,6.67381957846764],[-74.2864400777486,6.67381434108824],[-74.286445315825,6.67380648412684],[-74.2864505539014,6.67379862894972],[-74.2864636540332,6.67378815151375],[-74.2864819958347,6.67378290788844],[-74.2864872401993,6.67378028741408],[-74.2865003412294,6.67377504646536],[-74.2865081996915,6.67377242509874],[-74.2865213034166,6.67376718236548],[-74.286531784061,6.67375932451107],[-74.2865475063751,6.67375408266989],[-74.2865501276591,6.67375408177766],[-74.2865553657355,6.67374884350534],[-74.2865632277909,6.67374622303083],[-74.2865710898462,6.67374098386619],[-74.286581568694,6.67373574291704],[-74.2865894307494,6.67373312155022],[-74.2865920520334,6.67372788595438],[-74.2866025326778,6.67372526191082],[-74.2866077707542,6.6737200245304],[-74.2866130106273,6.67371740494795],[-74.2866208717843,6.67371216489079],[-74.2866261116574,6.67370954441608],[-74.2866392135858,6.6737043034666],[-74.2866496969252,6.67369906251706],[-74.2866575589805,6.67369644204227],[-74.2866837619391,6.67368334145257],[-74.2866994815582,6.67367548092013],[-74.2867099657959,6.67367285866073],[-74.2867152047706,6.67366762038756],[-74.2867204437454,6.67366238211431],[-74.2867230632327,6.67365714562547],[-74.2867309225932,6.6736492877693],[-74.2867335393856,6.67364143258967],[-74.2867361579746,6.67363619699285],[-74.2867413969494,6.67362834092079],[-74.2867466359241,6.67362310264711],[-74.2867571183652,6.67361786169669],[-74.2867702193953,6.6736100038399],[-74.2867833186287,6.67359952550768],[-74.2867937992732,6.67359428455701],[-74.2868016604302,6.67358904717519],[-74.2868042781209,6.67358904539075],[-74.286812139278,6.67358118753349],[-74.2868173773544,6.67357595015153],[-74.2868278606938,6.67357070920065],[-74.2868383386432,6.6735628513431],[-74.2868461998003,6.67355761217648],[-74.2868593008304,6.67354975164202],[-74.2868697796782,6.67354189467634],[-74.2868776417336,6.67353927420072],[-74.2868881241746,6.67353141455821],[-74.2868986039207,6.67352617360683],[-74.2869090827685,6.67352093354761],[-74.2869169439256,6.67351569616501],[-74.2869248068793,6.67351307301256],[-74.286932667138,6.67350783473766],[-74.2869405291934,6.67350259557048],[-74.2869536293251,6.67349473681958],[-74.2869614877873,6.67349211545147],[-74.2869719702283,6.67348425670045],[-74.2869903102331,6.67347115967397],[-74.2869929306188,6.67347115878173],[-74.2869981695936,6.67346591872193],[-74.2870034103649,6.67346330003036],[-74.2870060307506,6.67345806353939],[-74.2870138883144,6.67345282347943],[-74.2870217485731,6.67344758520389],[-74.2870322310142,6.67343972555989],[-74.2870400876796,6.67343448817644],[-74.287045331146,6.67342924900845],[-74.2870531878114,6.67342401073267],[-74.2870610489685,6.67341877067236],[-74.2870636702525,6.67341353418093],[-74.2870715314096,6.67341091281238],[-74.2870767703843,6.67340567453638],[-74.2870846297447,6.67339781846065],[-74.2870924873085,6.67339257750781],[-74.2870977307748,6.67338995881582],[-74.2871082096226,6.67338210006316],[-74.2871160698813,6.67337686089462],[-74.287123932835,6.67337423952588],[-74.2871344143777,6.67337161637266],[-74.2871475163062,6.67336899411164],[-74.2871606182346,6.67336113357419],[-74.2871711015739,6.67335851220536],[-74.287176341447,6.67335327482102],[-74.2871842026041,6.67335065345215],[-74.2871946823501,6.67334541249882],[-74.2872077851769,6.67334017154544],[-74.2872130250499,6.67333755106874],[-74.287220886207,6.67333492969979],[-74.2872287455674,6.67332707183844],[-74.2872392253135,6.67332183177708],[-74.2872497077546,6.67331397302332],[-74.287254945831,6.67330873563851],[-74.2872654246788,6.67330087777675],[-74.2872706636535,6.67329563949958],[-74.2872863868659,6.67328777896092],[-74.2872942498196,6.67328515759169],[-74.2873047286674,6.67327991663766],[-74.2873125907228,6.67327729616064],[-74.2873230713672,6.67327205699099],[-74.2873283130369,6.67326681692906],[-74.2873414149653,6.67326157686705],[-74.2873492734274,6.6732563359128],[-74.2873571318895,6.67324847983465],[-74.2873623708642,6.6732432415569],[-74.2873623690676,6.67323800595583],[-74.287370228428,6.67322753207676],[-74.2873754638095,6.67321705819747],[-74.2873833240682,6.67320919944203],[-74.2873859435556,6.67320396294832],[-74.2874042835605,6.67319086680659],[-74.2874226298535,6.67319347568509],[-74.2874383539642,6.67318823383788],[-74.287443592939,6.67318299466726],[-74.2874488310154,6.67317513948019],[-74.2874593107615,6.67316466381533],[-74.2874697914059,6.67315942286001],[-74.2874724108933,6.67315418636579],[-74.287477649868,6.67314894719482],[-74.2874828879444,6.6731410928994],[-74.2874855056352,6.67313323681941],[-74.2874881233259,6.67312800121715],[-74.2874933640973,6.6731201433525],[-74.2875012207628,6.67311490418115],[-74.2875064642291,6.67310966679421],[-74.2875169421785,6.67310180803706],[-74.2875248042339,6.67309656975773],[-74.2875379025691,6.67308609141452],[-74.2875457637261,6.67308085135057],[-74.2875588629596,6.67306775699001],[-74.2875641001377,6.67305990180108],[-74.2875693391125,6.67305466352135],[-74.2875798170619,6.67304418696166],[-74.287582435651,6.67303895046622],[-74.2875876737274,6.67303109349235],[-74.2875981561684,6.67302323651837],[-74.2876033951432,6.67301799913045],[-74.2876164970716,6.6730127563891],[-74.2876243582287,6.67300751810886],[-74.2876295972034,6.67300227982856],[-74.2876400751529,6.67299442106964],[-74.2876479372082,6.67298918278919],[-74.287653176183,6.67298394361646],[-74.2876662754164,6.67297346616305],[-74.2876741338786,6.67296561008037],[-74.2876898525994,6.6729472765436],[-74.2876977101632,6.67293941956829],[-74.2877003278539,6.67293156616171],[-74.2877108058034,6.67292108959943],[-74.2877212891428,6.67291584864152],[-74.2877317688889,6.67291060857578],[-74.2877396309442,6.67290798809675],[-74.2877527301777,6.67289489283935],[-74.2877605886398,6.67288441806072],[-74.2877640848829,6.67286376561536],[-74.2877693238576,6.67285852822578],[-74.2877771868113,6.67285590596202],[-74.2877850479684,6.67285328459047],[-74.2877981507951,6.67284804363182],[-74.2878060128505,6.6728454240447],[-74.2878164907999,6.67283756439106],[-74.2878191111856,6.67283232700115],[-74.2878243501603,6.67282708961122],[-74.2878269714443,6.6728244709162],[-74.2878400715761,6.67281661037],[-74.2878531753012,6.67281398810602],[-74.287871518001,6.67280874268582],[-74.2878819986454,6.67280612042179],[-74.2878924828831,6.67280349904999],[-74.2879055848115,6.67279825898305],[-74.2879134432736,6.67279563582675],[-74.2879186858416,6.67279039843639],[-74.2879239212231,6.67277730674473],[-74.2879265371172,6.67276945065891],[-74.287934394681,6.67275897587762],[-74.2879448789187,6.67275373670242],[-74.2879474957111,6.67274849752719],[-74.2879553550715,6.67274064322535],[-74.2879632144319,6.67273278446224],[-74.287973694178,6.67272754350229],[-74.2879789331528,6.67272230611121],[-74.2879920350812,6.6727170660434],[-74.2880025202172,6.67271444199446],[-74.2880077591919,6.67270920460324],[-74.288020860222,6.67270396185858],[-74.2880287222774,6.67269872357504],[-74.2880339612521,6.67269610398712],[-74.2880418224092,6.67269086391904],[-74.2880470613839,6.67268562652755],[-74.2880549207443,6.67268038645936],[-74.2880653995921,6.67266991167613],[-74.2880758811349,6.67266205291191],[-74.288086360881,6.67265681195121],[-74.2880968397288,6.67265157188267],[-74.2881099407589,6.67264109442215],[-74.2881125575513,6.67263062142257],[-74.2881177929328,6.67261752972668],[-74.2881177911361,6.67261229501113],[-74.2881204097252,6.67260443981486],[-74.2881203962504,6.67257040657789],[-74.2881256334286,6.67256254959649],[-74.288133492789,6.67255469350722],[-74.2881439734334,6.67254945254537],[-74.2881518327938,6.67254159645588],[-74.2881649329256,6.67253373679736],[-74.2881780321591,6.67252064152992],[-74.2881885119052,6.67250754804664],[-74.2881937490833,6.67249969195648],[-74.288198988058,6.67249445367071],[-74.2882068483168,6.67248659579588],[-74.2882173271646,6.67247873792094],[-74.2882251856266,6.67247088183031],[-74.2882513885852,6.67245777853115],[-74.2882671126959,6.67245253756827],[-74.2882854553957,6.67244467612383],[-74.2882959342435,6.67243681735598],[-74.2883116583542,6.67243157460842],[-74.288322137202,6.6724263345375],[-74.2883352400288,6.67242109268204],[-74.2883431002875,6.67241585439547],[-74.2883509623428,6.67241061521659],[-74.288369300551,6.67239751637695],[-74.2883797811955,6.67239227719788],[-74.2883928840222,6.67238965493165],[-74.2884190941673,6.67239225935327],[-74.288432196994,6.67239225489213],[-74.2884348191763,6.67239225310767],[-74.2884426812317,6.67238701392854],[-74.2884505396938,6.67237915783646],[-74.2884583990542,6.67237653646237],[-74.2884636416222,6.67237129817533],[-74.2884662584146,6.67236606078043],[-74.288476739059,6.67235558509827],[-74.2884872170085,6.67234772543675],[-74.2884950781656,6.67233986845178],[-74.2885029366277,6.67233201235894],[-74.2885081756024,6.67232677407142],[-74.2885134136788,6.67232153578383],[-74.2885212748359,6.67231629571174],[-74.2885291359929,6.67231105742402],[-74.2885343749677,6.67230582092073],[-74.2885448547138,6.672300579064],[-74.2885500972818,6.67229534166836],[-74.2885579548456,6.67229271850936],[-74.288571056774,6.67228486063129],[-74.288578917931,6.67228224014896],[-74.2885946402451,6.67227176178829],[-74.2886103598643,6.67226389944874],[-74.2886260830767,6.67225603889353],[-74.2886444230815,6.67224555964007],[-74.288654903726,6.67223508395536],[-74.2886653852687,6.67223246079604],[-74.2886758650148,6.67222722072296],[-74.2886863483542,6.67222197975761],[-74.2886994502826,6.67221673968445],[-74.2887125513127,6.67220888002071],[-74.2887177902874,6.67220364173187],[-74.2887230310588,6.67220363994741],[-74.2887335143982,6.6721983989818],[-74.2887439959409,6.67219839452064],[-74.2887754405691,6.67218790902035],[-74.2887833008278,6.67218266983903],[-74.2887990213453,6.67216695675597],[-74.2888068780108,6.67215909887588],[-74.2888121205788,6.67215647839283],[-74.2888226030198,6.67215647482392],[-74.2888330836642,6.67215385255643],[-74.2888461882876,6.67215384720301],[-74.2888540494447,6.67214860712912],[-74.2888697717588,6.67214336616293],[-74.2888881108653,6.67212764861743],[-74.2888959729207,6.6721250281342],[-74.2888959720223,6.67212241121993],[-74.288898592408,6.67211717293016],[-74.2889064490735,6.6721119337481],[-74.2889169297179,6.6721014580605],[-74.2889195474087,6.67209622155497],[-74.28892478818,6.672088364566],[-74.2889326430489,6.67207788977011],[-74.2889405024093,6.67206741408178],[-74.288945741384,6.67206217757588],[-74.2889588397192,6.67205170010277],[-74.2889614610032,6.67204646092],[-74.2889640786939,6.67203860749915],[-74.288969315872,6.67202813359444],[-74.2889771752324,6.67202027571214],[-74.2889850318979,6.67201241782969],[-74.2889902735676,6.67200718221545],[-74.2889955134407,6.67200194392442],[-74.2890059922885,6.67199408514949],[-74.2890190924202,6.67198622458993],[-74.2890295748613,6.67198098451425],[-74.2890374333234,6.67197574443848],[-74.2890479166628,6.67197312306223],[-74.2890662575659,6.67196264380274],[-74.2890767364137,6.67195478591938],[-74.2890924596261,6.67194954316666],[-74.2891055615545,6.67194430219834],[-74.2891134227116,6.67193906212221],[-74.2891212838687,6.67193382383048],[-74.2891317627164,6.67192596505441],[-74.2891396229752,6.67191810717046],[-74.2891501009247,6.67191025017864],[-74.2891553398994,6.67190501099436],[-74.2891605815691,6.67189977270227],[-74.2891789242689,6.67189191035673],[-74.2891867836293,6.67188667295672],[-74.289192022604,6.67188143377218],[-74.2892103626089,6.67186833670284],[-74.2892182237659,6.67186309751815],[-74.289226084923,6.67185785744111],[-74.2892365637707,6.67185000044832],[-74.2892470426185,6.67184475858669],[-74.2892522860849,6.67183952207842],[-74.2892601436486,6.67183690070145],[-74.2892680039074,6.67182904370831],[-74.2892811040392,6.67182118403835],[-74.2892889660945,6.67181594485311],[-74.2892994476373,6.67181070388336],[-74.2893073060994,6.67180546559027],[-74.2893151672564,6.6718002246204],[-74.2893256496975,6.67179498543495],[-74.2893361276469,6.67178712665664],[-74.2893492295754,6.67177926787827],[-74.2893675695802,6.67176878861463],[-74.2893754298389,6.67176093162037],[-74.2893832918943,6.67175830935077],[-74.2893885290724,6.67175045414081],[-74.2894042531831,6.67174259268513],[-74.2894094921579,6.6717399730921],[-74.2894147311326,6.67173473479823],[-74.2894225922897,6.67172949471986],[-74.2894356933198,6.67172163683272],[-74.2894461712692,6.67171377894551],[-74.2894566537103,6.67170592016595],[-74.2894671325581,6.67170068008723],[-74.2894749946135,6.67169805870952],[-74.2894854743596,6.6716901999297],[-74.289490712436,6.67168496252752],[-74.2895064329535,6.67167186456072],[-74.2895116719282,6.6716666280506],[-74.2895431111665,6.67164305170919],[-74.2895483519379,6.67163519560516],[-74.2895535909126,6.67162995909462],[-74.2895614493747,6.67161948339675],[-74.2895693051419,6.67160900769861],[-74.2895797839897,6.67159329638157],[-74.2895850229644,6.67159067678774],[-74.2895902619392,6.67158543760008],[-74.2895928823248,6.67158020198123],[-74.2895981204012,6.67157496279342],[-74.2896033602743,6.67157234319949],[-74.2896169823273,6.671566014596],[-74.2896274629717,6.67156339321756],[-74.289635325027,6.67156077094689],[-74.2896431843875,6.67155291484155],[-74.2896562863159,6.67154767208453],[-74.2896615252906,6.67154243468083],[-74.289669387346,6.67153981419451],[-74.2896772494014,6.67153719103147],[-74.2896877282491,6.6715293340335],[-74.2897034505633,6.67152147257427],[-74.2897139294111,6.67151361468384],[-74.2897217896698,6.67150837638757],[-74.2897322703142,6.67150313719898],[-74.2897427527553,6.67149789622588],[-74.2897584705778,6.67148741695622],[-74.2897741937902,6.671479558173],[-74.2897794318666,6.67147170117414],[-74.2897899143077,6.6714638406062],[-74.2897977709731,6.6714586032016],[-74.2898056321302,6.67145336401252],[-74.2898108711049,6.67144812571556],[-74.2898213526477,6.67144026693174],[-74.289826593419,6.67143764644485],[-74.2898292129064,6.67143240904],[-74.2898370686736,6.67142455382482],[-74.2898423103432,6.67141669682507],[-74.2898475484197,6.67141145852773],[-74.2898527882927,6.67140622112261],[-74.2898606467548,6.67139836412253],[-74.2898658857296,6.67139312493278],[-74.2898711247043,6.67138788752745],[-74.2898894692007,6.6713774073632],[-74.2898999471502,6.67136954947046],[-74.2899104268963,6.67136430938818],[-74.2899182880533,6.67135907019806],[-74.2899287713927,6.67135383011566],[-74.2899366280582,6.67134859003318],[-74.2899575911436,6.67133810897587],[-74.2899654523007,6.67133287067771],[-74.2899733143561,6.67133025019028],[-74.2899916552592,6.6713197700248],[-74.2900021350053,6.67131714686057],[-74.2900099988573,6.67131714418387],[-74.2900204821967,6.67131190320878],[-74.2900335850234,6.67130928004451],[-74.2900545472106,6.67130403550042],[-74.2900650296516,6.67129879452519],[-74.2900728908087,6.67129617403756],[-74.2900859936354,6.67129093038555],[-74.2900964733815,6.67128569208689],[-74.2901069531276,6.67128045111147],[-74.2901174355687,6.67127521013601],[-74.2901174310771,6.67126212197278],[-74.2901252922342,6.6712594997005],[-74.2901279090266,6.67125426140148],[-74.2901383887727,6.67124116877654],[-74.2901436277474,6.67123593047736],[-74.2901541065952,6.6712306895014],[-74.2901645908329,6.67122806633671],[-74.2901803095537,6.67121758884574],[-74.290188174304,6.67122020308818],[-74.2902038984148,6.67121496211205],[-74.2902222402163,6.67120709886331],[-74.2902301022716,6.67120447748295],[-74.2902405820177,6.67119923739888],[-74.2902484431748,6.67119661601848],[-74.2902589238192,6.67119399374584],[-74.2902667876712,6.67119399017693],[-74.2902877507567,6.67118350911627],[-74.2903034739691,6.67117826813979],[-74.2903113324312,6.67117302716321],[-74.2903218157705,6.67117040578267],[-74.2903401593687,6.6711651621293],[-74.2903453974451,6.67115992382929],[-74.2903480196274,6.67115992293708],[-74.2903558816827,6.67115730066422],[-74.2903716022002,6.6711520587952],[-74.2903768420733,6.67114943741457],[-74.290384705027,6.6711468169261],[-74.290392566184,6.67114419554542],[-74.2904004282394,6.67114157505698],[-74.2904030459301,6.67113895456849],[-74.2904135310661,6.67113633140331],[-74.2904213931215,6.67113632872663],[-74.2904292506853,6.67113109042629],[-74.2904344959482,6.67113108864182],[-74.2904423553086,6.6711284681533],[-74.2904502155674,6.67112584498806],[-74.2904607007033,6.67112322271501],[-74.2904659387798,6.67111798441457],[-74.2904738008351,6.67111536303374],[-74.2904816601956,6.67111274165288],[-74.2904921426366,6.67110750156786],[-74.290500004692,6.67110488197143],[-74.290502623281,6.67110226059053],[-74.2905078622558,6.67109702407431],[-74.2905131039255,6.67109440358559],[-74.2905157234128,6.67109440269337],[-74.2905314466253,6.67108915993143],[-74.2905419263714,6.67108130203406],[-74.2905471653461,6.67107606284091],[-74.2905550247065,6.67107082364771],[-74.2905655080459,6.67106558266999],[-74.2905917110044,6.67105248290216],[-74.2906048129328,6.67104724192425],[-74.2906179148612,6.67104200005405],[-74.2906257742217,6.67103937867281],[-74.2906493603878,6.67103151363675],[-74.2906572206465,6.6710288931477],[-74.2906677012909,6.67102365395399],[-74.290672941164,6.67102103168043],[-74.2906808041176,6.67102102811148],[-74.2907017698981,6.6710157835643],[-74.2907148709282,6.67101054347824],[-74.2907253506743,6.67100530249986],[-74.2907384526027,6.67100006062922],[-74.2907463146581,6.67099743835551],[-74.2907541767134,6.67099481786628],[-74.2907620387688,6.67099219648478],[-74.2907699008242,6.6709895759955],[-74.2907777601846,6.67098695461397],[-74.2907830027526,6.67098433412469],[-74.2907934842953,6.67098171095868],[-74.2908013445541,6.67097908957711],[-74.2908144491774,6.67097646819553],[-74.2908170650715,6.67097122900126],[-74.2908404006076,6.6709665795732],[-74.2908482617647,6.67096133948662],[-74.2908561229218,6.67095610118443],[-74.2908692248502,6.67095085842102],[-74.290877082414,6.67094562011869],[-74.2908901843424,6.6709403773552],[-74.2908980446011,6.670935139945],[-74.2909085270422,6.67092728115291],[-74.2909190076866,6.67092465887884],[-74.2909321078184,6.67091679919437],[-74.2909452097468,6.670911558215],[-74.2909530718022,6.67090893683306],[-74.2909635524466,6.67090369585361],[-74.2909792747607,6.67089583706101],[-74.2909949952782,6.67089059251249],[-74.2910054777192,6.67088535242508],[-74.291026441703,6.67087749006327],[-74.29103430286,6.67087748649435],[-74.2910447853011,6.67087224551454],[-74.2910578872295,6.67086700364248],[-74.291073607747,6.67086176266259],[-74.291081468904,6.67085913949591],[-74.2910893318577,6.67085651900591],[-74.2910998142988,6.67085651365251],[-74.2911207791809,6.67085126999578],[-74.291133880211,6.67084602633903],[-74.2911417431647,6.67084340674121],[-74.29114960522,6.6708407853589],[-74.2911600849661,6.67083816397659],[-74.2911705683055,6.67083030518294],[-74.2911810489499,6.67083029982955],[-74.2911993898531,6.67081981965339],[-74.2912098731924,6.67081458045746],[-74.2912177352478,6.67081195818275],[-74.2912255919133,6.67080671987897],[-74.2912360743543,6.67079886108482],[-74.2912465532021,6.6707910031828],[-74.2912544143592,6.67078576398658],[-74.2912596533339,6.67078052568247],[-74.291262271923,6.67077528737836],[-74.2912701339783,6.67077266688795],[-74.2912753738514,6.67077004818194],[-74.2912806128261,6.67076480809325],[-74.2912858509026,6.67075957068118],[-74.291298952831,6.67075171099405],[-74.291301574115,6.67075171010184],[-74.2913120538611,6.67074647001292],[-74.2913199168147,6.67074384863009],[-74.2913277770735,6.67073860854112],[-74.2913382568196,6.67073336934431],[-74.2913487392606,6.67072551054902],[-74.291353980032,6.67072550876455],[-74.2913618402907,6.6707202695676],[-74.2913696987528,6.67071764818464],[-74.2913827988846,6.6707071697905],[-74.29139066094,6.67070454840747],[-74.2913932831223,6.67070454751525],[-74.2913985220971,6.67070192791668],[-74.2914090036398,6.67069930474915],[-74.2914194860808,6.67069406376745],[-74.2914273481362,6.67068882546241],[-74.2914325880093,6.67068620586375],[-74.2914404491663,6.67068358269614],[-74.2914483076284,6.67068096309744],[-74.2914692707139,6.67067048202584],[-74.2914771318709,6.6706652428283],[-74.2914823699474,6.6706600036307],[-74.291490232901,6.67065738313966],[-74.2914954727741,6.67065476264859],[-74.2915007153421,6.67065214394198],[-74.2915059561134,6.67065214215753],[-74.2915138190671,6.67064951988194],[-74.2915242979149,6.67064427800751],[-74.291534780356,6.67064427354632],[-74.2915426406147,6.670639036133],[-74.2915531239541,6.67063379515066],[-74.2915609833145,6.67063117376723],[-74.2915793278109,6.67062331050908],[-74.2915924297393,6.67062068734114],[-74.291605535261,6.67062068198774],[-74.2916133937231,6.67061806060425],[-74.2916238770625,6.67061544011299],[-74.2916343577069,6.67061281605275],[-74.2916448410463,6.67060757507013],[-74.2916553207924,6.67060233587195],[-74.2916605606654,6.6705997135961],[-74.2916684227208,6.67059709399695],[-74.2916841468315,6.67059185212195],[-74.2916893858063,6.67058661292357],[-74.291694624781,6.67058137461738],[-74.2917077258111,6.67057613274217],[-74.2917129665825,6.6705761309577],[-74.2917260712058,6.67057350689729],[-74.2917391722359,6.67056826680646],[-74.2917470342913,6.67056564363823],[-74.2917653778894,6.67056301779329],[-74.2917758639237,6.67056301422432],[-74.2917837223858,6.67056039284052],[-74.2917968252126,6.67055776967223],[-74.2918046872679,6.67055514918066],[-74.2918230299677,6.67054990373623],[-74.2918230290694,6.67054728681353],[-74.2918387531801,6.67054204315354],[-74.2918518551085,6.67053680217015],[-74.2918701951134,6.67052632198769],[-74.2918728172957,6.67052632109547],[-74.2918806802494,6.67052631663429],[-74.2919042619239,6.67051583555938],[-74.291912123081,6.67051059636018],[-74.2919226046237,6.67051059279126],[-74.2919488111755,6.67050534466968],[-74.2919619140022,6.67050272060885],[-74.2919697751593,6.67049748140952],[-74.2919828761894,6.67049223953344],[-74.29198549927,6.67049223864119],[-74.2919959790161,6.6704896163648],[-74.2920090809445,6.67048437359639],[-74.2920169447965,6.67048437091967],[-74.2920248059536,6.67048174953544],[-74.2920379087803,6.67047650944367],[-74.2920536301961,6.67047388449047],[-74.2920667348194,6.67047649695237],[-74.2920693570018,6.67047649606016],[-74.2920824616251,6.67047648981452],[-74.2920929422695,6.670473867538],[-74.2921034274056,6.67047124347704],[-74.292111286766,6.67046600606183],[-74.292121769207,6.67046600070843],[-74.2921270099784,6.67046599892397],[-74.2921322507498,6.67046599535501],[-74.2921427358857,6.67046599178607],[-74.2921584573015,6.67046074901741],[-74.2921663193569,6.67045812674084],[-74.2921741814123,6.67045550535647],[-74.2921951453961,6.67044764298776],[-74.2922056269388,6.67044763763436],[-74.2922108659135,6.67044240111116],[-74.2922239669436,6.67043715745],[-74.2922318281007,6.67043192003443],[-74.2922370670754,6.67042668172659],[-74.2922475486181,6.67041882381859],[-74.2922527875929,6.67041358461835],[-74.292255406182,6.67040573117132],[-74.2922580229744,6.6704004928632],[-74.2922606433601,6.67039525633949],[-74.2922632610508,6.67038740199992],[-74.292278977975,6.67037168707477],[-74.2922894604161,6.67036644608956],[-74.2922973188782,6.6703638247047],[-74.2922999401622,6.67036120599654],[-74.2923156651712,6.67035858193494],[-74.2923235236333,6.67035596055005],[-74.2923392468457,6.67034809996424],[-74.2923575904438,6.67034285540985],[-74.2923628294186,6.67034023580933],[-74.292378552631,6.67033499303934],[-74.2923890341737,6.67033237076205],[-74.2924047573862,6.67032451017583],[-74.2924178593146,6.67031926740569],[-74.2924257213699,6.67031664602059],[-74.292436201116,6.67031140681925],[-74.2924388232983,6.67031140592701],[-74.2924650289518,6.6703061578033],[-74.2924755077996,6.67030091770965],[-74.292480748571,6.67030091592518],[-74.2924912319103,6.67029567493921],[-74.292499094864,6.67029567047803],[-74.2925043356354,6.67029305087727],[-74.2925200561529,6.670287808999],[-74.2925279173099,6.67028256890512],[-74.2925331580813,6.67028256712065],[-74.2925357793653,6.67027994751985],[-74.2925410174417,6.67027471099481],[-74.2925462582131,6.67027208871725],[-74.2925514998827,6.67026947000861],[-74.2925593601415,6.67026946554742],[-74.2925724629682,6.67026684237758],[-74.2925855648966,6.67026159960679],[-74.2925960491343,6.67025636040488],[-74.2926039111897,6.67025635683594],[-74.2926170122198,6.67024849714075],[-74.2926248706819,6.67024587575527],[-74.2926327318389,6.67024063744539],[-74.2926405920977,6.67023539645882],[-74.2926536931278,6.67022753854775],[-74.2926589312042,6.67022229934548],[-74.2926641719756,6.6702144441109],[-74.292669410052,6.67020658798396],[-74.2926746508234,6.67020658619949],[-74.2926851341627,6.67020919866286],[-74.2926956192987,6.67020919420167],[-74.2927034831507,6.67020919063274],[-74.2927139646934,6.67020918617156],[-74.2927244480328,6.67021179952712],[-74.2927296932958,6.67021441466714],[-74.2927401757368,6.67021441109822],[-74.2927558989492,6.67020916743464],[-74.292761137924,6.67020393090885],[-74.2927716167717,6.67019868902963],[-74.2927794797255,6.67019606853614],[-74.2927873399842,6.67019082754905],[-74.292797818832,6.67018297052949],[-74.292805679989,6.67017773043451],[-74.2928109198621,6.67017511083312],[-74.2928135429427,6.6701777277578],[-74.2928292670534,6.67018034022132],[-74.2928528541179,6.67017509298842],[-74.2928659569446,6.67017246892585],[-74.2928790606696,6.67017246357242],[-74.2928895404157,6.67016722258509],[-74.2928974015728,6.6701619833822],[-74.2929131238869,6.67015150497619],[-74.292920982349,6.67014888448243],[-74.292923603633,6.67014888269796],[-74.2929367091547,6.67015149516161],[-74.2929471889008,6.6701462550663],[-74.2929576704435,6.6701357784444],[-74.292968148393,6.67012791963952],[-74.2929786299357,6.67012006083449],[-74.2929864883978,6.67011482163106],[-74.2929995912246,6.67011219935264],[-74.293007450585,6.67010695836466],[-74.293015314437,6.67010433787066],[-74.2930231737974,6.67009909866707],[-74.2930310367511,6.67009647638853],[-74.2930362766241,6.67009647460406],[-74.2930441386795,6.67009385411002],[-74.2930546202223,6.67009123093923],[-74.2930651035616,6.67008860866066],[-74.2930729620237,6.67008336856468],[-74.2930782063883,6.67008336678021],[-74.2930834453631,6.6700807471783],[-74.2930991658805,6.67007288569583],[-74.2931122660123,6.67006502778213],[-74.2931201262711,6.67005978768589],[-74.2931253670424,6.67005978500921],[-74.2931332299961,6.67005716362271],[-74.2931410929498,6.67005716094599],[-74.2931489550052,6.67005453955949],[-74.2931699180906,6.67004667539987],[-74.2931830191207,6.67003881570132],[-74.2931856368115,6.67003619699139],[-74.2931908775828,6.67003619520692],[-74.2931987423332,6.67003880856341],[-74.2932066016936,6.67003095243366],[-74.2932144628506,6.67002571233707],[-74.2932170796431,6.67002047670159],[-74.2932249399018,6.67001523571263],[-74.2932328019572,6.67001261611036],[-74.2932354250378,6.67001261521812],[-74.2932432843982,6.67001261075697],[-74.2932537677376,6.67000998847796],[-74.2932642492803,6.67000736619898],[-74.2932694873567,6.67000212788657],[-74.2932773503104,6.66999950560755],[-74.2932852123658,6.66999688511295],[-74.2932983160908,6.66999687975954],[-74.2933035568622,6.66999687708283],[-74.2933140410999,6.66999425569599],[-74.2933192800746,6.66999163341692],[-74.29332714213,6.66998639599659],[-74.2933350023887,6.66998639153544],[-74.2933454839314,6.66998115143833],[-74.2933559645759,6.66997852737474],[-74.2933585876565,6.66997852648248],[-74.2933716886866,6.66997328638532],[-74.2933874110007,6.66997066142942],[-74.2933926526704,6.66996542311661],[-74.2934031342131,6.6699628008374],[-74.2934214760146,6.66995493846078],[-74.293431959354,6.6699523161815],[-74.2934424391001,6.66994707697629],[-74.2934555383335,6.66993398074745],[-74.2934607773083,6.66993135936029],[-74.2934660198763,6.66992612283155],[-74.2934660180796,6.66992350501331],[-74.293471258851,6.66992350144434],[-74.293476498724,6.66992088184162],[-74.2934817403937,6.6699208791649],[-74.2934869811651,6.66992087648818],[-74.2934974671994,6.66992087202703],[-74.2935053283565,6.66991825063979],[-74.2935131877169,6.66991824796308],[-74.2935210497723,6.66991562568358],[-74.2935393915737,6.66990776419844],[-74.2935472554257,6.66990776062951],[-74.2935551156845,6.66990514013441],[-74.2935577387651,6.66990513745773],[-74.2935682203078,6.66990251696262],[-74.2935760805666,6.66989989557528],[-74.2935839444186,6.66989727240347],[-74.2935891851899,6.66989726972678],[-74.2935996640377,6.66989203052097],[-74.2936232502038,6.66988416635874],[-74.2936284900769,6.66988154675578],[-74.293657316116,6.66987891555374],[-74.2936730393285,6.6698736727788],[-74.2936756624091,6.66987367188658],[-74.2936835208712,6.66987104960683],[-74.2936913820282,6.66986581218525],[-74.2936992431853,6.66986319079771],[-74.2937018662659,6.66986318990546],[-74.2937123469103,6.6698605658412],[-74.2937202062707,6.66985270970858],[-74.2937280683261,6.66985008742876],[-74.2937437879453,6.66984222772706],[-74.293761982423,6.66983845892463],[-74.2937646028087,6.6698358384292],[-74.2937672187028,6.66982798497288],[-74.2937724612708,6.66982536358515],[-74.2937829410169,6.66982012259409],[-74.2937934225597,6.66982011902515],[-74.2938039076957,6.66982011367176],[-74.2938091493653,6.66982011188729],[-74.2938170141157,6.66982272613719],[-74.2938248770693,6.66982272256821],[-74.2938406002818,6.66982271543035],[-74.2938510827228,6.66981747711598],[-74.2938563225959,6.66981485662042],[-74.293866802342,6.66980961473702],[-74.2938720413167,6.669804378207],[-74.2938825237578,6.66979913721573],[-74.2938956265845,6.66979651315112],[-74.2939008655592,6.66979389265547],[-74.2939087294112,6.66979127215976],[-74.2939192100556,6.66978864898737],[-74.2939296942933,6.66978602581496],[-74.2939349341664,6.66978340621146],[-74.2939427962217,6.66978340264252],[-74.2939480360948,6.66978078303901],[-74.2939611380232,6.6697755393708],[-74.2939873436767,6.66977029391803],[-74.2939978252194,6.66977028945689],[-74.2940056881731,6.66976766806884],[-74.2940135502285,6.66976504489631],[-74.2940187892032,6.66976242618492],[-74.2940266530552,6.66976242261598],[-74.2940345151106,6.6697598012279],[-74.2940423771659,6.66975717983979],[-74.2940449948567,6.66975717894758],[-74.2940528578104,6.66975455666722],[-74.2940580985817,6.66975455488275],[-74.2940685810228,6.66974931478319],[-74.2940790625655,6.66974669161057],[-74.2940895432099,6.6697440702224],[-74.2940947857779,6.66974144883421],[-74.2941052673207,6.66973882566154],[-74.294113129376,6.66973620516554],[-74.2941314738725,6.66973619713541],[-74.2941393359278,6.66973357663944],[-74.2941445758009,6.66973095435895],[-74.294162916704,6.66972309376311],[-74.2941681556788,6.66971785544765],[-74.2941760177341,6.66971523405933],[-74.2941838806878,6.66971523049039],[-74.2941891223575,6.66971522870592],[-74.2941969853112,6.66971260642537],[-74.2942022242859,6.66970998682148],[-74.2942153280109,6.66970998146804],[-74.2942231909646,6.6697099778991],[-74.2942310566133,6.669715209969],[-74.2942415390543,6.66971520550781],[-74.2942467798257,6.66971520283108],[-74.2942598826524,6.66971519747769],[-74.2942677474027,6.66971519390875],[-74.2942729872758,6.66971257341262],[-74.2942808502295,6.66971257073593],[-74.2942887122848,6.66970994845534],[-74.2942965743402,6.66970732706696],[-74.2943018124166,6.66970208875138],[-74.2943175347307,6.66969422815503],[-74.2943280135785,6.66968637112755],[-74.2943306339642,6.66968374973905],[-74.2943411146086,6.66968112835054],[-74.2943542183337,6.66967850517755],[-74.2943568396177,6.66967850339307],[-74.294362080389,6.66967588378902],[-74.2943673220587,6.66967849982411],[-74.294377808093,6.66967849447071],[-74.2943882878391,6.66967587308218],[-74.2943935277122,6.6696732508014],[-74.2943987693819,6.66967324901693],[-74.2944040137465,6.66967324544797],[-74.2944092554162,6.6696732436635],[-74.2944223573446,6.66967062049047],[-74.2944302211966,6.66967061781378],[-74.294432837989,6.66966538039002],[-74.2944406991461,6.66966275989365],[-74.2944511788922,6.66965751890087],[-74.2944590427442,6.6696601331516],[-74.2944669056978,6.66966012958266],[-74.2944721473675,6.66966012690594],[-74.2944826343002,6.66966274115669],[-74.2944904927623,6.66966273758775],[-74.2945062186696,6.66966273044988],[-74.29451408342,6.66966272777315],[-74.2945193241913,6.66966272509644],[-74.2945245649627,6.66966272241976],[-74.2945324279164,6.66966271974304],[-74.2945402890734,6.66966009656994],[-74.2945481529254,6.66966009389323],[-74.2945533927984,6.66965747339683],[-74.2945586335698,6.66965747161237],[-74.2945664938286,6.669652232404],[-74.2945769753713,6.6696496083386],[-74.2945848374267,6.66964698784216],[-74.2945926985837,6.6696443673457],[-74.2945953180711,6.66964436645346],[-74.2946031801265,6.66964174506474],[-74.2946162820549,6.66963650139503],[-74.2946293848816,6.66963388000628],[-74.2946372478353,6.66963387554509],[-74.2946477302764,6.6696338710839],[-74.2946582127174,6.66963124880291],[-74.2946608331031,6.66963124791066],[-74.2946660765694,6.66963124612619],[-74.2946739359298,6.66962862384515],[-74.2946791802944,6.66962862206068],[-74.2946817979852,6.66962600156412],[-74.29470013799,6.6696155240389],[-74.2947027601723,6.66961552314665],[-74.2947132399184,6.66961028036889],[-74.2947211001772,6.66960504294452],[-74.2947289640292,6.66960503848332],[-74.2947394446736,6.66960241441767],[-74.2947446872416,6.66959979481323],[-74.294752546602,6.66959979213652],[-74.2947656548186,6.66959978589086],[-74.2947813762344,6.66959716182517],[-74.2947892391881,6.6695945404362],[-74.2948102049685,6.66959191369381],[-74.2948180679222,6.66959191012487],[-74.2948206874096,6.66959190834042],[-74.2948259272826,6.66958928784367],[-74.294833789338,6.66958928516694],[-74.2948468930631,6.66958666110121],[-74.2948521338344,6.66958665842452],[-74.2948599949915,6.66958403792771],[-74.2948757191022,6.66957879336514],[-74.2948888219289,6.66957617108385],[-74.294894061802,6.66957355058699],[-74.2949045451413,6.66957354612584],[-74.2949124062984,6.66957092562895],[-74.2949150266841,6.66956830691657],[-74.2949176461715,6.6695683051321],[-74.2949255091251,6.66956830156312],[-74.2949359942611,6.66956829710197],[-74.2949438527232,6.66956567392837],[-74.2949517156769,6.66956567035943],[-74.2949674415843,6.66956566411378],[-74.2949779240253,6.66956565876033],[-74.2949936490344,6.66956303469452],[-74.2949988898057,6.6695630320178],[-74.2950041287805,6.66955779459291],[-74.2950119917342,6.66955779191619],[-74.2950198528912,6.66955255181453],[-74.2950250927643,6.66954993220979],[-74.2950355734087,6.6695473090361],[-74.2950381937944,6.6695446912158],[-74.2950486753371,6.66954206714983],[-74.2950565373925,6.66953944576055],[-74.2950643994478,6.66953682437128],[-74.2950722606049,6.66953420387424],[-74.2950775013763,6.66953158248492],[-74.2950827421476,6.66953157980821],[-74.295090604203,6.66952895841889],[-74.2950932263853,6.66952895752666],[-74.2951010857457,6.66952895395772],[-74.2951010839491,6.66952633702954],[-74.2951115690851,6.66952371474798],[-74.2951168098564,6.66952371296351],[-74.2951220506278,6.66952370939454],[-74.2951325357638,6.6695237058256],[-74.2951456403872,6.66952369957994],[-74.2951535024426,6.66952107908282],[-74.295163983087,6.66951845501672],[-74.2951770841171,6.66951321402244],[-74.2951849479691,6.66951321045346],[-74.2951954286135,6.66951058817182],[-74.2952006693849,6.66950796678238],[-74.295213770415,6.66950272578794],[-74.2952163925973,6.66950272489572],[-74.2952242546527,6.66950272043453],[-74.2952268732417,6.66950010172175],[-74.2952347361954,6.66950009904506],[-74.2952452240263,6.66950533022494],[-74.2952609436455,6.66950008655374],[-74.2952688057008,6.66949746605651],[-74.2952871484006,6.66948960367242],[-74.2952976308417,6.66948436267779],[-74.2953081123844,6.66948173950373],[-74.2953290763682,6.66947649583232],[-74.2953369402202,6.66947649315561],[-74.2953552874116,6.66948171898229],[-74.2953710088273,6.66948171273666],[-74.295378871781,6.66947909134708],[-74.2953893560187,6.66947646995747],[-74.2953998339682,6.66946599242905],[-74.2954129341,6.66945813272117],[-74.2954260369267,6.66945550954696],[-74.2954365193678,6.6694555050858],[-74.2954443823214,6.66945550062461],[-74.2954522443768,6.66945288012714],[-74.2954627250212,6.66945025873739],[-74.2954732083606,6.66944763467091],[-74.2954758269496,6.66944763288643],[-74.2954863138823,6.66945024803054],[-74.295494176836,6.6694502444616],[-74.2955020361964,6.66944762217959],[-74.2955125186374,6.66944238207675],[-74.2955229983835,6.66943714018939],[-74.2955308604389,6.66943451969178],[-74.2955361012102,6.66943451790732],[-74.2955413437783,6.66943189740972],[-74.295554446605,6.66942927334315],[-74.2955727902031,6.66942402967117],[-74.2955911338012,6.66942140382008],[-74.2955989967549,6.6694213993589],[-74.2956016144456,6.66941878064572],[-74.2956120995816,6.66941877707677],[-74.2956225820227,6.66941877172333],[-74.295633068057,6.66942138508311],[-74.2956435513964,6.66942399755066],[-74.295659278202,6.66942399041278],[-74.2956802403892,6.66942136366945],[-74.2956959671948,6.66942135653157],[-74.2957038283519,6.66941873603391],[-74.2957116913056,6.66941611464398],[-74.2957195488694,6.66941349236178],[-74.2957247923357,6.6694108727563],[-74.2957378969591,6.66941086651065],[-74.2957562396588,6.66940824065952],[-74.2957641017142,6.66940562105401],[-74.295774583257,6.66940299609507],[-74.2957955463424,6.66939513460169],[-74.2958060269868,6.66938989271382],[-74.2958165094279,6.66938465261037],[-74.2958348521277,6.66937940893789],[-74.2958453336704,6.66937940358448],[-74.2958531966241,6.66937940090775],[-74.2958662976542,6.66937154209075],[-74.2958898793287,6.66936106009888],[-74.2958977431807,6.66936105652994],[-74.2959082283167,6.66936366899779],[-74.2959213329401,6.66936366275212],[-74.2959318153811,6.66936365739871],[-74.2959396774365,6.669363654722],[-74.2959606450135,6.66936364579965],[-74.2959711265563,6.66936364044624],[-74.295984229383,6.66935839945025],[-74.2959947118241,6.66935577538328],[-74.2960025711845,6.66935315488528],[-74.2960130572188,6.66935314953186],[-74.2960209192742,6.66935314685514],[-74.2960313999186,6.66935052457262],[-74.2960418832579,6.66935052100368],[-74.2960523665973,6.66935051565027],[-74.2960602286527,6.66934527643861],[-74.2960733287845,6.6693374167288],[-74.2960811836533,6.66932694187412],[-74.296089043912,6.66931908394849],[-74.2960969041708,6.66931122780721],[-74.2961047644295,6.66930598770288],[-74.2961073812219,6.66930075116746],[-74.2961152405824,6.66929551106306],[-74.2961257266167,6.66929550660186],[-74.2961257320066,6.66930597878053],[-74.2961309745746,6.66931121263915],[-74.2961362162442,6.66931120996246],[-74.296149319071,6.66931120460903],[-74.296157182923,6.66931120104009],[-74.2961650458767,6.66931119747115],[-74.2961755283177,6.66931119300997],[-74.2961860098604,6.66931118765656],[-74.2961938719158,6.66930856448158],[-74.2962017348695,6.66930856180486],[-74.2962095969249,6.66930594041434],[-74.2962174598785,6.66930593773765],[-74.2962305627053,6.66930331367041],[-74.2962358043749,6.66930331188594],[-74.296241046943,6.66930592792305],[-74.2962489089983,6.66930592346186],[-74.2962593878461,6.66929806553589],[-74.2962724879779,6.66929020582533],[-74.2962751110585,6.66929020493307],[-74.2962855899063,6.6692849639363],[-74.2962882120886,6.66928496304408],[-74.2963082301464,6.6692792875281],[-74.2963134673245,6.66927143317064],[-74.2963239533589,6.66927142781724],[-74.2963318172108,6.66927404296227],[-74.296339675673,6.66927142067936],[-74.2963527740081,6.66925832621693],[-74.2963711211995,6.66925569858051],[-74.2963737415851,6.66926093422417],[-74.2963868471068,6.6692609279785],[-74.2963999508319,6.66926353955466],[-74.2964130545569,6.66926091637942],[-74.2964366389264,6.66925043349299],[-74.2964497426514,6.66925042903179],[-74.2964628445799,6.6692451853579],[-74.2964707048386,6.66924518268118],[-74.296478566894,6.66924256218258],[-74.2964864298476,6.66924255772139],[-74.2965073974247,6.66924254879905],[-74.2965152612767,6.66924254433785],[-74.2965283667984,6.6692477764127],[-74.2965467121931,6.66924776838256],[-74.2965598159182,6.66924776302914],[-74.2965676770752,6.66924513985383],[-74.2965755364356,6.66924251757073],[-74.2965886365674,6.66923465964375],[-74.2965964977245,6.66922941953863],[-74.2966095996529,6.66922679636322],[-74.2966227042762,6.6692241731878],[-74.2966384319803,6.6692294016939],[-74.2966541551927,6.66922939455602],[-74.2966646394303,6.66922677138061],[-74.2966803599478,6.66922152859869],[-74.2966908432872,6.66921890542324],[-74.2966987053425,6.6692136671024],[-74.2967144249617,6.66920842342811],[-74.2967301490724,6.66920318153825],[-74.2967458731832,6.66919793786383],[-74.2967537316453,6.66919793340263],[-74.2967642176796,6.6691979298337],[-74.2967746974257,6.66919268972818],[-74.2967982871851,6.66919267991359],[-74.2968140077025,6.6691900549535],[-74.2968244937368,6.66919005049232],[-74.2968323539956,6.66919004692337],[-74.2968480799029,6.66919003978545],[-74.296858562344,6.66919003443204],[-74.296863804912,6.66918741393315],[-74.2968795263278,6.66918217204302],[-74.2968873892815,6.66918216758188],[-74.2968926291545,6.66918216579739],[-74.2969004930065,6.66918216312068],[-74.2969162162189,6.66917691944602],[-74.296918834808,6.66917691855381],[-74.296929319944,6.66917429448586],[-74.2969371793044,6.66917429180918],[-74.2969450422581,6.66917428913245],[-74.2969555273941,6.66917166595675],[-74.2969660089368,6.66917166060334],[-74.2969843507383,6.66916641871305],[-74.2969869738189,6.66916641692858],[-74.2969974553616,6.66916641246739],[-74.2970131803707,6.6691637857227],[-74.2970393887191,6.66916639373043],[-74.2970577296223,6.66915591351866],[-74.2970629712919,6.66915591173419],[-74.2970708306524,6.66915067073597],[-74.2970786954027,6.66915066716703],[-74.2970891778437,6.66915328142051],[-74.297099663878,6.66915327785155],[-74.2971075250351,6.66915065378349],[-74.2971180047812,6.6691454145697],[-74.297128483629,6.66914017357138],[-74.2971337279936,6.66913755396446],[-74.2971415882524,6.66913754950328],[-74.2971520715917,6.66913754593434],[-74.2971625540328,6.66913754058089],[-74.2971704178848,6.6691375379042],[-74.2972018670045,6.66913752362841],[-74.2972123512422,6.66913751916721],[-74.2972333107344,6.6691270380626],[-74.2972359311201,6.66912180063303],[-74.2972385524041,6.66911918281048],[-74.2972464099679,6.66911655963448],[-74.2972568951039,6.66911393645847],[-74.2972647571593,6.66911393378174],[-74.2972726192146,6.66911654803538],[-74.2973040764193,6.66912700594207],[-74.29730669411,6.66912700504984],[-74.2973145570637,6.66912438365835],[-74.2973197951401,6.669119147121],[-74.2973171738561,6.66911390969136],[-74.2973224110342,6.66910605622349],[-74.2973276500089,6.66910081700922],[-74.2973355120643,6.66909819561759],[-74.2973617186161,6.66909556619581],[-74.2973669611841,6.66909818134179],[-74.2973748241378,6.66909817777286],[-74.2973853047822,6.66909555548899],[-74.2973931677359,6.66909555192001],[-74.2974010333845,6.66909816617378],[-74.2974088954399,6.66909816260484],[-74.2974193760843,6.66909553942873],[-74.2974246159573,6.6690929189293],[-74.2974351010933,6.66909291446814],[-74.2974377196824,6.66909291357588],[-74.2974429613521,6.66909291089916],[-74.2974482057167,6.66909290911469],[-74.2974534482847,6.66909552515294],[-74.2974744131668,6.66909289662339],[-74.2974875168919,6.66909027344725],[-74.2974979957396,6.66908503244834],[-74.2975110985664,6.66908241105663],[-74.2975189624184,6.66908240659543],[-74.2975320652451,6.66907978163476],[-74.2975399273005,6.66907715935078],[-74.2975504070466,6.66907192102846],[-74.2975661320556,6.66906929517551],[-74.2975844747554,6.66906666843027],[-74.2976080600232,6.66906142296994],[-74.2976185433626,6.66905880068586],[-74.2976264054179,6.66905617840179],[-74.2976447499143,6.66905617037165],[-74.2976578527411,6.66905354719531],[-74.2976709546695,6.66904830619601],[-74.2976735741569,6.6690483035193],[-74.2976840592928,6.66904829995035],[-74.2976997834036,6.66905090974317],[-74.2977076463573,6.66905090706644],[-74.2977155093109,6.66905090260529],[-74.2977233695697,6.66904566249817],[-74.2977338466209,6.66903518852947],[-74.2977417086762,6.66903256535303],[-74.2977574381768,6.66903779564568],[-74.2977810234446,6.66903516800805],[-74.2978229568021,6.66903514837884],[-74.2978229523105,6.66902467708663],[-74.2978334347516,6.66902728955627],[-74.2978439171926,6.66902466637978],[-74.297851779248,6.66902466370306],[-74.2978648847697,6.66902989399579],[-74.2978753699057,6.66902727081931],[-74.297883231961,6.66902464942728],[-74.2978937117071,6.66901940842768],[-74.2979041923516,6.66901678614337],[-74.2979146765892,6.66901678168221],[-74.2979304033949,6.66902201019052],[-74.2979382663486,6.66902200662158],[-74.297953992256,6.66902199948366],[-74.2979644737987,6.66902199502249],[-74.2979828173968,6.66901936916925],[-74.2979932998378,6.66901412906184],[-74.2980011618932,6.66900888895433],[-74.2980102429624,6.66901076622083],[-74.2980224654402,6.6690095786535],[-74.2980323217555,6.66900721065667],[-74.2980409958879,6.66900642013475],[-74.2980516418223,6.66900444382992],[-74.2980599206959,6.66900168235656],[-74.2980654408434,6.6689989226677],[-74.2980721449703,6.66900089005017],[-74.2980816069252,6.6690012799577],[-74.2980922546563,6.66900324466348],[-74.2981013249457,6.6690063924754],[-74.2981107877989,6.66900441795503],[-74.2981190675709,6.66900244521916],[-74.2981285304241,6.66899731842565],[-74.2981352318561,6.66899574005849],[-74.2981466647147,6.66899258421635],[-74.2981541548676,6.66898863963672],[-74.2981640093862,6.66897996887777],[-74.2981734713411,6.66897681303554],[-74.2981821445752,6.66897365719327],[-74.2981916083267,6.66897404710087],[-74.2981987050174,6.66897089304306],[-74.298209744414,6.66896773541629],[-74.2982195989326,6.66896300388342],[-74.2982270917804,6.66896142462389],[-74.2982361557816,6.66895511650813],[-74.298246109115,6.66894983000368],[-74.298256594251,6.66894720682678],[-74.2982644527131,6.66894458454207],[-74.2982723147685,6.66894458186538],[-74.2982801759255,6.66893934264938],[-74.2982906592649,6.66894195601173],[-74.2983063860705,6.66894456669733],[-74.2983142490242,6.66894194441265],[-74.298332591724,6.66893931855898],[-74.2983430687752,6.66892884369578],[-74.2983483140381,6.66892884101907],[-74.2983587946826,6.6689262187343],[-74.298371896611,6.66892359288054],[-74.298385000336,6.66892097059576],[-74.2983928623914,6.66891834920316],[-74.2984112077861,6.66891834117303],[-74.2984190707398,6.66892095453547],[-74.2984321762615,6.66892094918204],[-74.2984400392152,6.66892094561309],[-74.2984505189613,6.66891832243603],[-74.2984557597326,6.66891832065155],[-74.2984609996057,6.66891570104343],[-74.2984636226863,6.6689157001512],[-74.29847148564,6.66891569569],[-74.2984767246147,6.66891307518962],[-74.2984898292381,6.66891306894397],[-74.2985003107808,6.66891044665909],[-74.2985055542471,6.66891044487462],[-74.2985107950185,6.66891044219791],[-74.2985186588705,6.66891043862896],[-74.2985238987436,6.66890781902079],[-74.2985317607989,6.66890781455963],[-74.2985396264475,6.66891042881435],[-74.298550104397,6.66890256998983],[-74.2985684444019,6.66889209155687],[-74.2985789313345,6.66889470402725],[-74.2985867915932,6.66889731738982],[-74.2985998962166,6.66889731203638],[-74.2986077573736,6.66889469064365],[-74.2986156212257,6.66889468796697],[-74.298618243408,6.66889468618249],[-74.2986287249507,6.66889468172131],[-74.2986365870061,6.66889206122083],[-74.2986444499597,6.66889205765185],[-74.2986549324008,6.66889205319068],[-74.2986680352275,6.66888942733675],[-74.2986758972829,6.668886805944],[-74.2986890001096,6.66888418365897],[-74.298704723322,6.66888417652108],[-74.298707344606,6.66888417473661],[-74.2987152075597,6.66888417205989],[-74.2987256882042,6.66888154888263],[-74.2987309298738,6.66888154709816],[-74.2987387919292,6.66887892392089],[-74.2987466539846,6.66887891945969],[-74.2987623807902,6.66887891321406],[-74.2987781031043,6.66887890607615],[-74.298785968753,6.66888413993938],[-74.2988069372283,6.66888413101699],[-74.2988147983854,6.66888150873198],[-74.2988226559492,6.66887626951531],[-74.2988357587759,6.66887364544575],[-74.2988436217296,6.66887364187681],[-74.2988593503319,6.66887886949444],[-74.298875072646,6.66887886235651],[-74.2988829355997,6.66887885878757],[-74.2988960402231,6.6688788525419],[-74.2989091457447,6.66888146679681],[-74.2989170095967,6.66888408105172],[-74.298930116915,6.66888930956145],[-74.2989379789704,6.66888930688472],[-74.2989458428224,6.66889192292405],[-74.2989563261618,6.66889453450217],[-74.2989615714247,6.66889976747299],[-74.2989704072538,6.6689020747982],[-74.2989791002508,6.66890496653872],[-74.2989877950445,6.66890785560252],[-74.2989935900764,6.66891074912748],[-74.29900228487,6.66891074466628],[-74.2990109751721,6.66891074109734],[-74.2990225661342,6.66891073574393],[-74.2990341570963,6.66891073039051],[-74.2990486469218,6.66891361766978],[-74.2990573381222,6.668916508518],[-74.2990689308809,6.6689193966895],[-74.299077623878,6.6689222884299],[-74.2990863195699,6.66892807369519],[-74.2990950116686,6.66893096275886],[-74.2991008102938,6.66893385271472],[-74.2991095005958,6.66893384914578],[-74.2991268856915,6.66893384200787],[-74.2991384766536,6.66893383576224],[-74.2991500649208,6.66893383040878],[-74.2991674509148,6.66893671858017],[-74.2991761484034,6.66894250384527],[-74.2991848396038,6.66894539290886],[-74.299193536194,6.66895117817384],[-74.2991993330225,6.66895696343876],[-74.2992109239846,6.66895695897758],[-74.2992254120136,6.6689569518397],[-74.2992369975858,6.66895405296157],[-74.2992543862747,6.66895983465753],[-74.2992572869348,6.6689627263977],[-74.2992659817284,6.66897140607934],[-74.2992804742489,6.66898008219186],[-74.2992920688043,6.66898876098094],[-74.2992978611412,6.66898586299526],[-74.2993181424054,6.66898295965614],[-74.2993413279229,6.66899163219951],[-74.2993442249897,6.66899163041504],[-74.2993558132568,6.66899162506158],[-74.2993645089488,6.66899451590936],[-74.2993761008092,6.66899740408038],[-74.29939638387,6.66900029046692],[-74.2994079739338,6.66900607394681],[-74.2994224646576,6.66901185564212],[-74.2994340583147,6.66901764001412],[-74.2994485481402,6.66902052640055],[-74.2994543413755,6.66902052372382],[-74.2994630370675,6.66902341546364],[-74.2994804230615,6.66902630095781],[-74.2994920122269,6.66902919091311],[-74.2995036040874,6.66903207908394],[-74.2995151959478,6.66903207373052],[-74.2995441711073,6.66903785007212],[-74.2995586600345,6.66904073735063],[-74.2995702527932,6.66904362552142],[-74.2995847408221,6.66904651458438],[-74.2995934338191,6.66904940364735],[-74.29961371688,6.6690522909258],[-74.2996224116736,6.66905517998874],[-74.2996340044323,6.66905517463532],[-74.2996397985659,6.66905806548272],[-74.2996484906646,6.66906095722231],[-74.2996600834233,6.66906384450069],[-74.2996745723506,6.66906673356357],[-74.299686164211,6.66906962173417],[-74.2997006504432,6.669072510797],[-74.2997064490684,6.66907540075204],[-74.2997151402688,6.6690753971831],[-74.2997238350624,6.66907828892259],[-74.2997325262628,6.66907828446139],[-74.2997441181232,6.66908117263197],[-74.2997499140534,6.66908406615589],[-74.2997615068122,6.66908984874253],[-74.2997759957394,6.66908984160464],[-74.2997846869398,6.66909273155958],[-74.2997991767653,6.66909562062225],[-74.2998136656925,6.66909850790046],[-74.2998194598261,6.66909850522375],[-74.2998281537214,6.66909850076259],[-74.2998455388171,6.66909849273245],[-74.299860026846,6.66909848648678],[-74.2998861022438,6.6690984748877],[-74.2998947979357,6.66910136662707],[-74.2999063853046,6.6691013603814],[-74.2999237704003,6.66910135235127],[-74.2999324633973,6.66909845347403],[-74.2999411536993,6.6690984499051],[-74.2999498475946,6.6690984454439],[-74.299958538795,6.66909844187496],[-74.2999672335887,6.66910133361431],[-74.2999759265856,6.66910422356918],[-74.2999846222776,6.66910711352403],[-74.2999962159347,6.66911289789487],[-74.3000164971988,6.66910999277203],[-74.3000367757681,6.66910419590983],[-74.3000483649335,6.66910129703261],[-74.3000599532007,6.66910129167917],[-74.3000773382964,6.66910128364904],[-74.3000860321917,6.66910128008009],[-74.3000947233921,6.6691012756189],[-74.3001034172874,6.66910127204997],[-74.3001121066912,6.66910126848103],[-74.3001236985516,6.66910126312761],[-74.3001410863422,6.66910704303733],[-74.3001526773043,6.66910703768391],[-74.30016716174,6.66910703143825],[-74.3001874492924,6.66910991603968],[-74.3001932416293,6.66910991336296],[-74.300204834388,6.66910990800954],[-74.3002135246901,6.66911279974883],[-74.3002338068526,6.66911279082648],[-74.300245401408,6.66911857341278],[-74.3002540953033,6.66911856984384],[-74.300271480399,6.66911856270593],[-74.3002917625615,6.66912144552281],[-74.3002946596282,6.66912144463059],[-74.3003120447239,6.66912143660046],[-74.3003178388575,6.66912143392373],[-74.3003265327528,6.66912142946254],[-74.3003352221566,6.66911853415437],[-74.3003439169502,6.66911852969317],[-74.300352606354,6.66911563081604],[-74.3003583995892,6.6691098384151],[-74.3003699878564,6.6691098339539],[-74.3003786817517,6.66910982949271],[-74.3003873720538,6.66910693150774],[-74.3003989630159,6.66910692704655],[-74.3004076542163,6.66910692258539],[-74.3004221431435,6.6691098098635],[-74.3004366311724,6.66910980361783],[-74.3004511200996,6.66911269178818],[-74.3004656099251,6.66911557906629],[-74.3004772008872,6.66911557371288],[-74.3005090641304,6.66910108914142],[-74.3005148600606,6.6690981911564],[-74.3005322460546,6.6691010784346],[-74.3005496311503,6.66910107040447],[-74.3005612194174,6.66910106594327],[-74.3005728112779,6.66910395411367],[-74.3005815051732,6.6691039496525],[-74.3005930934404,6.66910394519132],[-74.3006046844025,6.6691039398379],[-74.3006133738062,6.66910393537671],[-74.3006278609368,6.66910103560724],[-74.3006336586637,6.66910103293052],[-74.3006413994464,6.66910077596633],[-74.3006531871396,6.66909613008946],[-74.3006606871739,6.6690918446762],[-74.3006710474441,6.66908934016756],[-74.300686051106,6.66908897702719],[-74.3006971246385,6.6690857596213],[-74.3007089141283,6.66908575337568],[-74.3007249903786,6.66908396176418],[-74.3007339223275,6.66908324440579],[-74.3007484732384,6.66908349333987],[-74.3007620467824,6.66908026522712],[-74.3007784796639,6.66907882872585],[-74.3007906257848,6.66907632600162],[-74.3008002718943,6.6690745370668],[-74.3008138472349,6.66907417392643],[-74.3008284942656,6.66907274099412],[-74.3008409970177,6.66907202185122],[-74.3008524298764,6.66907058802665],[-74.3008610033974,6.66906986977601],[-74.3008688609612,6.66906629904421],[-74.3008749353692,6.66906807994893],[-74.3008863673295,6.66906557544016],[-74.3008970842308,6.66906592876594],[-74.3009053011207,6.66906485362058],[-74.3009135180106,6.66906520783858],[-74.3009245924414,6.66906306200901],[-74.3009353102411,6.66906377044505],[-74.3009445979228,6.6690623375127],[-74.3009549572947,6.66905805209913],[-74.3009646007093,6.66905554937479],[-74.3009760335679,6.66905482933968],[-74.3009885354217,6.66904982835211],[-74.3009988947936,6.66904768252242],[-74.3010131995661,6.66903429272366],[-74.3010160966329,6.66903429183141],[-74.3010247851384,6.66903139206153],[-74.3010305810686,6.66902849586057],[-74.3010421684374,6.66902559609064],[-74.3010595517365,6.6690226945362],[-74.3010769350355,6.66901979208957],[-74.3010856289309,6.66901978762837],[-74.3010972189947,6.66901688875062],[-74.3011088063635,6.66901688339721],[-74.3011203946307,6.66901108921063],[-74.3011290849327,6.66900819122508],[-74.3011406749965,6.66900529145499],[-74.301152264162,6.66900239168494],[-74.3011609535657,6.66899949369934],[-74.3011725427312,6.66899659303699],[-74.3011899269286,6.66899369148241],[-74.3011986172307,6.66899079349676],[-74.3012102063961,6.66898789461883],[-74.3012391788607,6.66897919798499],[-74.3012507653312,6.66897629910703],[-74.3012623535984,6.66897339844455],[-74.3012739436622,6.66897049956653],[-74.3012884289961,6.66896470359492],[-74.3013000145684,6.66895891119219],[-74.3013087066671,6.66895601142187],[-74.3013202994258,6.66895600606846],[-74.3013318840997,6.66895310808254],[-74.3013550651256,6.6689502020665],[-74.3013579621924,6.66894730675733],[-74.301381139625,6.66894729605046],[-74.3014072159211,6.66894149561739],[-74.3014159053249,6.66893570410663],[-74.3014245947286,6.66892701817873],[-74.3014303861672,6.66892122577555],[-74.3014361776059,6.66891543515679],[-74.3014448679079,6.66890674744401],[-74.3014535564133,6.66890384945784],[-74.3014593523436,6.66890095147165],[-74.3014680426456,6.66890094790272],[-74.3014883230115,6.66889515103804],[-74.30149121918,6.66889515014579],[-74.3015201952378,6.66889224234493],[-74.3015230914062,6.66889224056048],[-74.3015462724321,6.66888933543634],[-74.3015578589027,6.66888643655781],[-74.3015723460333,6.66888642941992],[-74.3015868286723,6.66887484639702],[-74.3016013158029,6.66887194484169],[-74.30161290407,6.66886615065338],[-74.3016215943721,6.66886325355924],[-74.301627386709,6.66886325088251],[-74.3016389749762,6.66885745669411],[-74.3016476688715,6.6688545578154],[-74.3016621479173,6.66884297389953],[-74.301670840016,6.66883718149535],[-74.3016760223968,6.66883437808589],[-74.3016817123258,6.6688317094043],[-74.3016893587855,6.66882868561223],[-74.3016957610786,6.66882726249377],[-74.3017026978692,6.66882921292444],[-74.3017110566929,6.66882885513728],[-74.3017258869799,6.66882847504423],[-74.3017403723139,6.66882267907095],[-74.3017490608193,6.66881688666654],[-74.301757752918,6.66881398778758],[-74.3017664432201,6.66881108980087],[-74.3017780323856,6.66880819002967],[-74.3017925186178,6.66880528847393],[-74.3017983100565,6.66879949874605],[-74.3018099010186,6.66879659986699],[-74.3018156906606,6.66879080746228],[-74.3018214856925,6.66878501773421],[-74.3018301697063,6.66877054118312],[-74.301838861805,6.66876474788587],[-74.3018533453423,6.6687618481144],[-74.3018649336095,6.6687560539248],[-74.3018736257082,6.66875315593771],[-74.3018823160102,6.66875025795063],[-74.3019054952395,6.66874445840748],[-74.3019170808117,6.66874155863588],[-74.3019286690789,6.66873287092002],[-74.3019402573461,6.66872707673008],[-74.3019489458515,6.6687212852168],[-74.3019576379502,6.66871838544502],[-74.3019692226241,6.66871259036269],[-74.3019779156211,6.66870969415985],[-74.3019837070597,6.66870390264632],[-74.3019981923937,6.66869810756382],[-74.3020126777277,6.66869231248123],[-74.3020213671314,6.66868941360153],[-74.3020300601284,6.66868651561408],[-74.3020329562969,6.66868361851886],[-74.3020416448023,6.66868072142358],[-74.3020503377993,6.66867782343608],[-74.3020590272031,6.66867492544856],[-74.3020677210984,6.66867202746102],[-74.3020850999059,6.66866044264857],[-74.3020966872747,6.66865175403906],[-74.3021024787134,6.66864885783585],[-74.3021169640473,6.66864016744163],[-74.3021227563843,6.66863727213062],[-74.3021285478229,6.66863147972402],[-74.3021459338169,6.66862857816727],[-74.3021575211857,6.66862567839496],[-74.302169106758,6.66861698889261],[-74.30217779706,6.66861409179695],[-74.3021864882604,6.66860829939007],[-74.302206765033,6.66859671279166],[-74.3022183550968,6.66859381301918],[-74.3022241474337,6.66859091681563],[-74.3022299388724,6.66858512440849],[-74.3022473167816,6.66857064517479],[-74.30224731229,6.66855906839009],[-74.3022500620331,6.66855139336086],[-74.3022553647882,6.66854672160391],[-74.3022630696384,6.66854255396123],[-74.302266607204,6.66853939722396],[-74.3022715317684,6.66853522958122],[-74.3022791108544,6.66853131444176],[-74.3022859299657,6.66852538016807],[-74.3022903730331,6.6685203577614],[-74.3022959237232,6.66851480893436],[-74.3023038136264,6.66851013271587],[-74.3023114106788,6.66850633445936],[-74.3023163783623,6.66850195267927],[-74.3023210522967,6.66849786266092],[-74.3023274806409,6.66849348088073],[-74.3023336161343,6.66848705498356],[-74.3023391668244,6.66848238144149],[-74.3023450112637,6.66847858318476],[-74.3023514378112,6.66847128110974],[-74.3023578670537,6.66846719109113],[-74.3023666328142,6.66846134693272],[-74.3023774440387,6.66845491835838],[-74.3023882543648,6.6684423601092],[-74.3023962646422,6.66843114557008],[-74.3024069168648,6.66842774792783],[-74.3024131727325,6.66842149244721],[-74.3024238635826,6.66841601767481],[-74.3024389867205,6.66841054022561],[-74.3024515056423,6.66840897077892],[-74.3024648034034,6.66840245208787],[-74.3024716018535,6.66839477348726],[-74.3024762739913,6.66839202717855],[-74.3024799220496,6.66838655419026],[-74.3024882647037,6.6683800381756],[-74.3024976520984,6.66837482304401],[-74.302504691297,6.6683690886298],[-74.302512771643,6.66836283136396],[-74.3025183546724,6.6683558210491],[-74.3025235514264,6.6683506264387],[-74.3025313416165,6.66834543361277],[-74.3025391336033,6.66833504796068],[-74.302544324069,6.66832466409285],[-74.3025443222724,6.66831947215885],[-74.302549515433,6.66830908739846],[-74.3025521088692,6.66829870442235],[-74.3025650958133,6.66828831698478],[-74.3025702880757,6.66828312415819],[-74.3025780827574,6.66827792865481],[-74.3025884708753,6.66827013763022],[-74.3025988607899,6.66826494212671],[-74.302606653675,6.66825715199414],[-74.3026196424157,6.66824935918475],[-74.3026274326058,6.66824156905193],[-74.3026326266648,6.66823378070347],[-74.3026456109139,6.66821820222172],[-74.3026611966841,6.668207812998],[-74.3026793812804,6.66819482646804],[-74.3026897702967,6.66818703544213],[-74.3026923673261,6.66818184350668],[-74.3027001557196,6.6681740533728],[-74.3027027554441,6.66817405158832],[-74.3027105510241,6.66817145338995],[-74.3027157432865,6.66816625966987],[-74.3027235379682,6.66816106505745],[-74.30273132726,6.66815327492327],[-74.3027365222173,6.6681454865734],[-74.3027495046698,6.66812731256697],[-74.3027546951355,6.66811692780248],[-74.3027624889189,6.66810913766758],[-74.3027650850501,6.66810394483906],[-74.3027650823551,6.66809615916513],[-74.3027676766897,6.66808837081438],[-74.3027676730964,6.66808058514022],[-74.3027754632866,6.66807279500472],[-74.3027806591421,6.66806760039136],[-74.3027858514045,6.66806240845463],[-74.3027962449123,6.66805721294891],[-74.3028040351025,6.66804942281304],[-74.3028196199743,6.66803903269352],[-74.3028352102361,6.66803643092545],[-74.302845601049,6.66803383094187],[-74.3028585897897,6.66802863365136],[-74.3028611868192,6.66802344082202],[-74.3028741728649,6.66801305337862],[-74.3028767680978,6.66800266950397],[-74.302879358839,6.66798709547609],[-74.3028819558685,6.66798190443073],[-74.3028923448848,6.66797411250922],[-74.302907930655,6.66796372417255],[-74.3029131229173,6.66795852955803],[-74.3029390986021,6.66793775466829],[-74.3029364943861,6.66792218242278],[-74.3029468780124,6.66790401019253],[-74.3029546726942,6.66790141110048],[-74.3029702539728,6.66788842545463],[-74.302980645684,6.66787803890064],[-74.3029806420907,6.66787025322312],[-74.3029858325564,6.66786246397654],[-74.3029936236449,6.66784948279085],[-74.3030040090679,6.66783390518912],[-74.3030014048519,6.66782092935613],[-74.3030065971142,6.66780794995382],[-74.3030065926226,6.66780016249072],[-74.3030091842622,6.66778199293264],[-74.3030091770757,6.66776641978995],[-74.3030091725841,6.66775863411068],[-74.3030117687153,6.66775084575457],[-74.3030143576599,6.66773786813488],[-74.3030134458699,6.66773079267761],[-74.3030138303489,6.6677226679468],[-74.3030165360745,6.66771376785996],[-74.3030219529157,6.66770525411258],[-74.3030254338874,6.66769403241869],[-74.303030461758,6.66768242260044],[-74.3030382016425,6.66766965197844],[-74.3030481001787,6.66765479708494],[-74.3030506927166,6.66764181767823],[-74.3030558840806,6.66763402842801],[-74.3030662730968,6.66761845171169],[-74.303068869228,6.66761325887796],[-74.303077661938,6.6676008835163],[-74.3030873332004,6.66758810396981],[-74.3030965571017,6.66757758000457],[-74.3031024132191,6.66756617361415],[-74.3031101198659,6.66755476722349],[-74.3031141191655,6.6675452256133],[-74.3031195207353,6.66753562154616],[-74.3031264260849,6.66752721754116],[-74.303132127692,6.66751821395098],[-74.3031357299363,6.66751041220742],[-74.3031411324044,6.66750320915657],[-74.3031478032937,6.66749462670307],[-74.303151784627,6.66748324797017],[-74.3031546259983,6.66747016505911],[-74.3031603168256,6.66745992214687],[-74.3031625877667,6.66744456134702],[-74.3031659977715,6.66743147665043],[-74.3031733962962,6.66742009613159],[-74.3031756672372,6.66740587382856],[-74.3031790808353,6.66739677208976],[-74.3031853393979,6.6673853915701],[-74.3031904579984,6.66737116748158],[-74.3031995776951,6.66735370010042],[-74.3032038635573,6.66733940641628],[-74.3032117274093,6.66732583633834],[-74.3032181566518,6.6673093968161],[-74.3032253027499,6.66729795919106],[-74.3032324524413,6.66728723535782],[-74.3032424623685,6.66727794178518],[-74.303247464188,6.66726864821237],[-74.3032531792698,6.66725220779596],[-74.3032637290845,6.66723534534942],[-74.3032687857012,6.66722033786965],[-74.3032753847253,6.66720561501407],[-74.3032840148403,6.66718784694208],[-74.3032906111694,6.6671670327611],[-74.3032921266273,6.66714825199495],[-74.3032941478366,6.66712388669567],[-74.3032982064251,6.66710459913529],[-74.3033068302518,6.66707718504825],[-74.3033088550545,6.66706195718023],[-74.3033154531802,6.66704012762423],[-74.3033323459992,6.66702487298784],[-74.3033297426815,6.66701708818902],[-74.3033245378427,6.66700151769879],[-74.3033271339739,6.66699373022287],[-74.3033323244396,6.66697815437841],[-74.3033323208463,6.66697036868661],[-74.3033323172531,6.66696258121019],[-74.3033297148337,6.66695479551813],[-74.3033245117916,6.66694441697453],[-74.3033219129654,6.66693663217444],[-74.3033193123427,6.66693144201023],[-74.303316709025,6.66692365542541],[-74.3033141030124,6.6669080849322],[-74.303311500593,6.66690029834707],[-74.3033114978981,6.66689510818246],[-74.3033114952031,6.6668873215971],[-74.3033088909871,6.6668769403753],[-74.3033062903643,6.66686656004557],[-74.3033062867711,6.66685877345977],[-74.3033062822795,6.66684839134514],[-74.3033062768896,6.66683801012254],[-74.3033062741947,6.66683022264403],[-74.3033062706014,6.66682503247869],[-74.3033062688048,6.66681984142107],[-74.3033088586477,6.66680686288446],[-74.3033088559528,6.66680167182665],[-74.3033088532578,6.66679388434755],[-74.3033088496646,6.66678869507407],[-74.3033088487663,6.66678609865281],[-74.3033088460713,6.66677831206573],[-74.3033088415797,6.66677052547849],[-74.3033140311472,6.66674975856861],[-74.3033166218884,6.66673418450088],[-74.3033192189179,6.66672899255004],[-74.3033192153246,6.66672120685427],[-74.3033192072398,6.66670303904071],[-74.3033243950106,6.66668746318702],[-74.3033243923156,6.66668227212793],[-74.3033269866502,6.66667188911734],[-74.3033321771159,6.66665631237043],[-74.3033321708277,6.66664333650625],[-74.3033347642639,6.666630357965],[-74.3033347606706,6.6666225704832],[-74.3033373532086,6.66661478389348],[-74.303337348717,6.66660699641143],[-74.3033399385599,6.66658623217131],[-74.3033399340684,6.66657585005095],[-74.303345127229,6.66656546614584],[-74.3033477188686,6.66654989207226],[-74.3033503158981,6.66654469922724],[-74.303352908436,6.66653691174407],[-74.3033555009739,6.66652652873041],[-74.3033580971051,6.66651874035469],[-74.3033606932363,6.6665109528711],[-74.3033632866725,6.66650056985689],[-74.3033684771382,6.66649278058854],[-74.3033736711972,6.66648239668167],[-74.3033762637351,6.66646941813618],[-74.3033762538536,6.66644605835944],[-74.3033762511587,6.66644086819002],[-74.3033788472898,6.66643567445159],[-74.3033866383783,6.66642788518219],[-74.3033892309162,6.66641490663525],[-74.303389224628,6.6664019289802],[-74.3033918171659,6.66638895043256],[-74.3033970067333,6.66637856563124],[-74.3033996019662,6.66636818261423],[-74.3034021954024,6.66635779959698],[-74.3034021909108,6.66634741747177],[-74.3034047843471,6.66633443892267],[-74.3034047789571,6.66632405768919],[-74.3034073723934,6.6663110791395],[-74.3034073688001,6.66630329165261],[-74.3034099622363,6.66629809969721],[-74.3034099568465,6.6662877175707],[-74.3034125529776,6.66627993097571],[-74.3034151482105,6.66627214259607],[-74.3034151428206,6.66626176046905],[-74.303415138329,6.66625137834178],[-74.3034177335619,6.6662435917462],[-74.303417728172,6.6662306140866],[-74.3034203252015,6.66622542213043],[-74.3034203198116,6.66621504000242],[-74.3034203171166,6.66620984893829],[-74.3034255075823,6.66619988348696],[-74.3034229051629,6.66619209778283],[-74.3034306962514,6.66617911744513],[-74.3034306908615,6.66616873442388],[-74.3034332816028,6.66615056569759],[-74.3034332789078,6.66614537463282],[-74.3034358669542,6.66612720590566],[-74.3034358633609,6.66611941752359],[-74.303435860666,6.66611422735073],[-74.3034384487123,6.66609086755707],[-74.3034384460174,6.66608308006667],[-74.3034384433224,6.66607788989341],[-74.3034410331654,6.66605971937928],[-74.3034436292966,6.6660519318884],[-74.3034436257033,6.66604674171481],[-74.3034462191395,6.66603116673252],[-74.3034462137496,6.66602078549263],[-74.3034462110547,6.66601559353422],[-74.3034462065631,6.66600521318624],[-74.3034487946095,6.66598963909487],[-74.3034513898423,6.66597925517739],[-74.3034539751937,6.66595070252594],[-74.3034539680072,6.66593513110956],[-74.3034539644139,6.6659273436167],[-74.3034565596468,6.66591955701599],[-74.3034565506636,6.66590138917269],[-74.3034565470704,6.66589100614555],[-74.3034565416805,6.66588062401043],[-74.3034565380872,6.66587283740896],[-74.3034591342184,6.66586504991512],[-74.3034591297268,6.66585726242115],[-74.3034617249596,6.66584687939309],[-74.3034643183959,6.66584168743285],[-74.3034695097599,6.66582870887038],[-74.3034721040944,6.66581832494946],[-74.3034746939374,6.66579755978368],[-74.3034746903441,6.6657897731809],[-74.3034746840559,6.66577679550929],[-74.3034772747972,6.66576641247951],[-74.3034772703056,6.66575603034176],[-74.3034798637419,6.66574564820381],[-74.3034824589747,6.66573785981569],[-74.303487651237,6.66572228482359],[-74.3034902428767,6.66570930536571],[-74.3034928336179,6.66569892322676],[-74.3034928300247,6.66569113662238],[-74.3034928246348,6.6656807535908],[-74.3034980177954,6.66566777413183],[-74.3035006139266,6.66565998663472],[-74.3035006103333,6.66565220002975],[-74.3035032055662,6.6656470089597],[-74.303508393337,6.66563143307246],[-74.3035083897437,6.66562364557478],[-74.3035083843538,6.66561066968326],[-74.3035109795867,6.66560288218524],[-74.3035135658364,6.66557432951193],[-74.3035135586499,6.66555875719133],[-74.3035135559549,6.6655535661203],[-74.303518744624,6.66553539469447],[-74.3035213335686,6.66551982058818],[-74.303526523136,6.66550165094558],[-74.3035291165723,6.66549126701777],[-74.3035317091102,6.66547569291006],[-74.3035342980548,6.66546011880189],[-74.3035368896944,6.66544454469319],[-74.3035368852028,6.66543416165638],[-74.3035420729736,6.66541339647434],[-74.3035420648888,6.66539522772006],[-74.3035420612955,6.66538744200311],[-74.3035420550073,6.66537446342862],[-74.3035420523123,6.66536667771133],[-74.3035394454014,6.6653511053842],[-74.3035394346216,6.66532774644639],[-74.3035394319267,6.66532255448066],[-74.3035446205957,6.66530178840166],[-74.303547214032,6.66528880982491],[-74.3035472086421,6.66527583303227],[-74.3035472059471,6.66527064195822],[-74.3035497957901,6.66525766248839],[-74.3035523892263,6.66524728033989],[-74.3035575769971,6.66522391782817],[-74.3035601713316,6.66521353478667],[-74.3035679570302,6.66519795888568],[-74.3035705486698,6.66518238476866],[-74.303573144801,6.66517459637162],[-74.3035783343684,6.66516421154461],[-74.3035809269063,6.66515123385645],[-74.3035809251096,6.66514604278109],[-74.3035835059694,6.66510710882187],[-74.3035860967107,6.66508894005625],[-74.3035886910453,6.66507855701191],[-74.3035938806127,6.66506817218283],[-74.3035964758455,6.66506038467621],[-74.3035990701801,6.66504740609307],[-74.303601662718,6.66503702304785],[-74.3036042561542,6.66502404357183],[-74.3036068459972,6.66501106498772],[-74.3036068424039,6.66500327837242],[-74.3036068379123,6.66499289711075],[-74.3036042390862,6.66498511138741],[-74.303604346884,6.66497018414078],[-74.3036095382481,6.66495201269333],[-74.303617324845,6.66493903143057],[-74.3036303108907,6.66492864392183],[-74.3036303010092,6.66490528496391],[-74.3036328953438,6.66489490102345],[-74.3036328881572,6.66487932778906],[-74.3036380768263,6.66486115812273],[-74.3036406675676,6.66485077418131],[-74.303640663076,6.66484039291642],[-74.303645857135,6.66483000897459],[-74.303651051194,6.66482221878743],[-74.3036692241122,6.66479366071516],[-74.3036718202433,6.66478846874377],[-74.3036822101579,6.66477548569219],[-74.303687398827,6.66476510174895],[-74.3036925937843,6.66475731245302],[-74.3036977878433,6.66474952404924],[-74.303702978309,6.66473914010546],[-74.3037107702958,6.66472875437697],[-74.3037237536466,6.66471317578384],[-74.3037367405906,6.66470278648583],[-74.3037523263608,6.66468980253977],[-74.3037575177248,6.66468460967501],[-74.3037653106099,6.66467681948557],[-74.3037731008,6.66466902840372],[-74.3037756969312,6.66466383821553],[-74.3037808900919,6.66465085694514],[-74.3037860805576,6.66464566407997],[-74.3037886766888,6.66463787567441],[-74.3038016618362,6.66462489261885],[-74.3038198464325,6.66461190777845],[-74.3038276357243,6.66460411758783],[-74.3038458176257,6.66458853542178],[-74.3038536114091,6.66458074612301],[-74.3038665956582,6.66456516663295],[-74.3038821778351,6.66454958714237],[-74.3038847712713,6.66454179873528],[-74.3038925623598,6.66452881746166],[-74.3038977564188,6.66452102905421],[-74.3039003480584,6.66451324153889],[-74.303905541219,6.66450285759012],[-74.3039133278159,6.66448987542323],[-74.3039211198027,6.66447948968946],[-74.30392631476,6.66447170217349],[-74.303931506124,6.66446391287291],[-74.3039392981108,6.66445352803085],[-74.3039470883009,6.66444573783771],[-74.3039548793894,6.66443275566932],[-74.3039574737239,6.66443016012783],[-74.3039704588713,6.66441717617453],[-74.3039782526548,6.6644119815224],[-74.3039834494087,6.66440938419633],[-74.3039990306873,6.664396398458],[-74.3040068235724,6.6643886091562],[-74.3040094197035,6.66438341718054],[-74.3040198069232,6.66437043411824],[-74.3040250000838,6.66436005016642],[-74.3040301887529,6.66434706978023],[-74.3040353828119,6.66433928136992],[-74.304043173002,6.66433149206723],[-74.3040457682349,6.66432370365666],[-74.3040535629166,6.66431850900356],[-74.304079540398,6.66430811612821],[-74.304092527342,6.66429772682161],[-74.3040977231976,6.66429253395271],[-74.3041081122139,6.66428474286479],[-74.3041159033024,6.66427954821129],[-74.3041185003318,6.66427695177674],[-74.3041236961875,6.66427175890765],[-74.3041288866532,6.66426396960385],[-74.3041392810593,6.66425877405787],[-74.304157461164,6.66424838385801],[-74.3041704517014,6.66423799455015],[-74.304175644862,6.66423539811538],[-74.3041808398193,6.66423020346136],[-74.3041912288356,6.66422241237245],[-74.304199022619,6.6642146230679],[-74.3042197997532,6.66419904088943],[-74.3042301905661,6.66419644088548],[-74.3042379852478,6.66418864979605],[-74.3042431757135,6.66418345692601],[-74.3042535692213,6.66417566583636],[-74.304258759687,6.66416787653104],[-74.3042639573393,6.66416527920368],[-74.3042717493261,6.66416268009181],[-74.3042847398634,6.66415488721734],[-74.3042899321257,6.66414709880395],[-74.3043029181715,6.66413670949394],[-74.3043159069122,6.66413410859743],[-74.3043237006956,6.66412631839923],[-74.3043314908857,6.66411852909316],[-74.3043392828725,6.6641081424593],[-74.3043444742365,6.66410035404516],[-74.3043470721643,6.66409775760967],[-74.3043600600067,6.66408996562643],[-74.3043678537901,6.66408477097083],[-74.3043730460524,6.66407957809969],[-74.3043782410097,6.664074383444],[-74.3043912279538,6.66406399591694],[-74.3043938249833,6.66405880393785],[-74.3043990208389,6.66405620571765],[-74.3044042131012,6.66405101284618],[-74.3044172000453,6.66404062442641],[-74.3044223950026,6.6640328360112],[-74.3044301851927,6.66402764046276],[-74.3044327813239,6.66401985293962],[-74.3044405751073,6.6640146600678],[-74.304445768268,6.66400946541144],[-74.3044483661957,6.66400686986769],[-74.3044587561103,6.66400167342677],[-74.304463949271,6.66399388501094],[-74.30446914333,6.66398350015892],[-74.3044795323462,6.66397570906609],[-74.3044899213625,6.66397051351706],[-74.3044951172181,6.66396531975246],[-74.3045107029883,6.66395752598259],[-74.3045210938012,6.66395232954113],[-74.3045288839913,6.66394453934003],[-74.3045392783975,6.663941940227],[-74.3045444706598,6.6639367464621],[-74.3045574576039,6.66392895358401],[-74.3045626543578,6.66392376071122],[-74.3045687970377,6.66390659835547],[-74.3045817857784,6.66390140191348],[-74.3045947781123,6.66389360903482],[-74.3045999685781,6.6638858206173],[-74.3046103548994,6.66387283754184],[-74.3046129519289,6.66386764556069],[-74.3046181441912,6.66385726159823],[-74.3046207412207,6.66385206872468],[-74.3046285314108,6.663844278522],[-74.3046363242959,6.66383648921145],[-74.3046493094433,6.66382350613466],[-74.3046571014301,6.66381831147629],[-74.3046648943152,6.66381052216532],[-74.3046752806365,6.66380013463267],[-74.304677877666,6.66379494175851],[-74.3046882648856,6.66378455601005],[-74.3047038497575,6.66377157114736],[-74.3047142387738,6.66376378005117],[-74.3047220316589,6.66375598984712],[-74.3047272203279,6.66374300944492],[-74.3047298173574,6.6637378174624],[-74.3047324143869,6.66373262547986],[-74.3047350096198,6.66372743260497],[-74.3047427980133,6.66371445220205],[-74.3047453950428,6.66370926111149],[-74.3047479911739,6.66370406734412],[-74.3047531807413,6.66369368248595],[-74.3047557759742,6.66368589584975],[-74.3047609700332,6.66367810653668],[-74.3047661658888,6.66367291366121],[-74.3047713572528,6.66366512434794],[-74.304773953384,6.6636599323646],[-74.3047765486168,6.6636521448356],[-74.3047817399809,6.66364435552199],[-74.3047843352137,6.66363656888502],[-74.3047921272005,6.66362618313319],[-74.3047999146957,6.66361579738113],[-74.3048051087546,6.66360541252111],[-74.3048103028136,6.66359762409903],[-74.3048128953515,6.66358983567678],[-74.3048154941777,6.66358983478456],[-74.3048180867156,6.66357685616246],[-74.304818082224,6.6635664748706],[-74.3048180786307,6.66355868734012],[-74.3048258652276,6.66354311138658],[-74.3048310601849,6.66353532296347],[-74.3048414447096,6.66351974522465],[-74.3048466378702,6.66351195680121],[-74.3048518328275,6.66350416659312],[-74.3048544262637,6.66349897460807],[-74.3048596203227,6.66349118707652],[-74.3048622173522,6.66348599419911],[-74.3048674132078,6.66348080042938],[-74.3048700039491,6.663470417351],[-74.3048751944148,6.6634548431791],[-74.3048803875755,6.66344445742344],[-74.30488298191,6.66344186098448],[-74.3048855744479,6.66342888146624],[-74.3048907694052,6.66342109393358],[-74.3048933664347,6.66341590105543],[-74.3048959616675,6.66341070996166],[-74.3048985551038,6.66340551708339],[-74.3049011521333,6.66340032509731],[-74.3049063461922,6.6633925357797],[-74.3049089423234,6.66338734379347],[-74.3049167307169,6.66337695803638],[-74.3049193277464,6.66337176604999],[-74.3049219238776,6.66336657406354],[-74.3049297131694,6.66335618741376],[-74.3049323093006,6.66335099542714],[-74.3049323066056,6.66334580611718],[-74.3049374997663,6.66333542035923],[-74.3049400941008,6.66333022837238],[-74.3049400914059,6.66332503816999],[-74.3049426884354,6.66331984439855],[-74.3049452827699,6.66331205775643],[-74.3049504750322,6.66329907734249],[-74.3049504741339,6.66329648268727],[-74.3049556645996,6.66328869336802],[-74.3049556637013,6.66328609782046],[-74.3049582598325,6.66328090583314],[-74.3049634529931,6.663270520966],[-74.3049634511965,6.66326533076299],[-74.3049660437344,6.66325235213231],[-74.3049686362723,6.66324456459686],[-74.3049764291574,6.66323677438455],[-74.3049816178265,6.66321860287286],[-74.3049842103644,6.66321081533686],[-74.3049893999318,6.66319264471648],[-74.3049919969613,6.66318745272813],[-74.3049945930925,6.66318225984749],[-74.3049997853548,6.66317706785904],[-74.3049997826599,6.66317187587052],[-74.3050023778927,6.66316408922602],[-74.3050049749222,6.66315889545291],[-74.3050127606208,6.66314331948663],[-74.3050127570275,6.66313553373393],[-74.3050231406539,6.66310957289639],[-74.3050283329162,6.66310438090716],[-74.3050237874409,6.66308726938088],[-74.3050289788049,6.6630768854019],[-74.3050341719656,6.66307169162783],[-74.3050367671984,6.66306390498178],[-74.3050419585625,6.66305092456126],[-74.3050445519987,6.66304573257144],[-74.3050523412905,6.66302756105269],[-74.3050523385956,6.66302236995485],[-74.3050549338284,6.66301717796471],[-74.3050575263663,6.66300160377842],[-74.3050653102683,6.66298083581664],[-74.3050808933435,6.66296525538349],[-74.3050912805631,6.66295486872517],[-74.3050964746221,6.6629470794005],[-74.3051042549308,6.66291852568028],[-74.305106851062,6.66291073903178],[-74.3051172373833,6.66289775593048],[-74.3051302198358,6.66287958172948],[-74.3051302189374,6.66287698707206],[-74.305132813272,6.66286660308863],[-74.3051354094031,6.66285881554704],[-74.3051380037377,6.66285102800533],[-74.3051483918556,6.66284064134463],[-74.3051561838424,6.66283025557593],[-74.3051561811475,6.66282506358375],[-74.3051613743081,6.66281987159152],[-74.3051665692654,6.66281467781473],[-74.3051795544128,6.66280169381867],[-74.3051847493701,6.66279390538378],[-74.3051925332721,6.66277573385569],[-74.3051977282293,6.66276794452817],[-74.3052055139279,6.66275236765725],[-74.3052081082625,6.66274198456344],[-74.3052132996265,6.66272900502667],[-74.305215896656,6.66272381392568],[-74.3052158930627,6.66271602548956],[-74.305218483804,6.66270564239499],[-74.3052236760663,6.66269266285726],[-74.3052288701253,6.66268487442068],[-74.3052340596927,6.66267449043318],[-74.3052366567222,6.66266929754712],[-74.3052418489845,6.66265891355929],[-74.305249637378,6.6626459331281],[-74.3052522326109,6.66264073934946],[-74.3052600201061,6.66262516336674],[-74.3052652150634,6.66261996958789],[-74.3052704064274,6.66260439449676],[-74.3052755941982,6.66258881940514],[-74.3052833870833,6.66258103007465],[-74.3052885793456,6.6625758354031],[-74.3052911718835,6.66256545409005],[-74.3052963650442,6.66255247365635],[-74.3053015600015,6.66254727987674],[-74.3053067513655,6.66253949054559],[-74.3053145433523,6.66252910566278],[-74.305317129602,6.66251093590937],[-74.3053249215887,6.66250055102595],[-74.3053327108806,6.66249016435783],[-74.3053327099823,6.66248756880608],[-74.3053404983758,6.66246939815887],[-74.3053430954053,6.6624642043784],[-74.3053456879432,6.66245901238234],[-74.305353477235,6.66244343550161],[-74.3053560688746,6.66242786218937],[-74.3053586650058,6.66242007464082],[-74.3053638527765,6.66240709509553],[-74.3053690432423,6.6623889235531],[-74.3053716393734,6.66238373155625],[-74.3053768253476,6.66236556090523],[-74.3053794187838,6.66235517780323],[-74.3053820113217,6.66233960359597],[-74.3053820041352,6.66232403117265],[-74.3053820023385,6.66231884006737],[-74.3053819960503,6.66230586141168],[-74.3053819915587,6.66229807564568],[-74.3053819870672,6.66228769343448],[-74.305381980779,6.66227471656247],[-74.3053819735924,6.66225914413713],[-74.305384567927,6.66224876014062],[-74.3053871631598,6.66224097169696],[-74.3053923563205,6.66223577880631],[-74.305400147409,6.66222539391708],[-74.3054053396713,6.66222020013399],[-74.3054214222098,6.6622183014275],[-74.3054240138494,6.66220272810812],[-74.3054292061118,6.66218974855709],[-74.3054292034168,6.66218455655813],[-74.3054343965775,6.66217417166779],[-74.305436990912,6.66217157611438],[-74.3054395861449,6.66216119300827],[-74.3054499715679,6.66214821077938],[-74.3054577662496,6.66214301610324],[-74.3054681561642,6.66213781964254],[-74.3054759499476,6.66213262585853],[-74.3054915339211,6.66211964095215],[-74.3055019220391,6.66210925516819],[-74.3055071143014,6.66210406049165],[-74.305517504216,6.66209107915351],[-74.3055200976522,6.66208069604571],[-74.3055226919868,6.66207550404558],[-74.3055252881179,6.66207031115315],[-74.305525285423,6.66206252449119],[-74.3055278806558,6.66205733159865],[-74.3055382687738,6.66204694581337],[-74.3055460589639,6.66203396447372],[-74.3055486550951,6.66202617691892],[-74.3055590423147,6.66201579113297],[-74.3055642318821,6.66200540534682],[-74.3055694259411,6.66199761689932],[-74.3056488441987,6.66195892984334],[-74.3056961701429,6.66191537288473],[-74.3058040919445,6.66184718268575],[-74.3058987474259,6.66176196299178],[-74.3060274778028,6.66164454910747],[-74.306125913395,6.66154607856611],[-74.3062698127237,6.66146840547591],[-74.3064127796012,6.66143048392934],[-74.3065377738848,6.66142096182952],[-74.3066248942976,6.66142281414206],[-74.3067044473026,6.66144359912257],[-74.3067537046246,6.66148143144308],[-74.3068446249111,6.6615078884581],[-74.306954470904,6.66150783759982],[-74.307064316897,6.66150778674155],[-74.307193090393,6.66148501382933],[-74.3072896637776,6.66145279019695],[-74.3074165328452,6.66140541079109],[-74.3075746417251,6.6613447680715],[-74.3076579631626,6.66132201567352],[-74.3077697010075,6.66132196392296],[-74.3078928079307,6.66133137092437],[-74.3080045628436,6.66136538798893],[-74.3080954804352,6.66138616583386],[-74.3081939744179,6.66140694100117],[-74.3083019330504,6.66142581835029],[-74.3083776879783,6.66142578355251],[-74.3084704758624,6.66139924176924],[-74.3085575792072,6.66136323766439],[-74.3086673928608,6.66129693806846],[-74.3087904548682,6.66120981153829],[-74.3088756528864,6.6611492018078],[-74.308928661573,6.6611056421005],[-74.3089702948932,6.66103937369859],[-74.3090043473306,6.66095607488198],[-74.3090335497639,6.66084972294249],[-74.3090569347074,6.66084452111457],[-74.3090699234481,6.66083672818739],[-74.3091036920179,6.66082373521644],[-74.309111484903,6.66081594496565],[-74.3091192750932,6.66080815471478],[-74.3091270670799,6.66079776801079],[-74.3091452462863,6.66078218661607],[-74.3091608311582,6.66077179812703],[-74.3091738181023,6.66075621851596],[-74.3091842062202,6.66074842737187],[-74.3091893993809,6.66074323357315],[-74.3091971931643,6.66073803888214],[-74.309223168849,6.66072504947758],[-74.3092465448094,6.66070687073484],[-74.3092595982287,6.66069894664442],[-74.3092792336042,6.66069348873856],[-74.3092885069129,6.6606891247337],[-74.3092966860736,6.66068367218123],[-74.3093075934177,6.66067821784422],[-74.3093157752733,6.66067439989753],[-74.3093250476837,6.66067439543626],[-74.3093356783468,6.66066886347319],[-74.3093407969473,6.66066800958794],[-74.309350181647,6.66066885722742],[-74.3093619100514,6.66066352602104],[-74.3093723592548,6.66066160410999],[-74.3093800371555,6.66065904245415],[-74.3093894191604,6.66065264679085],[-74.3093956202307,6.66064360203081],[-74.3094057316676,6.66063854653009],[-74.3094158422061,6.66063096506338],[-74.3094208970262,6.66062843552845],[-74.3094284841971,6.66062590688576],[-74.3094310102597,6.66062590599349],[-74.3094385956339,6.66062842749817],[-74.3094487115623,6.66063094989507],[-74.3094588247958,6.66062841857567],[-74.3094664092718,6.66062588904073],[-74.3094739937477,6.66062083443205],[-74.3094815782237,6.66061830578931],[-74.3094891618013,6.66061577536204],[-74.3094942148248,6.66061072164553],[-74.3094992732381,6.66060819389499],[-74.3095068550191,6.6606031383939],[-74.3095144376984,6.66060061064331],[-74.3095220221744,6.66059808110824],[-74.309529605752,6.66059555068087],[-74.3095346632671,6.66059302293028],[-74.309542245048,6.66058544146288],[-74.3095523582815,6.66058291103544],[-74.3095649993742,6.66057785464181],[-74.3095725838501,6.66057785196508],[-74.3095801656311,6.66057279467913],[-74.3096079747774,6.66056268010713],[-74.3096155601516,6.66056267564589],[-74.3096256742834,6.66056267207687],[-74.309640842337,6.6605576130063],[-74.309653484328,6.66055508079424],[-74.3096610688039,6.6605550772252],[-74.3096635921716,6.6605424473935],[-74.3096711703593,6.66052729070278],[-74.3096711649694,6.66051718772911],[-74.3096711631728,6.66051213579609],[-74.3096686299237,6.66050455968097],[-74.3096711532913,6.66049192984796],[-74.3096762018232,6.66047677404792],[-74.309686315955,6.66047676869441],[-74.3096939013293,6.6604717140842],[-74.3097014849069,6.6604691836562],[-74.3097115963437,6.66046160218688],[-74.3097242338431,6.66045654489974],[-74.3097318183191,6.66045401536391],[-74.3097520420911,6.6604464276486],[-74.3097697406988,6.66044389454372],[-74.3097773260731,6.66044389186695],[-74.3097899716573,6.66045146173726],[-74.3098102017175,6.66045397878156],[-74.3098228446068,6.66045902357719],[-74.3098253778559,6.66046660058528],[-74.3098279138,6.66048175281659],[-74.3098279191899,6.66049185579098],[-74.3098228652681,6.66050196054968],[-74.3098127583228,6.66050954291064],[-74.3098077026044,6.66051712348696],[-74.3098051792368,6.66052975153482],[-74.3097976001507,6.66054238493585],[-74.3098178338042,6.66055247809421],[-74.3098330018577,6.66054994498987],[-74.3098431132946,6.66054236262955],[-74.3098532247314,6.66053730712775],[-74.3098608101057,6.66053730355876],[-74.3098734494017,6.66052971941372],[-74.309881032081,6.66052466569632],[-74.3098860851045,6.6605196110866],[-74.309896198338,6.66051708155108],[-74.3099113690865,6.66051202248005],[-74.3099240083825,6.66050948937549],[-74.3099315973501,6.66051201266527],[-74.3099492959578,6.66050947866845],[-74.3099644613164,6.66050189452302],[-74.3099720457924,6.66050189095401],[-74.3099846913766,6.66050441156706],[-74.3099948064067,6.66050440710578],[-74.3100023908827,6.66050440264455],[-74.3100150301787,6.66050187043219],[-74.3100226182479,6.66050186686318],[-74.3100302018255,6.66050186418641],[-74.3100428420199,6.66049933108181],[-74.3100504238009,6.66049427736409],[-74.310055481316,6.66048922275406],[-74.3100782293539,6.66047658489039],[-74.3100832877673,6.66047658310588],[-74.3100908722432,6.66047405267791],[-74.3100984558208,6.66047152314216],[-74.3101085672577,6.66046646763967],[-74.3101186786945,6.66046141035258],[-74.3101313215838,6.66045887814003],[-74.3101515462541,6.66045634414293],[-74.3101667161043,6.66045128507127],[-74.3101768293378,6.6604487537509],[-74.3101919973914,6.66044369646365],[-74.3101995800707,6.66044116692775],[-74.3102096933041,6.66043863560733],[-74.3102147499209,6.66043358278123],[-74.3102248586628,6.66043105146077],[-74.3102375033487,6.66043104699953],[-74.3102476156839,6.66042851478679],[-74.3102728978692,6.66042345214581],[-74.3102855425552,6.66042849694174],[-74.3103007133037,6.66042848980373],[-74.3103158831539,6.66042848266572],[-74.3103234712231,6.66042595312974],[-74.3103361114175,6.66042847374318],[-74.3103462282442,6.66043352121583],[-74.3103563441726,6.66043604093697],[-74.3103664609993,6.66044108751727],[-74.3103968033947,6.66044107413348],[-74.3104094408941,6.6604360159539],[-74.3104170262684,6.66043601149263],[-74.3104321988135,6.66043600435462],[-74.3104549486481,6.66042589067207],[-74.3104726472558,6.66042335756707],[-74.3104878189026,6.66042082446205],[-74.3104979330344,6.66042082089301],[-74.3105029860579,6.66041576538999],[-74.3105105714322,6.66041576271323],[-74.3105181550098,6.66041323496171],[-74.3105307961025,6.66040817588956],[-74.3105383787818,6.66040564635347],[-74.3105560746946,6.66039806220644],[-74.3105636591705,6.66039553177803],[-74.3105813523883,6.66038289569648],[-74.3105864036152,6.66036773810856],[-74.3105864009202,6.66036268795849],[-74.3105914521471,6.66035258141244],[-74.3105965069672,6.66034500172582],[-74.310606618404,6.66033994711425],[-74.3106167316375,6.66033741490107],[-74.3106293700352,6.66033235850492],[-74.3106369554095,6.66033235582815],[-74.3106571845714,6.66033739616375],[-74.3106647699456,6.66033739259475],[-74.3106799469823,6.66034496157445],[-74.3106875323566,6.6603449588977],[-74.3106951168326,6.66034495443643],[-74.3107128109487,6.66033484342873],[-74.3107229250805,6.66033483896749],[-74.3107330410089,6.66033736047366],[-74.3107406272815,6.66033988287206],[-74.3107507414133,6.66033987841079],[-74.3107608546467,6.66033987394954],[-74.3107684391227,6.66033734352084],[-74.310781079317,6.66032976115725],[-74.3107861341371,6.66032723162075],[-74.3108013003941,6.6603221752245],[-74.3108114136276,6.66031964390347],[-74.3108215259627,6.6603145866149],[-74.3108316391962,6.66031205618606],[-74.3108442811871,6.66030952486497],[-74.310854392624,6.66030446757629],[-74.3108645031625,6.66030193714745],[-74.3108746172943,6.6603019317939],[-74.3108822008719,6.66029940493404],[-74.3108923132071,6.66029687361288],[-74.3109074839556,6.66029181453957],[-74.3109175980874,6.66028928500289],[-74.3109277086259,6.66028422860624],[-74.3109378191644,6.66028169639277],[-74.310952989913,6.66027663910379],[-74.3109656301073,6.66027663285801],[-74.3109732172782,6.66027410421352],[-74.3109858547776,6.66026904692447],[-74.3109934383552,6.66026651738766],[-74.3110035515887,6.66026398695861],[-74.3110060794479,6.66025893502297],[-74.3110187214389,6.66025640280935],[-74.3110338876959,6.66025134373563],[-74.3110414730701,6.66025134016659],[-74.3110515863036,6.66024881062972],[-74.3110591707795,6.66024880706069],[-74.311069284013,6.66024627573931],[-74.3110793963481,6.66024121844995],[-74.3110819251057,6.66024121755772],[-74.3110970940576,6.66023868534399],[-74.311107207291,6.6602361549148],[-74.3111249023055,6.66022856987287],[-74.3111324858831,6.66022604122809],[-74.3111324867814,6.6602285654116],[-74.3111426027099,6.66023108602606],[-74.3111501880841,6.66023108245704],[-74.3111628300751,6.66022855202781],[-74.3111729433086,6.66022602159853],[-74.3111830583387,6.66022601713728],[-74.3111906401197,6.66022095984772],[-74.3111931652839,6.66021843477194],[-74.3112007506582,6.66021590434264],[-74.3112058036817,6.66021085062201],[-74.3112133872593,6.66020579600905],[-74.3112234995945,6.66020326468742],[-74.3112310849687,6.66020326201064],[-74.3112462548189,6.66019820382862],[-74.3112563680524,6.66019314653879],[-74.3112639507317,6.6601906170016],[-74.311271536106,6.6601906134326],[-74.3112841771986,6.66018303106669],[-74.3112917616746,6.66018555346593],[-74.3113094611806,6.66018554543564],[-74.3113220968834,6.66017543710144],[-74.3113347370778,6.66016785205857],[-74.3113448503112,6.66016532252124],[-74.3113524338889,6.66016279298391],[-74.3113600165682,6.66016026344654],[-74.3113676028408,6.66016278584589],[-74.31137519091,6.66016025541627],[-74.3113878266127,6.66015267394218],[-74.3113979398462,6.66015014262026],[-74.311408053978,6.66015013815902],[-74.3114156375556,6.66014760772933],[-74.3114156393523,6.66015013369775],[-74.3114333343667,6.66014254865449],[-74.3114434440069,6.66013244121163],[-74.3114485033186,6.6601324385349],[-74.3114662001297,6.66012737856763],[-74.311473782809,6.66012484992233],[-74.3114864221051,6.66012231770804],[-74.3115015928536,6.6601172586329],[-74.3115091764312,6.66011220491125],[-74.3115117042904,6.66010967715814],[-74.3115167573139,6.66010462343641],[-74.3115218103374,6.66009956882237],[-74.3115293930167,6.66008946316316],[-74.3115445601719,6.6600818790112],[-74.3115496140937,6.6600793503657],[-74.3115597282255,6.66007934590442],[-74.3115774268333,6.66007933787414],[-74.3115951272376,6.6600818549204],[-74.311605243166,6.66008437642783],[-74.3116103042743,6.66008942390402],[-74.3116128366251,6.66009700091783],[-74.311628008272,6.66009951885622],[-74.3116355918496,6.66009699021079],[-74.3116406421781,6.66008688455151],[-74.3116406403815,6.66008183261405],[-74.3116456960999,6.66007677889203],[-74.3116532796775,6.66007425113874],[-74.3116633911144,6.66006919384761],[-74.311670974692,6.66006666341755],[-74.3116785591679,6.6600641356642],[-74.3116912011589,6.66005907748073],[-74.3117063674159,6.66005149422056],[-74.3117190094069,6.66004896200589],[-74.3117341747655,6.66004137785331],[-74.3117442871006,6.66003632056187],[-74.3117645117709,6.66002873462459],[-74.3117695647944,6.66002368000976],[-74.3117822058871,6.66001862271814],[-74.3117897903631,6.66001609318005],[-74.3118150707518,6.66001103053481],[-74.3118327675629,6.66000597056629],[-74.3118428789997,6.65999838819757],[-74.3118580479516,6.65999080493648],[-74.3118656333258,6.6599908004752],[-74.3118833283403,6.6599806894602],[-74.3118909101213,6.65997815992195],[-74.3118984945973,6.65997815635291],[-74.3119060781749,6.65997310084533],[-74.3119136653458,6.65997057309149],[-74.3119288333993,6.65996551401483],[-74.3119364160787,6.65996298358419],[-74.311943998758,6.65996045493807],[-74.3119541128898,6.65995792361517],[-74.3119616946708,6.65995286899964],[-74.3119793932785,6.65995033589221],[-74.3119869795511,6.65994780546149],[-74.3120021467063,6.65994274549232],[-74.3120097320806,6.65994274281557],[-74.3120173156582,6.65994021506159],[-74.3120274279934,6.65993768373858],[-74.312035011571,6.65993515420007],[-74.3120425996402,6.65993262466154],[-74.3120552380379,6.65992756736898],[-74.3120602973496,6.65992756469221],[-74.3120678791306,6.65992503515368],[-74.31208051663,6.65991997696878],[-74.3121007439953,6.65991491789155],[-74.3121159102522,6.65990733373689],[-74.3121285504466,6.65989974868989],[-74.3121386618834,6.65989469407373],[-74.3121462463594,6.65989216364276],[-74.3121588883504,6.65988963142726],[-74.312166471928,6.65988962785822],[-74.312179113919,6.65988457056523],[-74.3121916508071,6.65987544459599],[-74.3121967047289,6.65987291594939],[-74.3122068125724,6.65986028253113],[-74.3122270399377,6.65985774674645],[-74.3122346262103,6.6598602700396],[-74.3122497960605,6.6598602620093],[-74.3122624389498,6.65985772979363],[-74.3122750800425,6.65985267339253],[-74.3122826618235,6.65984761788365],[-74.3122927741586,6.65984256148244],[-74.3122978289787,6.65984003283571],[-74.3123054107597,6.65983497821894],[-74.3123129952357,6.65983244957217],[-74.3123231057742,6.65982739317081],[-74.3123357486635,6.65982486006272],[-74.3123534481695,6.65982485203244],[-74.312363561403,6.65982232249335],[-74.312371143184,6.65981726698415],[-74.3123762006991,6.65981473833729],[-74.3123812546208,6.65981221147488],[-74.3123938957135,6.6598046282109],[-74.3123964190812,6.65979957448604],[-74.3124115898297,6.6597970413778],[-74.3124141149939,6.65979451451533],[-74.3124242273291,6.65978945989809],[-74.3124292857424,6.65978945722135],[-74.3124393980776,6.65978439992729],[-74.3124469825536,6.65978439546601],[-74.312457095787,6.65978186771125],[-74.312464677568,6.65977681041711],[-74.312472262044,6.65977428177004],[-74.3124849058316,6.65977427552424],[-74.312497543331,6.65976669315195],[-74.3125000711902,6.65976669136745],[-74.3125076538695,6.65976163674992],[-74.3125127113846,6.65975658302461],[-74.3125278794381,6.65975404902389],[-74.3125379926716,6.65975151948442],[-74.3125506310694,6.65974898816044],[-74.3125607443028,6.65974645683648],[-74.312570856638,6.65974392551249],[-74.3125759159497,6.65974392283571],[-74.3125809689731,6.65973887089473],[-74.3125910831049,6.6597388655412],[-74.3125986630893,6.6597287589823],[-74.3126163599004,6.65972369901084],[-74.3126290000947,6.65971611574549],[-74.312636582774,6.65971358620587],[-74.312649224765,6.6597085298033],[-74.3126694494353,6.65970599401781],[-74.3126795608722,6.65970093672292],[-74.3126846183872,6.65969840985992],[-74.3126997828475,6.65968829973118],[-74.3127149491045,6.65968071378854],[-74.3127200066195,6.65967818692544],[-74.3127275892988,6.65967313141478],[-74.3127351710798,6.65966807679628],[-74.3127427555558,6.65966807322727],[-74.3127553984451,6.65966301503972],[-74.3127680404361,6.65966048371529],[-74.3127781518729,6.65965542820443],[-74.3127832057947,6.65965289866447],[-74.3127933181299,6.65964784404576],[-74.3128009017075,6.65964531361352],[-74.3128110140427,6.65964025721024],[-74.312818596722,6.65963772856245],[-74.3128337638772,6.65963266948232],[-74.3128590487575,6.6596276059409],[-74.3128742159128,6.65962254686065],[-74.3128919118256,6.65961496180925],[-74.3128994971998,6.6596149591325],[-74.3129070789808,6.65960737764998],[-74.3129146661517,6.6596073749732],[-74.3129222497293,6.65960484454075],[-74.3129298351036,6.65960484097174],[-74.3129374195795,6.65960483651047],[-74.3129500615705,6.65960230607797],[-74.312955117289,6.65959977653775],[-74.3129601730074,6.65959472370302],[-74.3129702826476,6.65958714043568],[-74.3129803886945,6.65957703298137],[-74.3129879758654,6.65957197836193],[-74.3129980846073,6.65956944792926],[-74.3130006115682,6.65956439598647],[-74.3130081942475,6.65955933958237],[-74.3130157787235,6.65955175988349],[-74.3130233596061,6.6595441801845],[-74.313033471043,6.65953659691638],[-74.3130385240665,6.65953154318875],[-74.3130461067458,6.65952648767656],[-74.3130536876285,6.65952143305657],[-74.3130764428529,6.65951384443455],[-74.3130865551881,6.65950878892218],[-74.3130941387657,6.65950878446091],[-74.3130991917892,6.65950373162526],[-74.3131068939444,6.65949940686898],[-74.3131168868036,6.65949362060022],[-74.3131244739745,6.65949109105942],[-74.3131418087646,6.65948409221702],[-74.3131494210883,6.6594769729202],[-74.3131598622068,6.65947086900866],[-74.3131649152303,6.65946581260359],[-74.3131724979096,6.65946075976747],[-74.3131800841822,6.6594582302265],[-74.3131826093464,6.6594531756058],[-74.3131901920258,6.65945064784933],[-74.3131927189867,6.65944559501304],[-74.3132003025643,6.65944306457975],[-74.3132076543766,6.65944008712701],[-74.3132150205619,6.65943812059845],[-74.3132255838513,6.65943042579686],[-74.3132382195541,6.65942284074249],[-74.3132563277936,6.65941497016657],[-74.3132659056312,6.65940809445421],[-74.313272535198,6.659402938116],[-74.3132786644031,6.65939503898763],[-74.3132862470825,6.65938998615078],[-74.3132939321697,6.65938399733898],[-74.3133027715921,6.65937785862834],[-74.3133140508388,6.65936976588037],[-74.3133241622757,6.65936470858198],[-74.3133292152991,6.65935965574482],[-74.3133369623702,6.65935741172477],[-74.313343837177,6.65935348312823],[-74.3133519669303,6.65934701606754],[-74.3133595514063,6.65934448563375],[-74.3133696619448,6.65933943101188],[-74.31337977428,6.65933437371321],[-74.3133898848185,6.65932679222635],[-74.3134025223179,6.6593192080626],[-74.3134082194334,6.65931363950184],[-74.3134151607156,6.659311624791],[-74.3134202137391,6.65930657195333],[-74.3134277973167,6.65930151554656],[-74.313435382691,6.65929646181648],[-74.3134505489479,6.65928887586779],[-74.3134631891423,6.65928129348796],[-74.3134740686387,6.65927429285806],[-74.3134834084227,6.65926865559318],[-74.3134935198595,6.65926360007828],[-74.3135011034372,6.65925854367108],[-74.3135079890238,6.65925042504573],[-74.3135175650648,6.6592435502233],[-74.3135263802326,6.65923832607197],[-74.3135314332561,6.65923327234129],[-74.313541544693,6.65922821504148],[-74.3135516561298,6.65922315952618],[-74.3135567091533,6.65921810579532],[-74.313564749075,6.65921252295733],[-74.3135718781052,6.65920799565668],[-74.3135804633043,6.65919852972575],[-74.3135895704247,6.65919283357119],[-74.3135971522057,6.65918777805551],[-74.3136072618459,6.65918019567412],[-74.3136148454235,6.65917514015832],[-74.3136224272045,6.65917008642696],[-74.3136303566335,6.65916359794975],[-74.3136360034434,6.65915770549871],[-74.3136409136347,6.65915328794491],[-74.3136477004067,6.65914734195843],[-74.313655285781,6.6591422882268],[-74.3136628693586,6.65913723271058],[-74.3136679223821,6.65913217897884],[-74.3136729781005,6.65912712435477],[-74.3136795079543,6.65911910833656],[-74.3136856111083,6.65911196494356],[-74.3136945107178,6.65910776956083],[-74.3137043337955,6.65910187621684],[-74.3137097362636,6.65909917357659],[-74.3137141559748,6.65909401991186],[-74.3137184732781,6.65908921690332],[-74.3137260559574,6.65908668736043],[-74.3137336386367,6.65908415781757],[-74.3137412222143,6.65907910408524],[-74.3137462770344,6.65907152259444],[-74.3137563866746,6.65906141512955],[-74.3137664954165,6.65905635872026],[-74.3137791329159,6.65904625036279],[-74.3137816616734,6.65904372349647],[-74.3137892425561,6.65903614289736],[-74.3137942955796,6.65903108916458],[-74.3137968234388,6.65902603721625],[-74.3138044070164,6.6590235067808],[-74.3138119887974,6.65901845304785],[-74.3138221011326,6.65901339574588],[-74.3138296838119,6.65900834112059],[-74.3138347404286,6.65900328649525],[-74.3138448500688,6.65899570500328],[-74.3138524327482,6.65899064948558],[-74.3138600154275,6.65898559486006],[-74.3138650711459,6.65898054112675],[-74.3138726520286,6.65897295963444],[-74.3138777050521,6.65896790679324],[-74.3138852868331,6.65896032440849],[-74.3138928722073,6.65895274470036],[-74.3138979252308,6.65894769007446],[-74.3139029782543,6.65894263634076],[-74.3139080339727,6.65893758171475],[-74.3139156157537,6.65893252798091],[-74.313920674167,6.65893000022176],[-74.3139282550497,6.65892241872867],[-74.3139333080732,6.65891736499472],[-74.3139383646899,6.65891231036844],[-74.3139484716352,6.65890472976729],[-74.3139535282519,6.65889967514089],[-74.3139585812754,6.65889462140671],[-74.3139661684463,6.65889209275509],[-74.3139712205714,6.65888703812855],[-74.3139788032508,6.65888198350197],[-74.3139838589692,6.65887440468489],[-74.3139889119927,6.65886934916595],[-74.3139939668128,6.65886176945641],[-74.3140015476954,6.65885418974677],[-74.3140065998206,6.65884660914473],[-74.3140128359253,6.65883500893185],[-74.3140192346251,6.65882892285745],[-74.3140345715619,6.65881394545714],[-74.3140394521088,6.65880365685906],[-74.3140471821119,6.65879573273788],[-74.3140546129759,6.65878849476108],[-74.3140621956552,6.65878344013351],[-74.3140723043971,6.65877080668715],[-74.3140773574206,6.65876575295164],[-74.3140798843815,6.65876070100059],[-74.3140874661625,6.6587531186126],[-74.3140874616709,6.65874554157805],[-74.3140971401198,6.65874050568739],[-74.3141038406535,6.65873332749092],[-74.314111512266,6.6587208350197],[-74.3141140401252,6.65871830904393],[-74.3141190931487,6.6587132526311],[-74.3141216219062,6.65871072754755],[-74.3141241488671,6.65870567381142],[-74.3141344758996,6.65870030243219],[-74.3141440483473,6.65869025295627],[-74.3141545828906,6.65868163644281],[-74.3141635938912,6.65867537280761],[-74.3141699009628,6.65867011652905],[-74.3141755055519,6.65866241190065],[-74.3141797509899,6.65865513287812],[-74.3141873336692,6.65865007914142],[-74.3141949163485,6.65864502362013],[-74.3142024999262,6.65864249407494],[-74.314207553848,6.6586349143619],[-74.3142128161789,6.65862701075993],[-74.3142201859575,6.65861722895923],[-74.3142252416759,6.65860964746131],[-74.3142302955977,6.65860712059272],[-74.3142328243552,6.65860459372412],[-74.3142353477229,6.6585995399869],[-74.31424038278,6.65859197098026],[-74.3142475648107,6.65858718313517],[-74.3142537874407,6.65858239618225],[-74.3142614446802,6.65856995367353],[-74.3142638377921,6.65855889683797],[-74.3142671804233,6.6585522504234],[-74.3142758365893,6.65854590112993],[-74.3142872892109,6.65853645392367],[-74.3142959956826,6.65852374106019],[-74.3143061071195,6.65851615866854],[-74.3143162167597,6.65850605208445],[-74.3143237976424,6.65849846969257],[-74.3143313776267,6.65848836310811],[-74.3143339063843,6.65848583445439],[-74.3143414872669,6.65847825473895],[-74.3143440142278,6.65847320367717],[-74.314349066353,6.65846562306928],[-74.3143566463374,6.65845551559189],[-74.3143639631153,6.65844961510204],[-74.3143718107977,6.65843782839824],[-74.3143743341653,6.65843277822831],[-74.3143768611262,6.65842772359705],[-74.3143844429072,6.65842014298842],[-74.314389496829,6.65841256416423],[-74.3143945480558,6.65840245847025],[-74.3144021289385,6.65839487696903],[-74.3144122358838,6.65837971842744],[-74.3144198167665,6.65837213781811],[-74.3144223437273,6.65836708497072],[-74.3144299237117,6.65835697749134],[-74.3144349794301,6.65834939866612],[-74.3144454223453,6.65834164495859],[-74.3144519207581,6.65833614598274],[-74.3144583095764,6.65832929345389],[-74.3144678317184,6.65831654846386],[-74.3144754143977,6.65830896874578],[-74.3144829952804,6.658303913221],[-74.3144905797563,6.65829633171823],[-74.3144956327798,6.65829127708556],[-74.314500684905,6.65828369736709],[-74.3145032118658,6.65827864541108],[-74.314508266686,6.65827106569242],[-74.3145107900536,6.65826348686593],[-74.314515845772,6.65825843490967],[-74.3145158430771,6.65825085608298],[-74.3145208961005,6.65824580412662],[-74.3145234221631,6.65824074949343],[-74.3145148576252,6.65823479992689],[-74.3145038397882,6.65822858536008],[-74.3145124519369,6.65821662198417],[-74.3145259374459,6.65821043953836],[-74.3145397481451,6.65820704182528],[-74.3145527521571,6.65820634497288],[-74.3145613687974,6.65819964412589],[-74.3145714389117,6.65819021208127],[-74.3145764910368,6.65818263236126],[-74.3145815476536,6.65817757861967],[-74.3145865997787,6.65816999979175],[-74.3145865970838,6.65816494872679],[-74.3145916492089,6.65815736900638],[-74.3145967058257,6.65815231437231],[-74.3146017570525,6.65814473554395],[-74.3146068136692,6.65813968180198],[-74.3146118666927,6.65813462805998],[-74.3146169242078,6.65813209940441],[-74.3146270329497,6.65812199192017],[-74.3146320841765,6.65811188711248],[-74.3146350746681,6.65810153782624],[-74.3146396596693,6.65809420169096],[-74.3146447171843,6.65808914884072],[-74.314652298067,6.65808156911914],[-74.3146598771531,6.65807146163383],[-74.3146649301766,6.65806388101975],[-74.3146725146525,6.65805882638468],[-74.3146795888854,6.65804889288901],[-74.3146851449654,6.65803608900272],[-74.3146876719263,6.65803103704413],[-74.3146927222548,6.65802093134232],[-74.3146952474191,6.65801082742482],[-74.3146977752783,6.65800830055316],[-74.3147003004426,6.65800072261485],[-74.3147078822235,6.65799314110739],[-74.3147154631062,6.65798556049206],[-74.3147230439889,6.65797797898436],[-74.3147331563241,6.65797292256391],[-74.3147382093476,6.65796786971244],[-74.3147456950088,6.65795633104451],[-74.3147533540449,6.65795058580138],[-74.3147634834481,6.65794007233643],[-74.3147710652291,6.65793501948461],[-74.3147761191508,6.65793249082803],[-74.3147786452134,6.65792491288855],[-74.3147811721743,6.6579198600366],[-74.3147836946436,6.65791228209691],[-74.3147862207062,6.6579047023726],[-74.3147887476671,6.65789964952041],[-74.3147963294481,6.6578920697959],[-74.3148046487459,6.65788044546951],[-74.3148114894169,6.65787438258196],[-74.3148165451353,6.65786680374933],[-74.3148215972604,6.65785922313204],[-74.3148317060023,6.65784911474992],[-74.3148392859867,6.65783900904438],[-74.3148493956269,6.65783142664214],[-74.3148519216895,6.65782384870109],[-74.3148544477521,6.65781626897542],[-74.3148544450571,6.6578112187991],[-74.314859496284,6.65780111309278],[-74.3148620223465,6.65779353604353],[-74.3148695987376,6.65777837659112],[-74.314869596941,6.65777332552214],[-74.3148721239019,6.65776827266863],[-74.3148803237238,6.65776681382781],[-74.3148851099477,6.65775771994044],[-74.3148922892834,6.65774719308749],[-74.3148999159802,6.6577253211808],[-74.3149024402461,6.65772027011131],[-74.3149074959645,6.6577152154727],[-74.314912548988,6.65771016172633],[-74.3149176047064,6.65770258110662],[-74.3149226550349,6.65769247718256],[-74.3149327619802,6.65767731772705],[-74.3149378185969,6.65767478996142],[-74.3149428716204,6.65766973621458],[-74.3149453985813,6.65766468246774],[-74.3149555100182,6.6576571009551],[-74.3149580342841,6.65765204720812],[-74.3149630900025,6.65764699435332],[-74.314968143026,6.65764193971395],[-74.3149706699869,6.65763688775134],[-74.3149731969478,6.65763183489639],[-74.3149782490729,6.65762425606002],[-74.3149858308539,6.65761920052819],[-74.3149938429279,6.65760576312772],[-74.3149986273552,6.65759188762836],[-74.3150085726037,6.65758635473831],[-74.3150110995646,6.65758130188284],[-74.3150136238305,6.65757625081186],[-74.3150136211356,6.65757119795629],[-74.3150212011199,6.65756109135275],[-74.3150237289791,6.65755603938929],[-74.3150287820026,6.65754593367767],[-74.3150313053702,6.65754088082178],[-74.3150388871512,6.65752572403837],[-74.3150414096206,6.6575206711823],[-74.3150489914016,6.65751308966743],[-74.3150515201591,6.65751056279317],[-74.3150540453234,6.65750298484721],[-74.3150565731825,6.6574979310986],[-74.3150616253077,6.65749287734999],[-74.3150645511206,6.65748333554407],[-74.3150696041441,6.65747828090306],[-74.3150721293083,6.65747070206429],[-74.3150746517776,6.65745807304548],[-74.3150847578246,6.6574479646551],[-74.3150923396056,6.65743280786881],[-74.3150948629732,6.65742775501175],[-74.3150973881375,6.65741765018977],[-74.3150999150984,6.65741259911708],[-74.3151049654269,6.65740249251027],[-74.3151049591387,6.65738986348971],[-74.3151074860996,6.65738481063221],[-74.3151125391231,6.65737975777471],[-74.315115066084,6.65737470402483],[-74.315122647865,6.65736964938267],[-74.3151251748259,6.657364596525],[-74.3151327584035,6.65735954188275],[-74.3151352808728,6.6573469119688],[-74.315140332998,6.65733933312803],[-74.3151428572639,6.65732922919647],[-74.3151479102874,6.657316596605],[-74.315150433655,6.65731154553127],[-74.3151504282651,6.65729891561608],[-74.3151529543277,6.65729133766681],[-74.3151605361087,6.65728628302379],[-74.3151686838283,6.65728693258784],[-74.3151706457489,6.65727870061307],[-74.3151832841467,6.6572660653435],[-74.3151832805534,6.65726101337698],[-74.3151883335769,6.65725596051819],[-74.3151908614361,6.65725090676705],[-74.3151959126629,6.6572433279248],[-74.3151984396238,6.65723827595808],[-74.3152009665847,6.65723322309902],[-74.3152085483657,6.65722564157971],[-74.3152161283501,6.65721553586133],[-74.3152186544126,6.65720795791077],[-74.3152211750853,6.65719785397654],[-74.3152236975546,6.65718522316616],[-74.3152287532731,6.65717764343063],[-74.3152363350541,6.65717006191045],[-74.3152363305625,6.65716248574374],[-74.3152388584217,6.65715743377616],[-74.3152439069536,6.65714480207251],[-74.3152511967821,6.6571383894105],[-74.3152582305908,6.65712756363765],[-74.3152609219434,6.65712008383421],[-74.3152645996462,6.65711294576567],[-74.3152666451101,6.65710438008327],[-74.3152729638598,6.65709733034809],[-74.3152773799777,6.65709165915237],[-74.3152818032822,6.65707911488839],[-74.3152868554073,6.65707153604345],[-74.3152893823682,6.6570664813982],[-74.3152944317984,6.65705637656877],[-74.3152994857202,6.65704627173915],[-74.3153030879645,6.65703789699897],[-74.3153070621113,6.657028588956],[-74.3153199547323,6.6570108115928],[-74.3153264019411,6.65699791845354],[-74.3153360732034,6.65698502442168],[-74.3153425186156,6.6569721303895],[-74.3153489658244,6.65695923903374],[-74.3153521853864,6.65694956962443],[-74.3153618566487,6.65693667559133],[-74.3153715243178,6.65691733766391],[-74.3153811955801,6.65690444273768],[-74.3153908668425,6.65688510391677],[-74.3154005381048,6.65687220988193],[-74.3154069781271,6.65685287105972],[-74.3154166529827,6.65684320075609],[-74.3154295429087,6.65681741446843],[-74.315435985626,6.6567980792131],[-74.3154424319364,6.65678518517598],[-74.3154520978089,6.65676262261785],[-74.3154617681729,6.6567465066317],[-74.3154686420815,6.65672486666785],[-74.3154731785737,6.65670499694558],[-74.3154828291748,6.65668342211483],[-74.3154913532885,6.656659982461],[-74.3155049816297,6.65664067575176],[-74.3155163426231,6.65662988476607],[-74.3155262195996,6.65660791198431],[-74.3155455648193,6.65658856958264],[-74.3155584646267,6.65658534049541],[-74.3155939453855,6.65656921111956],[-74.3156165191503,6.65655953367223],[-74.315629524959,6.65654254415729],[-74.3156359685745,6.65653287295526],[-74.3156424166816,6.65652320175304],[-74.3156456380402,6.65651353501194],[-74.3156585306612,6.65648774781473],[-74.3156649715818,6.65646518791967],[-74.315671414299,6.65644907281604],[-74.3156810855613,6.65643295771186],[-74.315687404311,6.65641320754056],[-74.3156907451456,6.6563942836011],[-74.3156907361624,6.6563749492214],[-74.315690726281,6.65635561484088],[-74.3156907199928,6.65634272614573],[-74.3156907119079,6.65632661371483],[-74.3156907029248,6.65630727754793],[-74.3156906939416,6.65628794494928],[-74.315693911707,6.65627505357555],[-74.3157003580175,6.65626216220149],[-74.3157072427058,6.65624300091506],[-74.3157203024134,6.65621915258502],[-74.3157344975915,6.65619814253368],[-74.3157447168262,6.65617713515818],[-74.3157532319567,6.65615726273692],[-74.3157503842973,6.65614477555373],[-74.3157486819898,6.65612679739991],[-74.3157486694134,6.65610101821273],[-74.3157550968593,6.65605590106285],[-74.3157647654267,6.6560301174106],[-74.315771205449,6.65601077944751],[-74.3157808650332,6.6559753290412],[-74.3157905300073,6.6559430996935],[-74.3158034091536,6.65589475879088],[-74.3158227426951,6.65585285822247],[-74.3158356290279,6.65581418317377],[-74.3158485153606,6.65578195292323],[-74.3158614079816,6.65575616657984],[-74.3158742916194,6.65571426956864],[-74.3158936278559,6.65567559183224],[-74.3159000741664,6.65566269865791],[-74.3159065150869,6.65564336246483],[-74.3159161728746,6.65560468918419],[-74.3159226119985,6.65557568355246],[-74.3159290520208,6.65554990076728],[-74.3159387143,6.65552089513236],[-74.3159483756809,6.6554886657548],[-74.3159580415533,6.6554661049216],[-74.3159644815756,6.65544032391518],[-74.3159709233945,6.65541454112293],[-74.315980589267,6.65539197850177],[-74.3159838043374,6.65537264408259],[-74.3159902461563,6.6553500841363],[-74.3159966888735,6.65533074436188],[-74.3160063574409,6.6553114063712],[-74.3160128010564,6.65529207016429],[-74.3160192428753,6.65527273217211],[-74.3160224624373,6.65525984077177],[-74.3160289033579,6.6552372808203],[-74.3160321166317,6.6552147226523],[-74.3160321112418,6.65520183303493],[-74.3160424041383,6.65517278990443],[-74.316057962959,6.65513678534284],[-74.3160682253128,6.65511625706675],[-74.3160707891046,6.65510342812064],[-74.3160707837147,6.65509316621268],[-74.3160707756299,6.6550777720119],[-74.3160707630535,6.65504955153992],[-74.3160681875836,6.65503929052309],[-74.3160681732105,6.65500850390222],[-74.3160707343074,6.65499054444433],[-74.3160732900144,6.65496232396734],[-74.3160784166997,6.65494692797797],[-74.3160784086149,6.65492896851781],[-74.316080973305,6.65492127186107],[-74.3160835308086,6.65489818099778],[-74.316083526317,6.65488791908553],[-74.3160912158959,6.65485712888615],[-74.3160912069127,6.65483916853045],[-74.3160937707045,6.65482890661695],[-74.3160988973899,6.65480838011254],[-74.3161014602834,6.65479811641387],[-74.3161065887653,6.65477758990815],[-74.3161091471673,6.65476219480523],[-74.3161117091624,6.65474679970186],[-74.316116839441,6.65473140459798],[-74.3161219634314,6.65470831283353],[-74.3161245281216,6.65470061438877],[-74.3161296548069,6.65467495647447],[-74.3161296431288,6.6546518664919],[-74.3161296332473,6.65463134265685],[-74.3161296206709,6.65460569009251],[-74.316134743763,6.65458259653763],[-74.3161398704483,6.65455693950941],[-74.3161424261553,6.65453641388589],[-74.3161449827606,6.65451075774754],[-74.3161526759327,6.65448766418819],[-74.3161526723394,6.65447996752449],[-74.3161552280464,6.65445431049095],[-74.3161603610199,6.65444148063528],[-74.3161629194218,6.65442608552182],[-74.3161654823154,6.65441325655766],[-74.3161706116956,6.65439786144331],[-74.316175738381,6.65437990017856],[-74.3161875727865,6.65434018909582],[-74.3161940137071,6.65431051865299],[-74.3161927102516,6.65428472241742],[-74.3161894709267,6.65426344281965],[-74.3161726796174,6.6542511964995],[-74.3161584907275,6.65421684791201],[-74.316154602819,6.65418782881439],[-74.3161778296589,6.6541581521165],[-74.3161946030019,6.65412912320051],[-74.31622364823,6.65411427592738],[-74.3162423754087,6.65408996440893],[-74.3162449302174,6.6540617429879],[-74.3162526206945,6.6540335188885],[-74.3162526126097,6.65401812465449],[-74.3162551737066,6.65400016605266],[-74.3162602967987,6.65397450810177],[-74.3162602851205,6.65395141808626],[-74.3162654136025,6.65393345680518],[-74.3162647380694,6.65389555965989],[-74.316279772274,6.65387150510278],[-74.316289724709,6.65378503039232],[-74.3162966228721,6.6537440138782],[-74.3163663653758,6.65332928639548],[-74.3164352733447,6.65320054585819],[-74.3164360360143,6.65319723466027],[-74.3164406084391,6.65316976269117],[-74.3164474598898,6.65312626741125],[-74.3164474482117,6.65310108588467],[-74.316447432042,6.65306903747831],[-74.3164474212622,6.65304614550328],[-74.3164496966948,6.65300723021397],[-74.3164496859151,6.65298433912833],[-74.31645425295,6.65295457580791],[-74.3164614736082,6.65292050373228],[-74.3164702663182,6.65289733960913],[-74.3164862967545,6.65287215182495],[-74.3165023253941,6.65284696403948],[-74.3165183504404,6.65281719803395],[-74.3165320901727,6.65279887712803],[-74.3165481251005,6.65277826755799],[-74.3165618630362,6.65275536843128],[-74.3165687252666,6.6527324746571],[-74.3165799802588,6.65271576696594],[-74.3165898365741,6.65270098210878],[-74.3165972288106,6.65268866079928],[-74.316609552798,6.65267305237913],[-74.3166150010802,6.65264388418177],[-74.3166264528034,6.65263014416673],[-74.316640193434,6.65261182414612],[-74.3166516406657,6.65259121456823],[-74.3166607998883,6.65257289900748],[-74.316669956416,6.65255000165572],[-74.3166745252475,6.65252481920731],[-74.3166790949774,6.65249963586537],[-74.3166813829864,6.6524858994154],[-74.3166813749016,6.65246987608469],[-74.3166836548258,6.65244698408172],[-74.3166836476392,6.65243324763027],[-74.3166813497487,6.65241722608237],[-74.3166859212752,6.65239662184992],[-74.316692784404,6.65236685849389],[-74.3167088130436,6.65234395934801],[-74.3167179731645,6.65233022110912],[-74.3167317111002,6.6523050324036],[-74.3167454463409,6.65227755681555],[-74.3167546046652,6.6522592385663],[-74.3167637575996,6.65223634387674],[-74.3167797907308,6.65221573517535],[-74.3167958193705,6.6521905455717],[-74.316814138714,6.65216077684959],[-74.3168255859457,6.6521378803709],[-74.3168301601671,6.65211956479324],[-74.316837020601,6.65209667009713],[-74.3168461744337,6.65206690761523],[-74.3168599078778,6.65203485111101],[-74.3168828032394,6.65199134770016],[-74.3169011171931,6.65195013384508],[-74.3169194338417,6.65192036600068],[-74.316921708376,6.65188602706514],[-74.3169288697455,6.65185919656351],[-74.3169380217816,6.65183630096303],[-74.316947177411,6.65180882713333],[-74.3169586111679,6.65176074904292],[-74.3169677685939,6.65174014389066],[-74.3169723347305,6.65170809271873],[-74.3169746020783,6.65165773041118],[-74.3169791727065,6.65162796879492],[-74.3169837406397,6.65160049584581],[-74.3169905992769,6.65156157776522],[-74.3169905840055,6.6515318197122],[-74.316988286115,6.65152266414285],[-74.3169892589905,6.65151010902937],[-74.3169872108316,6.65149785461017],[-74.3169892473124,6.65148559751384],[-74.3169933310537,6.65146925650279],[-74.3169933247654,6.65145495789459],[-74.3170014931463,6.65143657090998],[-74.3170076205549,6.65142227051632],[-74.3170178343996,6.65140184112686],[-74.3170239609099,6.65138549654393],[-74.3170321256975,6.6513609823454],[-74.3170423413389,6.65134259446498],[-74.3170505142114,6.65132829406859],[-74.3170709571723,6.65131806955704],[-74.3170873127987,6.65131397671864],[-74.3171016220628,6.65130988566474],[-74.3171138876597,6.65130375309906],[-74.3171343324173,6.65129761517969],[-74.3171486443764,6.6512894366407],[-74.3171609072783,6.6512833031825],[-74.3171772593114,6.65127103983493],[-74.31718952401,6.65126286397229],[-74.3171956550118,6.6512546916786],[-74.3171997396514,6.65124856178901],[-74.3172099499029,6.65121996099034],[-74.3172160746165,6.65120157578147],[-74.3172181084024,6.65117297765686],[-74.3172160467688,6.65114234158719],[-74.3172180796563,6.65111578764849],[-74.3172282863145,6.65108105873494],[-74.3172344128248,6.65106471592591],[-74.3172405402333,6.65104837311634],[-74.317254839616,6.65102385622415],[-74.3172670980264,6.65099933843846],[-74.317283440178,6.6509666501376],[-74.3172875221227,6.65095439213573],[-74.3172956770288,6.6509074096691],[-74.3173058836871,6.65086859592919],[-74.3173120039091,6.65084408259711],[-74.3173160822605,6.65081548534393],[-74.3173201588152,6.65079097379373],[-74.317326275444,6.65075420334321],[-74.3173262601727,6.65072152394872],[-74.3173282930602,6.6507010980992],[-74.3173323732082,6.65067658475876],[-74.3173384970235,6.65065615533829],[-74.3173463267395,6.65063000557178],[-74.317356870266,6.65059895545484],[-74.3173698652949,6.65058161596368],[-74.3173803315663,6.65057376487599],[-74.3173940721968,6.65056460571972],[-74.3174051906451,6.65055217906869],[-74.3174254728076,6.65053843988745],[-74.317451017301,6.65051963796273],[-74.3174612356374,6.65051146297986],[-74.3174734958444,6.65049307417539],[-74.3174877970237,6.65047059787844],[-74.3174939244323,6.65045221264153],[-74.3175000509425,6.65043791221923],[-74.3175061765544,6.65042156849652],[-74.317512303963,6.65040522388102],[-74.3175184322698,6.6503909243496],[-74.3175225151128,6.65037866722565],[-74.317530681697,6.65035823779281],[-74.3175347681333,6.65034598066804],[-74.3175408928469,6.65033372265072],[-74.3175470211537,6.65031942044041],[-74.3175511066917,6.65030716420696],[-74.3175613223331,6.65028877539486],[-74.3175674470467,6.65027039015115],[-74.3175735690653,6.65025200490675],[-74.3175776572982,6.65024178840325],[-74.3175919530876,6.65020910183653],[-74.3176042132946,6.65018867061207],[-74.3176144253428,6.65016823938677],[-74.3176266882447,6.65015393717167],[-74.3176409903223,6.65013350505265],[-74.317653252326,6.65011715685848],[-74.3176593734463,6.65009877160835],[-74.3176737204397,6.65007944679579],[-74.3176778068759,6.65007127448241],[-74.3176839351828,6.6500651445781],[-74.3176921107502,6.65005492807068],[-74.3176982399554,6.65004471067084],[-74.3177064137262,6.65003449594758],[-74.3177104983658,6.65002632184888],[-74.3177186730349,6.65001406293132],[-74.3177248022401,6.6500038490997],[-74.3177309287503,6.6499895468798],[-74.3177390998261,6.64997320314219],[-74.317745225438,6.64995481788667],[-74.3177493019928,6.64993030540126],[-74.3177533839374,6.64990987684206],[-74.3177595050578,6.64988944917425],[-74.3177615388436,6.64986493757784],[-74.3177656189916,6.64984655142602],[-74.3177676518791,6.64981999920183],[-74.3177626608394,6.64980186109988],[-74.3177638178695,6.64978260944194],[-74.3177673132142,6.64976394222135],[-74.3177719763689,6.64974457902793],[-74.3177696506306,6.64972692810371],[-74.3177749003851,6.64971059149556],[-74.3177807331463,6.64969658996278],[-74.3177889006288,6.64968258486057],[-74.317791812967,6.64966566648951],[-74.3178005643545,6.64964932898704],[-74.3178134048731,6.64963707273684],[-74.3178262453918,6.64962423383267],[-74.3178478498744,6.64961780679612],[-74.3178828841705,6.64961428856684],[-74.3179062412662,6.64961077836802],[-74.317941354614,6.64961565909693],[-74.317959752111,6.64960748052994],[-74.3179822396375,6.64959929839371],[-74.3180006389312,6.64958907741528],[-74.3180190382248,6.64958498367022],[-74.3180313029234,6.64957680777955],[-74.3180470189493,6.64956266258712],[-74.3180932669151,6.64945671862538],[-74.3180932848814,6.64945635903957],[-74.3180914172839,6.649435925107],[-74.3180890816642,6.6494168857956],[-74.3180905126804,6.64939703362313],[-74.3180843708988,6.64938069789626],[-74.3180761845516,6.64936436038431],[-74.3180700382785,6.64933985411537],[-74.3180638947002,6.64932147418978],[-74.3180577502237,6.64930105006664],[-74.3180495647748,6.64928471522885],[-74.3180475076328,6.64926224779937],[-74.3180474977514,6.64924182278148],[-74.3180413496816,6.64921322900416],[-74.3180372506689,6.64919280576878],[-74.3180331570461,6.64918055307632],[-74.3180310999042,6.64916012716275],[-74.3180290499487,6.64914991688248],[-74.3180290382706,6.64912540614146],[-74.3180290301857,6.64910906594423],[-74.3180290238975,6.64909681057285],[-74.318035154001,6.64908659404534],[-74.3180494668585,6.64908250297291],[-74.3180699098194,6.64907636591809],[-74.3180719525883,6.6490763650258],[-74.3180821754163,6.64906614582103],[-74.3180964801888,6.64905184178931],[-74.3181005666251,6.64904775339341],[-74.3181066976269,6.64904162347633],[-74.3181169168616,6.64903344846886],[-74.3181250942256,6.64902731676703],[-74.3181353161552,6.64902322658638],[-74.3181414480553,6.64901913908253],[-74.3181393989982,6.64901096942832],[-74.3181496200295,6.64900688013983],[-74.3181577955969,6.64900483237261],[-74.3181762002804,6.64900482344986],[-74.3181925577034,6.64900481541939],[-74.318210959692,6.64900072166947],[-74.318229357189,6.64899458550588],[-74.3182492943985,6.64898753208523],[-74.3182676927938,6.64898343744287],[-74.3183044949744,6.6489793329855],[-74.3183167596729,6.64897115797701],[-74.3183412962566,6.64896501913621],[-74.3183617383192,6.64895683877386],[-74.3183883167735,6.64895069904063],[-74.3184005841671,6.64894660618251],[-74.3184037929492,6.64894622785859],[-74.3184052509149,6.64894461105916],[-74.3184173422387,6.64894462890463],[-74.3184353399854,6.64894250350935],[-74.318447604684,6.64893432760797],[-74.3184905423579,6.64892817984401],[-74.3185150771449,6.64892816735217],[-74.318545749222,6.6489261106619],[-74.3185723339645,6.64893426782568],[-74.3185968723448,6.64894038346772],[-74.318623458884,6.64895058393734],[-74.3186377789279,6.64896283217418],[-74.3186705009605,6.64897507148796],[-74.3186929947752,6.64898322954318],[-74.3187154903865,6.64898934696919],[-74.3187359459239,6.64900159163596],[-74.3187482124191,6.64900362780363],[-74.3187666233908,6.64901587514686],[-74.3187850289727,6.64902812070525],[-74.3188034372495,6.64903628322096],[-74.3188218437296,6.64904240153856],[-74.3188382038476,6.64904852074837],[-74.3188627413296,6.64905259308335],[-74.3188872797099,6.64906075202958],[-74.31890568619,6.64906278552021],[-74.3189281782081,6.64906277481291],[-74.3189506702262,6.6490607208],[-74.3189711158821,6.649060710985],[-74.3189854278412,6.64906070384683],[-74.3190099671198,6.6490627346606],[-74.3190283691084,6.64906476815124],[-74.3190426837625,6.64906476101303],[-74.3190569939249,6.64906066904815],[-74.3190733468564,6.6490504489508],[-74.3190978762535,6.64903818197842],[-74.3191080999798,6.64903204849213],[-74.3191224101422,6.64902795563469],[-74.3191428522048,6.64901977705791],[-74.3191592078312,6.64901568241583],[-74.3191755643559,6.64901159045054],[-74.3191939636496,6.64900341008895],[-74.3192082729137,6.64899727570994],[-74.319226674004,6.64899113865402],[-74.3192409823698,6.64898500516714],[-74.3192532506617,6.64898295650755],[-74.3192696080847,6.64898090606342],[-74.3192920956112,6.64897885205017],[-74.3193207186311,6.64897066811891],[-74.319351381725,6.64895635605395],[-74.3193738683532,6.64894408997151],[-74.3193943113141,6.64892773906091],[-74.319410659754,6.64891138993436],[-74.3194290518611,6.64889504169954],[-74.3194413129664,6.6488766528346],[-74.3194535731734,6.64885826396895],[-74.3194740053545,6.6488296576775],[-74.3194923947667,6.64880718041222],[-74.3195128404226,6.64879695674051],[-74.3195312352247,6.64878469243861],[-74.3195496354166,6.64877651385777],[-74.3195618974203,6.64877037947593],[-74.3196150579221,6.64876014152708],[-74.3196477673783,6.64874582767144],[-74.3196722976737,6.64873764552087],[-74.3196988743314,6.64872742095543],[-74.3197254509891,6.64871923791228],[-74.3197561158796,6.64870900977737],[-74.3197949590325,6.64869264993623],[-74.3198399313906,6.64866811686558],[-74.3198746827174,6.64864767486979],[-74.3199114759148,6.64862518867342],[-74.319952357345,6.64860065738395],[-74.3199867888716,6.64858270215319],[-74.3200154118914,6.64855407978476],[-74.3200388309709,6.64852546098381],[-74.3200674512959,6.64849163843782],[-74.3200986740402,6.64845261214583],[-74.3201324974073,6.64840578201898],[-74.3201585144145,6.64837195946477],[-74.3201975480103,6.64833293137874],[-74.3202004828063,6.6483296710076],[-74.3202108107371,6.6483013975038],[-74.3202608738479,6.6482514836613],[-74.3202703941933,6.64822886539015],[-74.3202912027685,6.64819244541189],[-74.3203016043612,6.64816383462035],[-74.3203198096187,6.64812481365598],[-74.3203270392601,6.6480969131113],[-74.3203431262903,6.64806195645432],[-74.3203633824016,6.64802650547446],[-74.320375190756,6.6479885284611],[-74.3203819371038,6.64796489744555],[-74.3203971267169,6.64793704418239],[-74.3204089431562,6.64791509867235],[-74.3204232928445,6.64789399546924],[-74.3204249753891,6.64787711897357],[-74.3204376362446,6.64785770395385],[-74.3204511406183,6.6478374457331],[-74.3204697105919,6.64781127886337],[-74.3204806790215,6.64778258239115],[-74.3204924873759,6.64774713585254],[-74.3205127461822,6.64771674851425],[-74.3205462793934,6.64767081951578],[-74.3205644873459,6.647634402173],[-74.3205800883875,6.64759538295114],[-74.3205982909501,6.64755116175747],[-74.3206060910217,6.64753295308201],[-74.3206216992498,6.64750173680607],[-74.3206476973924,6.64742630289233],[-74.3206763060392,6.64736907408013],[-74.320704920076,6.64732224563461],[-74.3207257286512,6.64727802441637],[-74.3207413252012,6.64723120399267],[-74.3207595232722,6.6471765806055],[-74.3207725183011,6.64713236205101],[-74.3207855169233,6.64709334368159],[-74.3208089243246,6.64704912155049],[-74.3208297293066,6.64700229753589],[-74.3208375248866,6.64696848470015],[-74.3208479139029,6.64692166781607],[-74.3208530980804,6.64687485181981],[-74.32086016872,6.6468416876609],[-74.3208712898632,6.64680722434398],[-74.3208868864132,6.6467578028869],[-74.320902491048,6.64672138636877],[-74.3209128872508,6.64669017182584],[-74.3209320420276,6.64663516737605],[-74.320944961598,6.64655686465641],[-74.3210118887816,6.64630281259414],[-74.3210982680844,6.64600397157861],[-74.3210992777908,6.64600020616225],[-74.3211372468829,6.64581926359687],[-74.321154761336,6.64579307698961],[-74.3212012581351,6.64561949386897],[-74.3212652523193,6.64522204388983],[-74.3213097539601,6.64498523535308],[-74.3213403119512,6.64472244080128],[-74.3213959221588,6.64439370114435],[-74.3214411559266,6.64405990648862],[-74.3214842112799,6.64374895315534],[-74.3214729248467,6.64354047211781],[-74.3215339402174,6.64347094808134],[-74.3215368516572,6.64345599162771],[-74.3215856014311,6.64330442656627],[-74.3216227809041,6.64322554243963],[-74.3215842323986,6.64319240837224],[-74.3216794816665,6.64300260439196],[-74.3217746860186,6.64284445770056],[-74.3217920253002,6.64285098654606],[-74.3219805888649,6.64276561008379],[-74.3220104147289,6.64275648111972],[-74.3221012362008,6.64268267579016],[-74.3222278690115,6.64262866311295],[-74.322292624967,6.64258688454889],[-74.3224450960202,6.64248851458495],[-74.3225757793345,6.64240420077158],[-74.3226973564267,6.64232576353555],[-74.3228171521597,6.64214868678492],[-74.3229365050233,6.64202389346969],[-74.3230758085711,6.64187824204025],[-74.3231560487872,6.64173379069303],[-74.3232540352217,6.64155739365192],[-74.3232964276183,6.64140919014335],[-74.3234018278489,6.64125347888432],[-74.3234665676348,6.64115783459226],[-74.3235527546981,6.64103050871305],[-74.3236704465768,6.64092260077197],[-74.3237938697069,6.64080944079912],[-74.3238743129423,6.64066385682415],[-74.3239566201819,6.64051489995482],[-74.3240239498107,6.64044655955812],[-74.3240259566471,6.64044176172109],[-74.3240893875876,6.64036271116971],[-74.3241097559883,6.64035459758594],[-74.3241624978753,6.64027575313938],[-74.324237482947,6.64016365751897],[-74.3243408197474,6.64000917544094],[-74.3243932939364,6.63993073068484],[-74.3244066366133,6.63990414134144],[-74.3244121226248,6.63990258251115],[-74.3244435340153,6.63985562664964],[-74.3244975703746,6.63967207633686],[-74.3245364090359,6.63954015210051],[-74.3245922249578,6.63942151314499],[-74.3246332653898,6.63933428369195],[-74.3246664177154,6.63926381769427],[-74.3247037373256,6.63918449748177],[-74.3247533243293,6.63907910004374],[-74.3247869213209,6.6390076881806],[-74.324827961753,6.63892045954651],[-74.3248867708613,6.63879546018558],[-74.3249619688338,6.63868933633856],[-74.3249970534355,6.63858957094286],[-74.3250435933537,6.63845722614665],[-74.3251308539038,6.63832850402307],[-74.3251543152041,6.63825166334165],[-74.3251812520862,6.63816343699005],[-74.3252645313029,6.63805843908074],[-74.3253184194402,6.63795663199003],[-74.3253816078356,6.63783725294155],[-74.3254313727057,6.63774323463715],[-74.3254754853761,6.63765989885722],[-74.3255432021788,6.63758855906403],[-74.3255947241536,6.63749018363963],[-74.3256282995857,6.63742607408262],[-74.3256776584173,6.63733182994921],[-74.3257214539823,6.6372482067808],[-74.3257626067038,6.63716962952515],[-74.3258087935841,6.63708143867147],[-74.3258627077725,6.63697849548705],[-74.3259513472366,6.63687961668623],[-74.3259912081807,6.63680237067654],[-74.3260392482854,6.63670927748506],[-74.3261863060907,6.63642429870977],[-74.3263240663328,6.63615733702291],[-74.3264411680183,6.63593040809851],[-74.3266367842562,6.63578073774375],[-74.3267562682739,6.63555091581667],[-74.3268473116296,6.63537579879235],[-74.3269421162314,6.63519344784312],[-74.3270333167923,6.63501802820243],[-74.3271398758496,6.63481306537132],[-74.3274090209902,6.63465910985573],[-74.3275836912107,6.63440168857377],[-74.3276953580887,6.63423711812797],[-74.3278213656719,6.63405141259993],[-74.327970423127,6.63383173800327],[-74.3281208469197,6.63361004849251],[-74.3283284197341,6.63346388239299],[-74.3285306619455,6.63315130283841],[-74.3287052737755,6.63288142600991],[-74.3288753257571,6.63261859465826],[-74.3290721331611,6.63231441382096],[-74.3292881869701,6.63198048337581],[-74.329636618316,6.63162719593655],[-74.3299951539122,6.63111234560849],[-74.3302802684036,6.63094677200437],[-74.3306042404209,6.63098755485026],[-74.3308103157438,6.63116382807782],[-74.3309555562572,6.63128806199284],[-74.3310514541087,6.63130295189319],[-74.3310573677182,6.63137514920976],[-74.3310745138621,6.63138981513889],[-74.3311651565692,6.63160225869342],[-74.3312092602564,6.63165139613465],[-74.3313039031614,6.63188895259028],[-74.3313397504329,6.63201145614483],[-74.3313566522349,6.63205106998433],[-74.3314861955871,6.63235468615609],[-74.3316097337016,6.63264422249242],[-74.3317756453481,6.63303307280279],[-74.3317634974305,6.63309626386037],[-74.3318086485533,6.63317175083173],[-74.3317768131579,6.63329833277882],[-74.331721099644,6.63331681502528],[-74.3316942876277,6.63345628444579],[-74.3316755173299,6.63355393166572],[-74.3317127821428,6.63380474679514],[-74.3318391966628,6.63396320691108],[-74.3318073379113,6.63410561717043],[-74.3319337973471,6.634232420168],[-74.3320126568526,6.63443829874026],[-74.3320042261637,6.63446068297044],[-74.3321354242126,6.63467583868305],[-74.3321607297542,6.63487337675196],[-74.3321861161441,6.63491338921894],[-74.3323597991161,6.63523019893385],[-74.3324111207666,6.63532950993813],[-74.332562980067,6.63552767592249],[-74.3325836143691,6.6356634889742],[-74.3327702393694,6.63603801464517],[-74.332912283677,6.63633895147084],[-74.3330702937423,6.63654493980725],[-74.3331333240342,6.63675079599773],[-74.333243887781,6.63692506217577],[-74.3333544524262,6.63709932739987],[-74.3333937429401,6.63721113639914],[-74.3334089442313,6.6372414708486],[-74.3334249665828,6.63727343908762],[-74.3334439012723,6.63731267149418],[-74.3334599200304,6.63734463794394],[-74.3334715801628,6.6373809668189],[-74.333475834584,6.63739539343435],[-74.3337177832294,6.63763799661115],[-74.3337649402902,6.63787548682677],[-74.333859630806,6.63808138707566],[-74.3339383366996,6.63839806180086],[-74.3340009681395,6.63888882602383],[-74.3340164883327,6.63911044266725],[-74.3340321405782,6.63923709090199],[-74.3341428390724,6.63931638701414],[-74.3342850405852,6.63950652434832],[-74.334268990386,6.63966478454104],[-74.3342685906357,6.63994969273427],[-74.3343223215678,6.64028850841244],[-74.3343239484168,6.64029078018052],[-74.3343257710985,6.64029623117471],[-74.3343321437471,6.64030440721966],[-74.3343376073007,6.64031621845016],[-74.3343430708543,6.64032893892291],[-74.3343503579878,6.64034075015282],[-74.3343558197448,6.64035256049018],[-74.3343603751016,6.64036346336932],[-74.3343740339855,6.64038708582723],[-74.3343822284175,6.64039798781334],[-74.334393153728,6.6404130844493],[-74.3345052203563,6.64053566975858],[-74.334622510688,6.64058277099824],[-74.3346282464311,6.64058276742905],[-74.3346418927386,6.64058276118305],[-74.3346455300172,6.64058275850618],[-74.3346564481411,6.64058457074429],[-74.3346682762585,6.64058820057419],[-74.3346791943824,6.6405900128123],[-74.3346892043096,6.6405927351847],[-74.3346973951484,6.64060090765559],[-74.3347019451153,6.64060635953861],[-74.3347156048975,6.64062452742522],[-74.3347210693494,6.64063815713197],[-74.3347237472273,6.64064456911697],[-74.3348531899681,6.64074192313316],[-74.3349953043444,6.64099537398852],[-74.3352164138718,6.6413597324524],[-74.3353744032758,6.6415815487477],[-74.3355441318639,6.64169169796812],[-74.3355571879782,6.6416952474841],[-74.3355714720895,6.64170302108459],[-74.3355831618663,6.64171598422342],[-74.3355850627015,6.64171826044635],[-74.335643268142,6.6417560345026],[-74.3358805850737,6.64185133604045],[-74.3358642914311,6.64218370542994],[-74.3358322548131,6.64245274198067],[-74.3358952437826,6.6426902539647],[-74.3358950003391,6.64286436367466],[-74.3359199788939,6.64297328571702],[-74.3359229056051,6.64297912482512],[-74.3359321366929,6.64299478173637],[-74.3359358332603,6.64300583446073],[-74.3359404497026,6.64301504551031],[-74.3359441408801,6.64302333572247],[-74.3359496780955,6.64303162504223],[-74.3359552144126,6.64303714917332],[-74.3359692532838,6.6430638070533],[-74.3359729956653,6.64307127547103],[-74.3359792299734,6.64308371747994],[-74.3361162437155,6.64313375319762],[-74.3361634250308,6.64335541343576],[-74.3362582502939,6.64346634389928],[-74.3363213048403,6.64365637077139],[-74.3362966128481,6.64372192769194],[-74.3362973350936,6.64372312781242],[-74.3363001432272,6.64373059711241],[-74.3363066928439,6.64374086550362],[-74.3363160487976,6.64375953652198],[-74.3363216650648,6.64377074091724],[-74.336331954368,6.64378100752304],[-74.3363431752242,6.64379033990856],[-74.3363543987754,6.64379967140164],[-74.3363665592694,6.64381180555459],[-74.3363787143735,6.64381927039181],[-74.3363927442616,6.64383046943201],[-74.3364049038573,6.64384073603657],[-74.3364142526245,6.6438472675457],[-74.3364245401311,6.6438528657271],[-74.3364413709663,6.64386219543442],[-74.3364731641408,6.64387898640875],[-74.3364761357678,6.64390173336866],[-74.3364826853845,6.64391013510119],[-74.3364939116306,6.64392320257891],[-74.3365032621944,6.64393066919903],[-74.3365200993178,6.64394746998614],[-74.3365322589135,6.64396427255723],[-74.3365433827516,6.64397854461481],[-74.336566191875,6.64399814895155],[-74.3365799603533,6.64400813805278],[-74.3366005290784,6.64401466509831],[-74.3366210942102,6.64401465349861],[-74.3366491476982,6.64402491206878],[-74.3366669136796,6.64403610842744],[-74.3366912283794,6.64405290474955],[-74.3367033825852,6.64405570116225],[-74.3367248882531,6.64406316064207],[-74.3367370451538,6.6440696894714],[-74.3367529390461,6.64407622008519],[-74.3367576156755,6.64407995160955],[-74.3367632292477,6.64408742001185],[-74.3367688491082,6.64410609458622],[-74.3367644895841,6.64411629961755],[-74.3367955416485,6.64413187975632],[-74.3368527230096,6.64418204920969],[-74.3368560925902,6.64418204564056],[-74.336881336148,6.64418763489533],[-74.3368962975891,6.64419323218054],[-74.3369140635705,6.64420536097011],[-74.3369187419965,6.64421189604349],[-74.3369290277065,6.64421562667454],[-74.3369467927895,6.64422215371729],[-74.3369617551289,6.64422868343676],[-74.336976713875,6.64423334471778],[-74.3369972817017,6.64424080508718],[-74.3370066349605,6.64424546993721],[-74.3370215981982,6.64425386541788],[-74.3370318821115,6.64426133114068],[-74.3370393659762,6.64426879775567],[-74.3370449777518,6.64427439771682],[-74.3370487201332,6.6442781319165],[-74.3370552679533,6.64428466520439],[-74.3370674230574,6.64429306246898],[-74.3370853192945,6.64431023086383],[-74.3371021591129,6.64433170005629],[-74.3371124520094,6.64434850350652],[-74.3371255449546,6.6443625051916],[-74.3371442532687,6.64437836996047],[-74.3371620219451,6.64439516983997],[-74.3371919538103,6.64442877138188],[-74.3372003746178,6.64444277574152],[-74.337216276595,6.6444633116017],[-74.3372220797117,6.64446987522469],[-74.3373331878376,6.64454416211806],[-74.3373616293978,6.64461554551697],[-74.3373672519532,6.64462035491299],[-74.3373719339725,6.64462619310924],[-74.3373783659099,6.64463494638819],[-74.337384215739,6.64464195168813],[-74.3373894798666,6.64464837165148],[-74.3373941618859,6.6446542089551],[-74.3373988394135,6.64465887647803],[-74.3374064400591,6.64466529644112],[-74.3374187218257,6.64467346616754],[-74.3374304151958,6.64468105055738],[-74.3374397711494,6.64468746784336],[-74.3374479583949,6.64469505580208],[-74.3374579009485,6.64470205663972],[-74.3374649158926,6.64470730860635],[-74.3374701791218,6.64471080991734],[-74.3374771967608,6.64471606188386],[-74.3374853840063,6.64472364894987],[-74.3374941569534,6.64473123333894],[-74.3375029299004,6.64473823685291],[-74.3375138453295,6.64474511812429],[-74.3375196861755,6.64475094561168],[-74.3375238588499,6.64475511077947],[-74.3375313678674,6.64476093915903],[-74.3375413813879,6.64476843253484],[-74.3375463885973,6.6447725977025],[-74.3375513949083,6.64477759358368],[-74.337565580205,6.64478092000713],[-74.3375822628181,6.64478841070584],[-74.3375964499114,6.64479590140438],[-74.3376047961587,6.64480339745652],[-74.3376181451238,6.64481339011052],[-74.3376289949758,6.64482254848168],[-74.337639010293,6.64483337541791],[-74.3376498610433,6.64484503574422],[-74.3376582045956,6.64485169662074],[-74.3376861817268,6.64486711701798],[-74.3377020316017,6.64487210754454],[-74.3377295649652,6.64488042538611],[-74.337757093837,6.64488874501209],[-74.3377896308166,6.64490205784103],[-74.3378021479418,6.6449112188874],[-74.3378246749942,6.64492370457151],[-74.3378447029334,6.64493452704412],[-74.3378580510002,6.64494118613487],[-74.3378780726513,6.64494784076412],[-74.3379004344137,6.64495548582481],[-74.3379072732879,6.64495782449238],[-74.3379348030581,6.64496364394672],[-74.3379598328169,6.64497196267904],[-74.3379731799854,6.64497778748688],[-74.3380057196599,6.64498943799468],[-74.338019068625,6.6449985954703],[-74.3380382602328,6.64500691777116],[-74.33806245366,6.64501690506731],[-74.3380783062298,6.64502606165012],[-74.3381203518767,6.64505058865656],[-74.3381349593815,6.64505579065173],[-74.3381495632931,6.6450615146309],[-74.3381573876192,6.64506411562843],[-74.3381725197402,6.64507140199056],[-74.3381839984129,6.64507660666235],[-74.3381923446602,6.64508077004284],[-74.3382032987168,6.64508701779031],[-74.3382226017156,6.64509534365878],[-74.3382392951085,6.6451015869447],[-74.33825755157,6.64510626606302],[-74.3382763344443,6.64511302954823],[-74.3382998074227,6.6451197903565],[-74.3383248497579,6.64512915483872],[-74.3383399791839,6.6451369631839],[-74.3383561497573,6.64514216517815],[-74.3383780587688,6.64514892687829],[-74.3384020572616,6.64515829135996],[-74.3384244872959,6.64516817960999],[-74.3384448359337,6.64517650458477],[-74.3384594434386,6.64518326985361],[-74.3384777016967,6.64519211770435],[-74.3384923109982,6.64519992515624],[-74.338501180065,6.64520721687006],[-74.3385337628587,6.64522618674662],[-74.3385488913864,6.64523191072381],[-74.3385661075988,6.645238154008],[-74.3385755003834,6.64524283758643],[-74.3385901087865,6.64525116702136],[-74.3386094081921,6.64525949288705],[-74.338632885662,6.64526833805959],[-74.3386579262006,6.64527822363055],[-74.3386756643342,6.64528707147959],[-74.3386897517145,6.64529383674688],[-74.3387027907608,6.64530008270712],[-74.3387158342988,6.64530632777498],[-74.3387304409053,6.64531100867591],[-74.3387471360948,6.64531621066832],[-74.338765394353,6.64532245395144],[-74.3387763466129,6.64532713752904],[-74.338803383208,6.645338585481],[-74.3388078487333,6.64533932607338],[-74.3388175298771,6.64534378301176],[-74.3388294406395,6.64534898054241],[-74.3388368867749,6.64535418164213],[-74.3388525192574,6.64536086392648],[-74.3388674070366,6.64536531640321],[-74.3388785730956,6.64536977244907],[-74.3388875059428,6.64537348522571],[-74.3389076039507,6.6453794224561],[-74.3389247267383,6.64538387493267],[-74.3389425897377,6.64538906978609],[-74.3389641789489,6.64539426285487],[-74.3389872557703,6.64540465880735],[-74.3390386259298,6.6454313977565],[-74.3390609553528,6.6454373332016],[-74.3390654208781,6.64543881795515],[-74.3390907318095,6.64544698320731],[-74.3391182759528,6.64545811975087],[-74.3391428448758,6.64546851659428],[-74.339162943782,6.64547742779178],[-74.3391830426881,6.64548633988136],[-74.3392023995859,6.64549450780957],[-74.3392165426617,6.64550119098427],[-74.3392314322375,6.64550713178224],[-74.3392478103218,6.6455138131722],[-74.3392641884061,6.64551826564759],[-74.3393095982437,6.64553682952495],[-74.3393475664375,6.64555613934734],[-74.3393609648099,6.64556356846689],[-74.3393780902925,6.64557396798492],[-74.339392981665,6.64558437017957],[-74.3394108455627,6.64559179483732],[-74.3394466757661,6.64561774410898],[-74.3394608916055,6.64562341722168],[-74.3394713192493,6.64563098285898],[-74.3394817486898,6.64563665686382],[-74.3394912277127,6.64564233265315],[-74.3394997617078,6.64564800755014],[-74.3395139766489,6.64565367977021],[-74.3395253520153,6.64565840885093],[-74.339546207303,6.64566786522766],[-74.3395575817711,6.64567543086429],[-74.3395680112116,6.64568394588602],[-74.3395784388554,6.64569151419924],[-74.3395917105654,6.64570002565154],[-74.3396068768223,6.64570853888829],[-74.3396220475708,6.64571988957293],[-74.3396466919524,6.64573313010479],[-74.3396713390288,6.64574731734451],[-74.3396978851438,6.64576623544804],[-74.3397187413297,6.6457832645959],[-74.3397348580042,6.64579745540328],[-74.3397547691625,6.64581448544237],[-74.3397699381144,6.6458286789257],[-74.3397841611403,6.6458419230237],[-74.3397983868611,6.64585895573807],[-74.3398135576096,6.64587693337528],[-74.3398296733858,6.64588828494833],[-74.3398516102451,6.64590944088199],[-74.3398575409226,6.64591535579893],[-74.3398670226404,6.64592186318896],[-74.3398812519545,6.6459348788611],[-74.3398919230418,6.64594434237073],[-74.3399144491958,6.64595972079661],[-74.3399227478324,6.64596504502433],[-74.3399488304167,6.64598397204229],[-74.3399577210431,6.64598988695832],[-74.3399725423469,6.64599816641302],[-74.339986176078,6.64601236435242],[-74.3399950667044,6.64601887263347],[-74.3400033698325,6.6460247875491],[-74.3400104808963,6.64603011177612],[-74.3400199662074,6.64603720896086],[-74.3400324123657,6.64604371278019],[-74.3400456768892,6.64606292353974],[-74.3400480493398,6.6460641067012],[-74.3400551622003,6.64606824776635],[-74.3400640528266,6.64607179368165],[-74.3400717558802,6.64607652454288],[-74.3400800590083,6.64608303193079],[-74.3400883567466,6.64608894595337],[-74.3400996198237,6.6460960449218],[-74.3401317561546,6.64612108939641],[-74.3401376868322,6.64612582204175],[-74.3401477614381,6.64613114448315],[-74.3401613933725,6.64613646603221],[-74.3401827301571,6.6461459250766],[-74.3401951772137,6.64615361294798],[-74.3402022900741,6.64615715975494],[-74.3402165175916,6.6461672166255],[-74.3402194811337,6.64617076610915],[-74.3402313379971,6.64617845487248],[-74.3402473405856,6.64618554848595],[-74.3402698640447,6.64619500842165],[-74.340288233694,6.64620091798149],[-74.3403113509395,6.6462097845518],[-74.3403297205887,6.64621510253087],[-74.3403480938312,6.64621982892935],[-74.3403676528499,6.64622810570333],[-74.3403777310491,6.64623342635908],[-74.3403872127669,6.64623993463717],[-74.3403978847525,6.64624584687331],[-74.3404172057176,6.64625616874868],[-74.3404278741099,6.64626030713539],[-74.3404409131563,6.64626562779077],[-74.3404545450907,6.6462715391343],[-74.3404699556894,6.6462780429505],[-74.3404829956341,6.64628454676663],[-74.3404942578128,6.64628986920632],[-74.3405096666149,6.64629518718456],[-74.3405298176233,6.64630109674316],[-74.3405499686318,6.64630878104305],[-74.3405683400777,6.6463170587078],[-74.3405920502113,6.64632474122289],[-74.3406110154436,6.64633301799509],[-74.3406210909478,6.64633893112239],[-74.3406400597733,6.64634957689275],[-74.3406548783822,6.64635726386873],[-74.3406655449779,6.64636258452305],[-74.3406803626885,6.64636908833807],[-74.3406880693354,6.64637263603572],[-74.3407135554383,6.64638564544996],[-74.3407230398511,6.64639155946887],[-74.340728966037,6.64639451469375],[-74.3407366717855,6.64639628765021],[-74.3407437334419,6.64640042692801],[-74.3407544036309,6.64640456620576],[-74.3407632951556,6.64640929706383],[-74.3407715919955,6.64641284386893],[-74.3407816666014,6.64641757383462],[-74.3407887803602,6.64642112153195],[-74.3408145530257,6.646437293178],[-74.3408198881202,6.6464396568223],[-74.3408258152044,6.64644261293919],[-74.3408358934036,6.64644734379687],[-74.3408465599992,6.64645029812913],[-74.3408607821268,6.64645620857816],[-74.3408702656413,6.64645975538292],[-74.3408773802983,6.64646271149965],[-74.3408916006293,6.64646625651982],[-74.3409034556961,6.6464703931202],[-74.3409105685565,6.6464721651841],[-74.3409253853688,6.64647807652516],[-74.3409348688833,6.64648103174952],[-74.3409473168382,6.64649168019365],[-74.3409716162666,6.64649817865331],[-74.3409882081499,6.64650172099638],[-74.3409959138984,6.64650467711284],[-74.3410263793629,6.6465156182236],[-74.3410317153557,6.64651857612457],[-74.3410358628774,6.64652094066079],[-74.3410453481885,6.64652567062543],[-74.341054829008,6.64653040148233],[-74.3410631258479,6.64653335670637],[-74.3410714262812,6.64653749687527],[-74.3410809071007,6.64654163436732],[-74.341089797727,6.64654577275165],[-74.3410980981603,6.64654872797559],[-74.34111113541,6.6465510907271],[-74.3411206153312,6.64655286011389],[-74.3411289157644,6.64655759186279],[-74.3411348446453,6.64656469082447],[-74.3411407726278,6.64657179067832],[-74.3411502579389,6.64657829805969],[-74.341162113904,6.64658539434423],[-74.3411733760828,6.64659486051819],[-74.3411787120755,6.64660018384681],[-74.3411858267326,6.64660491470295],[-74.3411988666773,6.64661201098712],[-74.3412113128355,6.64661851658339],[-74.3412130897032,6.64661910816346],[-74.3412196096755,6.64662265675161],[-74.3412332434066,6.64662797472624],[-74.3412462806563,6.64663211310978],[-74.3412510228627,6.6466338860654],[-74.3412569508452,6.64663506654867],[-74.3412616903567,6.64663624792424],[-74.3412682094307,6.64663979561996],[-74.3412735472201,6.64664571320492],[-74.3412759187725,6.64664807774053],[-74.3412818449584,6.64665044406065],[-74.3412995435661,6.64665963808872],[-74.3413054625655,6.64666301357471],[-74.3413113869548,6.64666638816839],[-74.3413181521672,6.64666891866753],[-74.341330839074,6.64667482465255],[-74.3413435232858,6.64667819746158],[-74.3413536733502,6.64668241614972],[-74.3413629789982,6.64668747804005],[-74.3413688988959,6.64669169940493],[-74.341378201849,6.64669845037646],[-74.3413824347106,6.64670182675447],[-74.3413968113484,6.64670942271263],[-74.3414103435699,6.64671448371039],[-74.3414238766896,6.64671954470813],[-74.3414424816975,6.64672544712343],[-74.3414602431873,6.64673134953864],[-74.3414796953064,6.64673809783281],[-74.3414949181572,6.64674315704573],[-74.3415169062205,6.64674990266289],[-74.3415321299696,6.64675496366027],[-74.3415617303565,6.64676170481586],[-74.3415938666875,6.6467701350524],[-74.3416260003235,6.6467768762078],[-74.341646299554,6.64678193185125],[-74.3416682876172,6.64678867746788],[-74.3416928116244,6.64679542308439],[-74.3417255201823,6.64680491156125],[-74.3417525828285,6.64680996720439],[-74.3417754153081,6.64681333198201],[-74.341794863834,6.64681585534215],[-74.3418202331559,6.64682091187746],[-74.3418481420152,6.64682765392441],[-74.3418701291801,6.64683186368851],[-74.3418955011969,6.64683776521017],[-74.3419183345748,6.64684450993375],[-74.341933558324,6.64684872594361],[-74.3419530077482,6.64685293749208],[-74.3419716136543,6.64685715171729],[-74.3419919083933,6.64685883098299],[-74.3420189701412,6.64686219397575],[-74.3420434932501,6.64686809460479],[-74.3420671719427,6.64687314935496],[-74.3420823938952,6.64687567539164],[-74.3421026886341,6.64687819964375],[-74.3421424381871,6.64688662452463],[-74.3421694972401,6.64688998840947],[-74.3422100921078,6.64690010237076],[-74.342232080171,6.64690515979747],[-74.3422549126506,6.64691190452013],[-74.3422921226662,6.64692033207728],[-74.3423248689533,6.64693238495601],[-74.3423451690821,6.6469374423824],[-74.3423595421266,6.64693912343237],[-74.3423840670322,6.64694248999366],[-74.3424136674191,6.64694838616034],[-74.3424432624162,6.64695174915249],[-74.3424703268591,6.6469593370763],[-74.3424914687093,6.64696523859642],[-74.3425083830877,6.64697029780702],[-74.3425210681979,6.64697113565511],[-74.3425498169819,6.64697280956677],[-74.3425734956745,6.64697364295345],[-74.3425853318767,6.64697363581526],[-74.3426064710319,6.64697531418826],[-74.3426326865669,6.64697529991182],[-74.3426572069809,6.64697528652766],[-74.3426859575615,6.64697527046668],[-74.3427121739948,6.64697694616286],[-74.3427358508907,6.64698031183164],[-74.3427536096856,6.64698368285403],[-74.3427798234239,6.64698620085965],[-74.3427992701532,6.6469853469506],[-74.3428187231707,6.64698786941757],[-74.3428390170112,6.64698870369653],[-74.3428584664355,6.64699038296177],[-74.3428906027664,6.64699712322189],[-74.34291174282,6.64699880070252],[-74.3429269647725,6.64700048264458],[-74.3429464141967,6.64700385099002],[-74.3429684013616,6.64700721755087],[-74.3429861592581,6.64700974269458],[-74.3430030727383,6.64701395691846],[-74.3430140690157,6.64701648384669],[-74.3430191418021,6.6470181720346],[-74.3430267523292,6.64702070163963],[-74.3430318278105,6.64701985397658],[-74.3430436631144,6.64701815865044],[-74.3430526606403,6.64703277593054],[-74.3430729553792,6.64703361020942],[-74.3430898679611,6.64703360039438],[-74.3431076249593,6.64703359057933],[-74.3431211553841,6.64703358344113],[-74.3431448295851,6.64703441682774],[-74.3431600506392,6.64703440879725],[-74.3431803489714,6.64704199850434],[-74.3431905026291,6.64705212941574],[-74.34319642612,6.64706057392376],[-74.3431998163619,6.6470698625255],[-74.34320912201,6.64708337338083],[-74.3432125050653,6.64708505978395],[-74.3432344904336,6.64708589317048],[-74.3432598606538,6.6470901038246],[-74.3432725475606,6.64709347573854],[-74.3432962262532,6.64709853048643],[-74.343313985048,6.64710021064356],[-74.3433427374253,6.64710357274238],[-74.3433545736275,6.64710525646863],[-74.3433723324224,6.64710778071953],[-74.3433875552732,6.64711115263335],[-74.3434061575861,6.64711114281831],[-74.3434213813352,6.64711451205527],[-74.3434471566956,6.64712393717433],[-74.3434581493798,6.64712730819576],[-74.3434674532312,6.64712983780023],[-74.3434776041939,6.64713405648446],[-74.3434970536181,6.6471374239367],[-74.3435080454039,6.64713910766282],[-74.3435317258931,6.64714331920878],[-74.343546099836,6.64714668844551],[-74.3435917683884,6.64715511242953],[-74.3436179839233,6.64715847542027],[-74.3436425079306,6.64716437693801],[-74.3436619591514,6.64716943346971],[-74.3436873275751,6.64717364501541],[-74.3437203083224,6.64717784942285],[-74.3437465238573,6.64717952511837],[-74.3437955709735,6.64718541057489],[-74.3438175572401,6.64718793304083],[-74.3438412350344,6.6471929895723],[-74.3438539219411,6.64719636059324],[-74.3438623768846,6.64719804521144],[-74.3438759082077,6.64719972804506],[-74.3438911301602,6.64720225497232],[-74.3439038152703,6.64720309192775],[-74.343932962008,6.64721034881309],[-74.343946233718,6.64721154535593],[-74.3439655412084,6.64721394468759],[-74.3439945037915,6.647219956847],[-74.3440222590388,6.64722476354071],[-74.3440415674276,6.64722836833787],[-74.3440850099547,6.64723678250546],[-74.3441103532255,6.6472427964491],[-74.344146559823,6.64725362600887],[-74.3441719021955,6.64725963816778],[-74.3441936225608,6.64726203749922],[-74.3442117236137,6.6472668486539],[-74.3442346513147,6.64726804341206],[-74.3442527541643,6.64727044274343],[-74.3442696478816,6.64727405110941],[-74.3443055697131,6.64727434199154],[-74.3443224616337,6.64727433306875],[-74.3443465948739,6.6472743196846],[-74.344370728114,6.64727430719272],[-74.3443900382993,6.64728273474366],[-74.3444117658511,6.64729959787562],[-74.3444214209438,6.64730079798737],[-74.3444491761911,6.64730319374946],[-74.344492615125,6.64730558058882],[-74.3445143381852,6.64731280088929],[-74.3445348557063,6.64732243390492],[-74.3445529567592,6.6473284496321],[-74.3445722696395,6.64733446714371],[-74.3445867513802,6.64734048643984],[-74.3446096790812,6.64734409034391],[-74.3446458811872,6.64734648075215],[-74.3446784585909,6.64734766747965],[-74.3447013871903,6.64735127049137],[-74.3447194900399,6.64735246881845],[-74.3447387984286,6.64735727907996],[-74.3447641408011,6.64736329302213],[-74.3447979309305,6.64736929982603],[-74.3448305110292,6.64737410384146],[-74.3448558516051,6.64737650049548],[-74.3448872279613,6.64738130540311],[-74.3449077409908,6.64738129469581],[-74.3449427339644,6.647381275958],[-74.3449632469939,6.64738126435841],[-74.3449746906323,6.64739705050957],[-74.3450126094188,6.64739825062109],[-74.3450309593051,6.64740190806128],[-74.3450652129652,6.64740677721258],[-74.3450823384478,6.64741043197587],[-74.3451068031662,6.64741164190239],[-74.3451373818185,6.64740673795243],[-74.3451708889786,6.64741571960461],[-74.3451778419389,6.64741745240493],[-74.3451865322409,6.64741831612828],[-74.3451978276573,6.64741830988237],[-74.3452073857319,6.64741830452868],[-74.34522042388,6.64742003286767],[-74.3452247672344,6.64742176656027],[-74.3452369358132,6.64742349668377],[-74.3452517068114,6.64742522502272],[-74.3452656118337,6.64742608517695],[-74.3452803819336,6.64742607714646],[-74.3452951547284,6.64742520093125],[-74.3453186151304,6.64742518754712],[-74.3453420782273,6.64742517594754],[-74.3453611952749,6.64742516434795],[-74.3453863930186,6.64742688911777],[-74.3454150708357,6.64742773856469],[-74.3454350556559,6.64742772874965],[-74.3454550422726,6.64742771804233],[-74.3454785017763,6.64742944191987],[-74.3455010979989,6.64743290038227],[-74.3455262957426,6.64743462515208],[-74.3455480223961,6.64743461266021],[-74.345583648682,6.64743372484543],[-74.3456175358294,6.64743370610765],[-74.3456462100533,6.64743369093896],[-74.3456714113903,6.64743367666253],[-74.3457096436888,6.64743365614017],[-74.3457391856852,6.64743103641736],[-74.3457565635944,6.64742842383278],[-74.3457808962605,6.64742840955636],[-74.3457887134001,6.64742927417197],[-74.3458165207497,6.64743012540342],[-74.345836509163,6.64743098377308],[-74.3458971705976,6.64743015574082],[-74.3459041226596,6.64743015217171],[-74.3459128129616,6.64743014681804],[-74.3459180240886,6.64743014414123],[-74.3459293213016,6.64743013789529],[-74.3459397462505,6.64742926346465],[-74.345944961869,6.64742926078783],[-74.3459623406765,6.64742925097279],[-74.3459779830405,6.64742924294231],[-74.3459979669623,6.64742749675784],[-74.3460110006188,6.64742748961965],[-74.346016215339,6.64742661786583],[-74.3460257734136,6.64742661251216],[-74.3460344619191,6.6474266080508],[-74.3460474946772,6.64742573272786],[-74.3460613970046,6.64742572469736],[-74.3460726960142,6.64742571845145],[-74.3460892025575,6.64742570952868],[-74.3461013711364,6.64742570417503],[-74.3461117969836,6.64742569792909],[-74.346131782702,6.64742655451422],[-74.3461430790167,6.64742741734526],[-74.3461630656335,6.64743001208435],[-74.3461882669704,6.64743086420809],[-74.3462056457779,6.64743172347004],[-74.3462221568129,6.64743258273196],[-74.3462282384073,6.64743344645528],[-74.3462464885806,6.6474377775637],[-74.3462664760957,6.64744297507227],[-74.3462890714201,6.64744296168809],[-74.3463125309237,6.64744295008851],[-74.3463368617932,6.64744293581212],[-74.3463551101699,6.64744292688934],[-74.3463768332301,6.64744378347443],[-74.3463907391506,6.64744551092103],[-74.3464098570965,6.64744810476773],[-74.3464246271964,6.64744809673724],[-74.346459386608,6.64744981347652],[-74.3464624561514,6.64745032296621],[-74.3466173912833,6.64741955996129],[-74.3466190082509,6.64740494893862],[-74.3466442230626,6.64739413811997],[-74.3466766450578,6.64738332194743],[-74.3467162751349,6.64737250399013],[-74.3467414926415,6.64736888937894],[-74.3467667137415,6.6473652765523],[-74.3467991339401,6.64735086182882],[-74.3468423599732,6.64733284141623],[-74.3468531702993,6.64732923661983],[-74.3468783797212,6.64731122602148],[-74.3469071940822,6.6472860156441],[-74.3469251981171,6.6472644100623],[-74.3469612133735,6.64723919611341],[-74.3469900313278,6.64722118283495],[-74.3470368658935,6.64721395985632],[-74.3470981094363,6.64719592873138],[-74.3471341363708,6.64718871199829],[-74.3471917821608,6.64717788154483],[-74.3472494243577,6.64716705287564],[-74.3473539119,6.64715979688199],[-74.3474043514048,6.64715257211788],[-74.3474728048261,6.64714173720223],[-74.347501627272,6.64713811991253],[-74.3475556708178,6.64713089247126],[-74.3475700806933,6.64712728588882],[-74.3476585162398,6.64711143102369],[-74.3476951432488,6.64710718914007],[-74.3477402207098,6.64710435080772],[-74.3477909333025,6.64709869288079],[-74.3478402364386,6.64709162961788],[-74.3478839044429,6.64708738505726],[-74.347919118402,6.64708314317341],[-74.3479515188377,6.64708171820738],[-74.3479712395531,6.64707889236677],[-74.3480050494455,6.64707606117248],[-74.3480205426892,6.64707183088813],[-74.3480332179178,6.64706760238832],[-74.3480388539479,6.64706478368582],[-74.3480546454323,6.6470585770082],[-74.3480860128054,6.64704891811137],[-74.348099286312,6.64704650004107],[-74.3481222077248,6.64703925386067],[-74.3481415080287,6.64702839485103],[-74.3481728754018,6.64701029679855],[-74.3482054501106,6.64699943065007],[-74.3482585387473,6.64699457844803],[-74.348291118846,6.64699335692089],[-74.3483369706547,6.64698850918014],[-74.3483671378786,6.64698728676072],[-74.3484141961248,6.64698002987212],[-74.3484516001766,6.64697398112645],[-74.3485095136646,6.64696310159301],[-74.3485276138193,6.64695947537922],[-74.3485746675739,6.64695221670566],[-74.3486084523134,6.64694496606245],[-74.3486362048658,6.64693892267003],[-74.3486820503863,6.64692804938173],[-74.3487061827281,6.64692080409187],[-74.3487447941156,6.6469159617041],[-74.3487954707757,6.6469111103935],[-74.3488413225845,6.64690505986244],[-74.3488545951928,6.64690023085868],[-74.3488787221447,6.64688816370271],[-74.3488968124179,6.64687248282393],[-74.3489124943078,6.64686042102093],[-74.3489329992525,6.64684715018206],[-74.3489595417742,6.64683508034795],[-74.3489800476172,6.64682421954925],[-74.3490065892406,6.64681456421692],[-74.3490427850583,6.64680610542826],[-74.3490669174001,6.64679886013659],[-74.3490874250397,6.64679161573708],[-74.3491163831312,6.6467867787017],[-74.3491393108322,6.64678435616874],[-74.3491586174243,6.64678675550249],[-74.3491731009616,6.64678915751306],[-74.3492189509737,6.64678672248823],[-74.3492298089106,6.64678189348329],[-74.3492442861597,6.64677224261153],[-74.3492503147536,6.64676380166769],[-74.3492599608631,6.64675415258012],[-74.3492828849708,6.64674449903096],[-74.3493040690418,6.64673089358487],[-74.3493556583903,6.64670877402689],[-74.3494195357935,6.64669155574827],[-74.349512895006,6.64666204991496],[-74.3495669358569,6.64663256460226],[-74.3496086940429,6.64660554286642],[-74.3496529010363,6.64656624338771],[-74.3496921924485,6.64651958618308],[-74.3497241158788,6.64648274759988],[-74.3498894750613,6.64633384692149],[-74.3499200231709,6.64631093321806],[-74.3499396612413,6.64629347757946],[-74.3499636624291,6.6462716586996],[-74.3499909361794,6.64624874677781],[-74.3500225739454,6.64622365144984],[-74.3500574860706,6.64619637449991],[-74.3501011289221,6.64616582199426],[-74.3501316770316,6.64614072844662],[-74.3501622224462,6.64611781473418],[-74.3501884110317,6.64610035551962],[-74.3502244164066,6.646076348764],[-74.3502538703681,6.64605234646859],[-74.3502778697593,6.64602943542888],[-74.3502975078297,6.64601089120026],[-74.3503095048303,6.64599889094337],[-74.350322595979,6.64598361869989],[-74.3503546316986,6.64594544344282],[-74.3503621353262,6.64593453176458],[-74.3503771398864,6.64591475261838],[-74.3503894153647,6.64590111056591],[-74.3504044199249,6.64588133141834],[-74.3504146463461,6.64586564604605],[-74.3504289708817,6.64585063880531],[-74.3504473908365,6.64583835747665],[-74.3504760542806,6.64583493290965],[-74.3504985705532,6.64582946591583],[-74.3505190431586,6.6458205930927],[-74.3505320049498,6.64581240464749],[-74.3505422385575,6.6458055813892],[-74.350551787649,6.64579603043353],[-74.3505620176634,6.64578579956096],[-74.350568840368,6.64577965978813],[-74.350585893087,6.6457646516525],[-74.3505933958163,6.64575919358071],[-74.3506029467044,6.64575168862037],[-74.3506296383464,6.64573203617044],[-74.3506393715925,6.6457252218338],[-74.3506559230517,6.64571353743681],[-74.3506646843206,6.64570477793108],[-74.3506763633176,6.64569212362603],[-74.3506929120818,6.64567752147481],[-74.3507201696625,6.64565902184686],[-74.3507308793773,6.64565123403242],[-74.3507474281414,6.64563663098774],[-74.3507561849188,6.64562884495749],[-74.3507649452895,6.64561716501961],[-74.3507737047618,6.64560548597371],[-74.3507766233882,6.64560159295838],[-74.350790250831,6.64559185640459],[-74.350793173949,6.64558893686607],[-74.3507951179032,6.64558601643524],[-74.3508029036018,6.64557725692725],[-74.350807770674,6.64557238865013],[-74.3508204279364,6.64556265477263],[-74.3508301611825,6.64555583864913],[-74.3508379486777,6.64554902520231],[-74.3508486547992,6.64553831695504],[-74.3508681239864,6.64552273953765],[-74.3508925896032,6.64550192711499],[-74.3509023237476,6.6454951118829],[-74.3509081627969,6.64549024271272],[-74.3509188707151,6.64547856277154],[-74.3509266591086,6.6454707767388],[-74.3509373652302,6.64546006848979],[-74.350950992673,6.64545227888765],[-74.350957810886,6.64544935577919],[-74.3509636499354,6.64544546187031],[-74.3509763080961,6.64543767137565],[-74.3509957781815,6.6454240409096],[-74.3510103802965,6.64541430346001],[-74.3510240104343,6.64540262173248],[-74.3510317979295,6.64539580917586],[-74.3510551559235,6.64537439267436],[-74.351071702891,6.64535687275838],[-74.3510833836847,6.64534713709204],[-74.3510931169308,6.64533253849972],[-74.3511359468069,6.64529457377022],[-74.3511690452335,6.64527120674007],[-74.351184614834,6.64524784952387],[-74.3511972631132,6.64522449409116],[-74.3512001799429,6.645218655902],[-74.3512079638449,6.64520405641359],[-74.3512215858979,6.64518459310519],[-74.3512400804129,6.6451612349926],[-74.3512546789346,6.64514760541117],[-74.3512721996759,6.64513397672165],[-74.3512848569383,6.64512521363649],[-74.3512994581549,6.6451145035954],[-74.3513072456501,6.6451076901425],[-74.3513169815912,6.6450989288414],[-74.3513276877127,6.64508919495452],[-74.351331751691,6.64508097883644],[-74.3513327218716,6.64507319458199],[-74.3513327110918,6.64505373751435],[-74.3513375700792,6.64503816900443],[-74.351345356676,6.6450303829647],[-74.3513589868138,6.64502161898539],[-74.3513745591093,6.64500215388522],[-74.351380393667,6.64498950402347],[-74.3513872091851,6.64497977102668],[-74.3513969379396,6.64496614590162],[-74.3514066693891,6.64495543853393],[-74.3514144568843,6.64494862240197],[-74.3514251665991,6.64493986377489],[-74.351432955891,6.64493402112098],[-74.3514397678157,6.64492818114382],[-74.3514582650258,6.64491649583563],[-74.3514788957346,6.64490921660945],[-74.3514847347839,6.64490435100255],[-74.3514983649217,6.64489461354269],[-74.3515197807581,6.64488000958324],[-74.3515314642467,6.64487319345028],[-74.3515402246174,6.64486346045119],[-74.351551902716,6.64484788836608],[-74.3515645545885,6.64483134190981],[-74.3515694171691,6.64482160980219],[-74.3515772010711,6.6448099316297],[-74.3515869343172,6.64479630560763],[-74.3515956937895,6.6447856009131],[-74.3516034767931,6.64477489443373],[-74.3516278121542,6.64475250621117],[-74.351634624079,6.64474374579606],[-74.3516463021777,6.64472914718581],[-74.3516628509418,6.644714545006],[-74.35167355886,6.64470675539204],[-74.3516971270598,6.64467497590725],[-74.351701994132,6.64466913414247],[-74.3517107500111,6.64465648248758],[-74.3517204850538,6.64464577778997],[-74.351737033818,6.64463214819424],[-74.3517506603625,6.64462046644813],[-74.3517652588842,6.64460489078622],[-74.3517847280714,6.64458834164491],[-74.3517973853337,6.64457957855003],[-74.3518110145732,6.64457081634724],[-74.351817829193,6.64456497458123],[-74.3518314566358,6.64455815844386],[-74.351836326403,6.64455426274337],[-74.3518441129999,6.64454842186945],[-74.3518518995968,6.64454063492967],[-74.3518616319445,6.64452992755272],[-74.3518684483609,6.64452408757077],[-74.3518772051383,6.64451338108571],[-74.3518849926335,6.64450656762448],[-74.3519064048766,6.64448028636549],[-74.3519141932701,6.64447347379608],[-74.3519210042966,6.64446568596286],[-74.3519248949001,6.64445595474029],[-74.3519318703183,6.64444293456765],[-74.3519367373905,6.64443806806387],[-74.3519445239874,6.64443027933779],[-74.3519513359122,6.6444215207015],[-74.351958147837,6.64441470813127],[-74.351967883778,6.64440594592556],[-74.3519717779748,6.64440302548774],[-74.3519737228274,6.64440107852915],[-74.3519776152275,6.64439523854567],[-74.3519834569718,6.64438939945441],[-74.3519902688966,6.64438258509918],[-74.3519922173424,6.64437869296642],[-74.3519961097426,6.64437479904907],[-74.3520019478936,6.64436798558594],[-74.3520068140675,6.6443601995356],[-74.352010704671,6.64435241616201],[-74.3520165437203,6.64434560180626],[-74.3520233583401,6.64433684138387],[-74.3520253031927,6.64433489620962],[-74.3520428221373,6.64431834705922],[-74.352050605141,6.64430180504651],[-74.3520759097842,6.6442706590557],[-74.3520992722698,6.64425021687708],[-74.3521128961194,6.64423366861613],[-74.3521294421886,6.64421420348474],[-74.3521430669365,6.64419473835261],[-74.3521566880912,6.64417235456506],[-74.352166420439,6.64415678513494],[-74.3521722549967,6.6441470521217],[-74.3521819891412,6.64413439956109],[-74.3522119793969,6.64410841898132],[-74.3522250085618,6.64409799534067],[-74.3522345630432,6.64409017716393],[-74.3522415106136,6.64408236077159],[-74.3522519319692,6.64407193891495],[-74.3522614837556,6.6440615179504],[-74.3522693008952,6.64405196339172],[-74.3522797195559,6.64403980604536],[-74.3522927469241,6.64402417147443],[-74.3523083821016,6.64401027506906],[-74.3523179320914,6.64399638134015],[-74.3523300880939,6.64398074944467],[-74.3523448519055,6.64396424757333],[-74.3523517985776,6.6439546965819],[-74.3523639518851,6.64393472373074],[-74.3523717654315,6.64392083089197],[-74.3523813172178,6.6439086726501],[-74.352395692059,6.64389034605845],[-74.3524083071006,6.64387268064754],[-74.3524184032661,6.64386258536191],[-74.35242849494,6.64384996759304],[-74.352446163005,6.64383230218066],[-74.3524587780465,6.64381463765997],[-74.3524739155573,6.64379697313858],[-74.352494104295,6.64377426008059],[-74.3525041995622,6.64376416390068],[-74.3525193442596,6.64375154434469],[-74.3525471013035,6.64372125937203],[-74.3525773906983,6.64369854095685],[-74.3526001046003,6.64367582789428],[-74.3526228176039,6.64365815890652],[-74.3526303877068,6.6436480636165],[-74.3526480530769,6.64363039819692],[-74.3526631968759,6.64361777774522],[-74.3526707660805,6.64360516175459],[-74.3526808586527,6.64359506557122],[-74.3526909530216,6.64358244779547],[-74.3527010482888,6.64357487588066],[-74.3527212388231,6.64355720867385],[-74.3527313340902,6.64354459000484],[-74.3527489976637,6.6435269245815],[-74.352764142361,6.64351430234258],[-74.352781810426,6.64350168099564],[-74.35279786871,6.64346532580398],[-74.3528087248503,6.64345644312309],[-74.3528116839008,6.64345348341913],[-74.3528176055952,6.64344854998434],[-74.3528195782955,6.64344657536118],[-74.3528274735886,6.64343868311457],[-74.3528314198876,6.64343473476048],[-74.3528472059821,6.64342091864397],[-74.3528590466758,6.64341105088134],[-74.3528708918612,6.64340315417273],[-74.3528728636632,6.64340216641494],[-74.3528847088486,6.64339427059845],[-74.3528985249376,6.64338440105074],[-74.3529113537782,6.6433765034494],[-74.3529281334094,6.64336860495565],[-74.3529429349503,6.6433557757029],[-74.3529547747458,6.64334590793899],[-74.3529725389305,6.64333504974006],[-74.3529754988794,6.64333307600875],[-74.3529873431664,6.64332518019116],[-74.3530041218993,6.64331728080431],[-74.3530169507399,6.64331037006763],[-74.3530248460329,6.64330444887337],[-74.3530406384156,6.64329457664698],[-74.3530534681545,6.64328766769455],[-74.3530682696954,6.64328075606515],[-74.3530781403838,6.64327384443561],[-74.3530909701227,6.64326792145638],[-74.353102812613,6.6432580536907],[-74.3531205785944,6.64324817967881],[-74.3531393300276,6.64323633550421],[-74.3531570942124,6.64322547819516],[-74.353175843849,6.64321659104855],[-74.3531867035825,6.64321165493452],[-74.3531965733725,6.6432057328468],[-74.3532143393539,6.64319783167344],[-74.3532261818443,6.64319289466696],[-74.3532399988317,6.64318499795482],[-74.3532538176157,6.64317907140536],[-74.3532755316927,6.6431711693393],[-74.3532895418179,6.64316204038276],[-74.3533003988564,6.64315513053616],[-74.3533221102385,6.64314229770868],[-74.35333099278,6.64313834756767],[-74.353334941774,6.64313735891704],[-74.353354684049,6.64313044550096],[-74.3533655392909,6.64312649357529],[-74.3533763990244,6.64312352940792],[-74.3533862697127,6.64311957837447],[-74.3534000893951,6.64311463958259],[-74.3534129200323,6.64310970168297],[-74.3534178562747,6.64310772616619],[-74.3534277233698,6.6431037760249],[-74.353440556702,6.64309686706975],[-74.3534484501984,6.6430909431961],[-74.353461279039,6.64308107453456],[-74.353477069625,6.64307514887614],[-74.353496814595,6.6430741504103],[-74.3535205040673,6.64306230355463],[-74.3535293893038,6.64306131311928],[-74.3535353100998,6.64306130865786],[-74.3535451816865,6.64306031822253],[-74.3535530778778,6.64305735405476],[-74.3535639358147,6.64305044599125],[-74.3535698566107,6.6430445239016],[-74.3535787382539,6.64303761673022],[-74.3535895908009,6.64302972180014],[-74.3535974860939,6.64302478568425],[-74.3536073549856,6.64301886270198],[-74.3536191992726,6.64301491166768],[-74.3536221610181,6.64301096420252],[-74.3536280800175,6.64300800271131],[-74.3536349898587,6.64300208151341],[-74.353645843304,6.64299418569052],[-74.3536537403936,6.64298727851842],[-74.3536626220369,6.64298234240206],[-74.3536695291831,6.64297839404433],[-74.3536843352156,6.64297246838467],[-74.3536942059039,6.64296753137589],[-74.3537070374394,6.64296259436706],[-74.3537208553251,6.64295666781492],[-74.3537326996122,6.6429546887284],[-74.3537415839503,6.64295172545229],[-74.3537554027343,6.64294777352519],[-74.3537761313595,6.64294184518831],[-74.3538052071303,6.64294131249457],[-74.3538101415762,6.64293933786941],[-74.3538140896718,6.64293736413651],[-74.3538437008386,6.64292452594966],[-74.3538555451256,6.6429195880481],[-74.3538742965588,6.64290774297327],[-74.3538890989981,6.64290083044627],[-74.3539088403748,6.64288997134526],[-74.3539266027629,6.64287812805428],[-74.3539443669476,6.64286726984509],[-74.35396805642,6.64285640806647],[-74.3539789107636,6.64285147194882],[-74.3539877942034,6.64284752180544],[-74.3539976621968,6.64283962598005],[-74.354012464636,6.642824825657],[-74.3540252961716,6.64282185970327],[-74.3540420767011,6.64281889107266],[-74.3540549091349,6.64281493914447],[-74.3540746496133,6.64280703885713],[-74.3540953773401,6.64280012275957],[-74.3541101851693,6.64279518485677],[-74.3541220276597,6.64279024695393],[-74.3541407826862,6.64278431950743],[-74.354155589617,6.64277937981992],[-74.3541743428469,6.64277542343001],[-74.3541881634275,6.64277147150145],[-74.3542187618427,6.64276356585971],[-74.3542375186659,6.64276059722875],[-74.3542523273933,6.64275762859778],[-74.3542700933747,6.64275170115087],[-74.3542858839608,6.6427457754885],[-74.3542987163946,6.64274083669287],[-74.3543125342803,6.64273491192262],[-74.3543635765547,6.64272157137421],[-74.3543714727461,6.64272156780508],[-74.3543734490397,6.64272156691278],[-74.3543971394104,6.64271760873782],[-74.3544139244315,6.64271464010659],[-74.354438600254,6.64270870909004],[-74.354456368032,6.64270475448411],[-74.3544751248551,6.6427017867451],[-74.35450375057,6.64269881097547],[-74.3545244818901,6.64269386771794],[-74.3545452087187,6.64268695340337],[-74.3545540921585,6.64268201817629],[-74.3545649509936,6.64267806713928],[-74.3545748207837,6.64267313012755],[-74.3545925867651,6.64266424386321],[-74.3546034420069,6.64266127969309],[-74.3546083782494,6.64265831819978],[-74.3546231842819,6.64265239164398],[-74.3546399639131,6.64264745195516],[-74.354650819155,6.64264448778489],[-74.3546606898434,6.64263955077286],[-74.354680433915,6.64263559438177],[-74.3546942535973,6.64263262842691],[-74.3547149831208,6.64262768695329],[-74.3547268256112,6.64262373502359],[-74.3547406452935,6.64261879622674],[-74.3547603875686,6.64261286788589],[-74.3547692710084,6.64260891774063],[-74.3547781526516,6.64260398162048],[-74.3547860479446,6.64260102012682],[-74.3547998658304,6.64259312072834],[-74.3548126973659,6.64258818371576],[-74.3548235570993,6.64258521776061],[-74.3548442821313,6.64257534462752],[-74.3548610608641,6.64256941896299],[-74.3548709333491,6.6425664539],[-74.3548847521331,6.64256250196979],[-74.3548896883756,6.64256052645082],[-74.3549064671085,6.64255558586878],[-74.35491534965,6.64255262259025],[-74.354919298644,6.64255163393848],[-74.3549321301795,6.64254669603318],[-74.3549350937216,6.64254669335635],[-74.3549459489635,6.64254274321052],[-74.3549647057867,6.642538787711],[-74.3549666820803,6.6425387868187],[-74.3549814863162,6.64253582086322],[-74.3549982659474,6.64253087938866],[-74.3550120856297,6.64252889940812],[-74.3550259071087,6.64252691942761],[-74.3550328178481,6.64252592899117],[-74.3550387386442,6.64252395257975],[-74.355043675785,6.64252395079519],[-74.3550525592248,6.64252098751649],[-74.3550594708626,6.64251901199734],[-74.3550624308115,6.64251802245319],[-74.3550693379577,6.64251506006676],[-74.3550792077477,6.64251012483795],[-74.3550930292267,6.64250715709777],[-74.355100925418,6.64250518068627],[-74.3551058589656,6.64250222008431],[-74.3551078352592,6.64250221919201],[-74.355110795208,6.64250122964784],[-74.3551147433037,6.64249876247955],[-74.3551206658964,6.64249530755158],[-74.3551275739409,6.64249333203233],[-74.3551364555841,6.64248938188611],[-74.3551463289674,6.64248740368997],[-74.3551640958471,6.64248147534754],[-74.3551789018796,6.64247653744157],[-74.3551946942623,6.64247258372605],[-74.355208514843,6.6424696177702],[-74.3552173982828,6.6424666527066],[-74.3552322070103,6.6424646727258],[-74.3552381313996,6.64246368407382],[-74.3552499747883,6.64246071722562],[-74.3552618199736,6.6424587390294],[-74.3552786031981,6.64245379844633],[-74.3553028720838,6.64243737058343],[-74.3553275488047,6.64242749387822],[-74.3553512436669,6.64242747960168],[-74.3553591398583,6.64242451810696],[-74.3553630870556,6.6424225434797],[-74.3553739422975,6.64241760557314],[-74.3553877619798,6.64241562559214],[-74.3553966472163,6.64241463604779],[-74.3554124440906,6.64241265517451],[-74.3554292228234,6.64240672683119],[-74.3554450179011,6.64240080116464],[-74.3554608066905,6.64239290176296],[-74.3554746263729,6.6423869778808],[-74.3554963413482,6.64238104864489],[-74.3555121328326,6.64237709403632],[-74.3555269406617,6.64237215612928],[-74.3555417475926,6.64236820241295],[-74.355559513574,6.64236128898607],[-74.3555772795553,6.64235338958371],[-74.3555910992376,6.64234844989187],[-74.3556049171233,6.6423425251169],[-74.3556177450656,6.64233265554809],[-74.3556276139573,6.64232377463135],[-74.3556453772438,6.64231094356675],[-74.3556582060843,6.64230205997274],[-74.3556690586313,6.64229317816315],[-74.3556799147715,6.64228528322118],[-74.3556937317589,6.6422763987344],[-74.3557105086951,6.64226554140418],[-74.3557223511855,6.64226060349604],[-74.3557341972692,6.64225468050458],[-74.3557450516127,6.64224974259633],[-74.3557529460075,6.6422448064726],[-74.3557766300899,6.64222605598328],[-74.3557894616254,6.64222111896704],[-74.3558092047987,6.6422151906214],[-74.3558180882386,6.64221222644855],[-74.3558368432651,6.64220629899509],[-74.3558447376598,6.64220333482218],[-74.3558615181893,6.64219839602113],[-74.3558703989342,6.64219050018532],[-74.355908632131,6.64216146074746],[-74.3559234381635,6.64215553507796],[-74.3559461403874,6.64214566104396],[-74.3559895667449,6.64212689716661],[-74.3560162161661,6.64211504761126],[-74.356050759982,6.64209925058315],[-74.3560685250651,6.64209036341616],[-74.3560951753846,6.64208048759631],[-74.3561089905754,6.64207160399814],[-74.3561228066644,6.64206074755566],[-74.3561425471428,6.6420489024602],[-74.356159324079,6.6420400170769],[-74.3561770909587,6.64203310275309],[-74.3562027531315,6.64202421201577],[-74.3562175600623,6.64202026008121],[-74.3562333506484,6.64201334843399],[-74.3562491448277,6.6420064350021],[-74.3562609873181,6.6420005120076],[-74.3562777669492,6.64199458365931],[-74.3562975092243,6.64198865620321],[-74.356305403619,6.64198569381358],[-74.3563369865877,6.64196890991291],[-74.3563508035751,6.64196002720504],[-74.3563606733651,6.64195311644925],[-74.3563665905679,6.64194719702322],[-74.3563784357533,6.64194028537498],[-74.356384355651,6.64193732476964],[-74.3563962008363,6.64193041401353],[-74.3564050833779,6.64192449280269],[-74.356413965021,6.64191955578341],[-74.3564258057148,6.64191165994313],[-74.356432712861,6.64190771157681],[-74.3564435698996,6.64189981573635],[-74.3564765183076,6.64189339573712],[-74.3564972433395,6.64187760584017],[-74.3565041486891,6.6418716828441],[-74.3565248773142,6.64185983774407],[-74.3565406679003,6.64185391207093],[-74.356566332768,6.64184896612807],[-74.3565811396988,6.64184600016843],[-74.3566018692223,6.64184204198644],[-74.3566127262608,6.64183513301357],[-74.3566364076484,6.64181835356919],[-74.3566512136808,6.64181144191916],[-74.3566729277579,6.64180255385473],[-74.3566985962188,6.6417976096959],[-74.3567153767483,6.6417946410591],[-74.3567242601882,6.64179069090727],[-74.3567459715703,6.64177884491298],[-74.3567657111503,6.64177094282447],[-74.3567765681889,6.64176501982711],[-74.3568180236426,6.64174823145746],[-74.3568318433249,6.64174427862839],[-74.3568515820067,6.64173637921616],[-74.3568594772997,6.64173242906386],[-74.3568811913767,6.6417176233538],[-74.356892044822,6.6417107134869],[-74.3569098090068,6.6416998561442],[-74.3569265850447,6.64168801193227],[-74.3569433646759,6.64167912565018],[-74.3569680369052,6.64166727786862],[-74.3569798802938,6.64166135487006],[-74.3569927091344,6.6416524721566],[-74.3570055397716,6.64164062883584],[-74.3570203404143,6.64163075836067],[-74.3570361327969,6.64162286073119],[-74.3570519251796,6.64161792013974],[-74.3570588350208,6.64161397177105],[-74.3570746256069,6.64160903117949],[-74.3570854862387,6.64160409504931],[-74.357100285983,6.64159422457342],[-74.3571141029703,6.64158632605105],[-74.3571239718621,6.64157843109772],[-74.3571446950974,6.64156461403678],[-74.3571565393844,6.64155671640623],[-74.3571693709199,6.64155177849098],[-74.3571861469578,6.64154190712173],[-74.3572098346336,6.64152907335987],[-74.3572187171751,6.64152413722891],[-74.3572374668117,6.64151426496685],[-74.3572542473412,6.64150537868159],[-74.3572631289844,6.64149945657334],[-74.3572759587233,6.64149155894175],[-74.3573260523768,6.64147197681228],[-74.3573408539177,6.64146309141856],[-74.3573596071476,6.64145519289409],[-74.3573862547722,6.64144038360654],[-74.3573990827145,6.64143150088911],[-74.3574316511351,6.64141077216837],[-74.3574573106128,6.64139695153357],[-74.3574888935816,6.6413811535901],[-74.3575046859643,6.64137128310974],[-74.3575165257597,6.64136141441371],[-74.3575402116388,6.64134562093055],[-74.3575510659824,6.64133772597336],[-74.3575648820715,6.64132686862242],[-74.357582642663,6.64131206557699],[-74.3575915243062,6.64130515838128],[-74.3576023786498,6.64129430459877],[-74.3576171783941,6.64128048842214],[-74.3576290208845,6.64126963285452],[-74.3576408588833,6.64125680711618],[-74.3576507268767,6.64124595244034],[-74.3576586185764,6.64123805837382],[-74.35766947292,6.64122523263464],[-74.3576832881108,6.64121437617351],[-74.357694141556,6.64120647942963],[-74.3577000641487,6.64120253105765],[-74.3577145773304,6.64119381787053],[-74.3577242566776,6.64118061201573],[-74.3577409877998,6.64116652279594],[-74.3577515519875,6.64115683701478],[-74.3577612394196,6.64114979151231],[-74.357770042011,6.64113922682755],[-74.3578016842686,6.64111708917237],[-74.3578126931224,6.64110332652801],[-74.3578198500003,6.64109451964894],[-74.3578297584179,6.64108791047425],[-74.3578429753306,6.64107854948425],[-74.3578501313102,6.64107414515223],[-74.3578567384191,6.64106918760181],[-74.3578655446038,6.64105982839602],[-74.3578743525852,6.64105212081466],[-74.3578859148012,6.64104276160854],[-74.3578930716791,6.64103670475928],[-74.3579035352555,6.641028995393],[-74.3579145441093,6.64102073548499],[-74.357920600551,6.64101523096159],[-74.3579283089944,6.64100752248726],[-74.3579382156154,6.640998162388],[-74.3579459240588,6.64099210553821],[-74.3579519813988,6.64098605047286],[-74.3579580351455,6.6409805450568],[-74.3579668458218,6.64097283568962],[-74.3579994492767,6.64095490248759],[-74.3580110105944,6.64094664257836],[-74.3580170652394,6.64094058751249],[-74.3580258732208,6.64093122741196],[-74.3580291763261,6.64092737451257],[-74.3580346794055,6.64092131855416],[-74.3580440398508,6.64091196113017],[-74.3580506433664,6.64090535462987],[-74.3580583509116,6.64089819669551],[-74.3580638575843,6.64089159197963],[-74.3580682602275,6.64088608567021],[-74.3580770682088,6.64087892773555],[-74.3580869802197,6.6408717698008],[-74.35809633797,6.64086406221648],[-74.3581078992877,6.64085304959697],[-74.3581205619399,6.64084423914428],[-74.3581293708196,6.64083763085853],[-74.3581359788268,6.64083212454851],[-74.3581442379376,6.64082661913068],[-74.3581480908118,6.64082276444591],[-74.3581519445844,6.64081946208747],[-74.3581591023606,6.64081285469366],[-74.3581745156542,6.640801842073],[-74.3581860778702,6.64079303072708],[-74.3581981916519,6.64078642154835],[-74.3582304842897,6.64077011498098],[-74.3582354393968,6.64076625940349],[-74.358245349611,6.64075744984151],[-74.3582492033836,6.64075304639889],[-74.3582602149323,6.64074423683671],[-74.3582723314089,6.64074312950694],[-74.3582772883126,6.64074257718048],[-74.3582905034288,6.64073706640794],[-74.3583075696225,6.64072440215993],[-74.3583152762694,6.64071614313908],[-74.3583268366887,6.64070513408544],[-74.3583378491358,6.64069412235467],[-74.3583439055775,6.64068971712691],[-74.3583477602483,6.64068531368367],[-74.3583620722075,6.64067319997626],[-74.3583730837562,6.64066438952034],[-74.3583796890685,6.64065943375036],[-74.358389600181,6.64065172616273],[-74.3583995085986,6.64064511787436],[-74.3584143766149,6.64063740671735],[-74.358419331722,6.64063355203109],[-74.3584275872394,6.64062199154127],[-74.3584347441173,6.64061428484535],[-74.3584435512004,6.64060547617296],[-74.3584545627491,6.64059666571583],[-74.358466677429,6.6405895059924],[-74.3584710809705,6.64058620274009],[-74.3584837463177,6.64058124340014],[-74.3584914547612,6.64057683638683],[-74.3585019183376,6.64057077774723],[-74.3585101756517,6.64056472178444],[-74.3585173343262,6.64055866492931],[-74.358528345875,6.64054985447131],[-74.3585377036253,6.64054214777426],[-74.3585437582703,6.64053609091882],[-74.3585503653792,6.64053003406332],[-74.3585564218209,6.6405239789923],[-74.3585646809316,6.64051792035209],[-74.3585718360128,6.64051351601504],[-74.358581199153,6.64050855845893],[-74.3585883569292,6.64050305036066],[-74.3585922107018,6.64049974889238],[-74.3586096613745,6.64048987036371],[-74.3586168155574,6.64048491459196],[-74.3586267266699,6.64047720610933],[-74.3586355373462,6.64047169801069],[-74.358643793762,6.64046509061221],[-74.3586542564401,6.64045573139493],[-74.3586625128559,6.64044802291181],[-74.3586746239426,6.64043591187543],[-74.3586867359275,6.64042654998073],[-74.3587021528145,6.64041498680919],[-74.3587104110268,6.64040782886769],[-74.358724722986,6.64039626658799],[-74.3587346358951,6.64038910775395],[-74.3587456429523,6.64037864655837],[-74.3587599576064,6.64036488389339],[-74.3587671153825,6.64035882703575],[-74.3587803269054,6.64034726475495],[-74.3587874837833,6.64033955805469],[-74.3587968424319,6.64033239921981],[-74.3588067526461,6.64032359054238],[-74.3588139068291,6.64031588384175],[-74.3588194126034,6.64030982787582],[-74.358829321021,6.64030046776332],[-74.3588370285662,6.6402944117972],[-74.3588425370355,6.64029055710826],[-74.3588502436823,6.64028284951485],[-74.3588535440927,6.64027844606801],[-74.3588601512016,6.6402718386669],[-74.3588662067449,6.64026523215804],[-74.3588722613899,6.64025917708376],[-74.3588777653677,6.64025422309428],[-74.3588832720403,6.64024926642786],[-74.3588882262491,6.64024486119615],[-74.3588909795855,6.64024265902638],[-74.3588970342305,6.6402371527097],[-74.3589025418015,6.64023274747789],[-74.3589107991156,6.64022503988356],[-74.3589157542227,6.64022173662882],[-74.3589218070711,6.64021623120421],[-74.3589440179165,6.64020640709951],[-74.3589599827757,6.6401920929949],[-74.3589709943245,6.64018108036035],[-74.3589836542818,6.64016841877488],[-74.358990812058,6.64016181315689],[-74.3590040253775,6.6401513501719],[-74.3590095311518,6.64014529598856],[-74.359011731126,6.64014254149124],[-74.3590177893643,6.64013703695801],[-74.359023293342,6.64013263083298],[-74.3590298995526,6.64012657575711],[-74.3590354044287,6.64012162176629],[-74.3590447648739,6.64011391238565],[-74.3590519199552,6.64010840606752],[-74.3590552239588,6.64010675354745],[-74.3590629333005,6.64010124544468],[-74.3590706408457,6.64009463893353],[-74.3590744937199,6.64009023548498],[-74.3590794470304,6.6400852814938],[-74.3590822003668,6.64008087715288],[-74.359100917664,6.6400627101385],[-74.3591091740798,6.64005335091357],[-74.3591179820612,6.64004399168848],[-74.359128441146,6.64003683284931],[-74.3591333971514,6.64003242761566],[-74.3591400015654,6.64002637253854],[-74.3591455100347,6.64002196641249],[-74.3591515628831,6.64001480935758],[-74.3591565161936,6.64000820462984],[-74.3591614713007,6.64000104846699],[-74.3591647690161,6.6399955448245],[-74.3591680730197,6.6399900420742],[-74.3591724756629,6.6399850871897],[-74.3591757787682,6.63998178393334],[-74.3592062720805,6.63996155304922],[-74.3592073743134,6.6399593517705],[-74.3592161831931,6.63995274347283],[-74.3592233409693,6.63994778769569],[-74.3592293947159,6.63994228316029],[-74.3592382026973,6.63993402412635],[-74.3592486626805,6.63992301237833],[-74.3592525155547,6.63991860982055],[-74.3592541666582,6.63991750873496],[-74.3592580213291,6.63991475602092],[-74.359261326231,6.63991255206515],[-74.359266833802,6.639909247916],[-74.3592712382419,6.63990594465917],[-74.3592816964284,6.63989823349057],[-74.3592877537684,6.63989327860516],[-74.3592943581824,6.6398872235263],[-74.3593015159585,6.6398806152277],[-74.3593086728364,6.63987565855752],[-74.3593163821782,6.63986960347844],[-74.3593251901595,6.63986244463673],[-74.3593323479357,6.63985638777296],[-74.3593389550446,6.63985033180137],[-74.359345557662,6.63984207544275],[-74.3593483109983,6.63983822253483],[-74.3593571162847,6.63982721256924],[-74.3593637260886,6.63982390663497],[-74.3593697798353,6.639819503184],[-74.3593747340441,6.6398150979484],[-74.359381341153,6.63980959162698],[-74.3593862935652,6.63980353654709],[-74.3593895975688,6.6397996827466],[-74.3594050108624,6.63978261591542],[-74.3594143686127,6.63977490920635],[-74.3594242797253,6.63976499764841],[-74.3594319872704,6.63975783969745],[-74.3594437749636,6.6397447087565],[-74.3594520313793,6.63973369968112],[-74.3594597389245,6.63972764281572],[-74.359475157608,6.63971993164434],[-74.3594795620479,6.63971607695088],[-74.3594828642548,6.63971057152062],[-74.359487266898,6.63970506787483],[-74.3594900202344,6.63970176461662],[-74.3594927699775,6.63969901190139],[-74.35949662375,6.63969460755703],[-74.3595015797555,6.63968910301883],[-74.3595054344264,6.63968579976048],[-74.3595147921767,6.63967754072224],[-74.359524149927,6.63966873203309],[-74.3595351587808,6.6396566209775],[-74.3595478187381,6.63964285740002],[-74.3595577289523,6.63963184653779],[-74.3595670867026,6.63962413893405],[-74.3595775493807,6.63961532845934],[-74.3595841528964,6.63960927248479],[-74.3595995670884,6.63959440781968],[-74.3596083750697,6.63958559912903],[-74.3596144324097,6.63958064245588],[-74.3596426457978,6.63955775520664],[-74.359647048441,6.63955169833907],[-74.3596553030602,6.63953958906522],[-74.3596597057034,6.63953353398201],[-74.3596679657124,6.63952362420381],[-74.359675668766,6.63951371799456],[-74.3596844776456,6.63950380910823],[-74.3596949349339,6.63949279735054],[-74.3597042962774,6.63948508885238],[-74.3597142037967,6.63947517996546],[-74.3597279695801,6.63946416642259],[-74.3597384277666,6.63945535772962],[-74.3597444860049,6.63945095159846],[-74.3597538428569,6.63944104181859],[-74.3597598966036,6.63943608782087],[-74.3597703583834,6.63942672769175],[-74.3597786147992,6.63941846775687],[-74.3597808183666,6.63941571593235],[-74.3597857716771,6.639410211391],[-74.3597907249875,6.63940415541393],[-74.3597940271945,6.63939920320042],[-74.3598018362493,6.63938956199901],[-74.3598034855562,6.63938846001994],[-74.3598172477463,6.63937634806518],[-74.3598244064208,6.63937139049765],[-74.3598326619383,6.63936093195732],[-74.3598398179178,6.63935157539594],[-74.3598486232042,6.63934056452716],[-74.3598557791838,6.63933065652966],[-74.3598612831615,6.63932515109507],[-74.3598695377807,6.63931414290256],[-74.3598783475587,6.63930368257643],[-74.3598860542055,6.63929377368588],[-74.3598921070539,6.63928606696916],[-74.3598998128024,6.6392778106011],[-74.3599080701165,6.63926900279706],[-74.359915226096,6.63926019499287],[-74.3599251336153,6.63925083486041],[-74.3599328402621,6.63924147651235],[-74.3599410966779,6.63923321835894],[-74.3599466033506,6.63922661272841],[-74.3599532059679,6.63921725437989],[-74.3599581619733,6.63921229859534],[-74.3599660788259,6.63920587856106],[-74.3599693819313,6.63920202564816],[-74.3599765388091,6.63919486858133],[-74.3599853467905,6.63918716007849],[-74.3599908516665,6.63918385503219],[-74.3599980121377,6.63918054998588],[-74.3600095716588,6.63916898856962],[-74.3600150738399,6.6391607321996],[-74.3600222307177,6.63915247493713],[-74.3600321373387,6.63914201460757],[-74.3600414968856,6.63913155517007],[-74.3600497533014,6.63912164449146],[-74.3600607639519,6.63911173648955],[-74.3600690230626,6.63910512818051],[-74.3600789323785,6.6390985198714],[-74.3600915950307,6.63909025903869],[-74.3601009572726,6.63908365162168],[-74.3601064612503,6.63907924637953],[-74.3601141678972,6.63907153787485],[-74.3601235274441,6.6390654818936],[-74.3601306870169,6.63906162541045],[-74.3601378438948,6.63905722016812],[-74.3601416985657,6.63905391512094],[-74.3601572510982,6.63903658771484],[-74.3601649586433,6.63902997940479],[-74.3601803746319,6.6390178665489],[-74.3601952408516,6.63900520404122],[-74.3602112057108,6.63899088811712],[-74.3602288216735,6.63897712184417],[-74.3602475398691,6.63895950444059],[-74.3602563460538,6.63894849356308],[-74.360264050904,6.63893748714675],[-74.3602690033162,6.63892922988054],[-74.360276709963,6.63892097082961],[-74.3602871717428,6.63891381375865],[-74.3602970801604,6.63890665490303],[-74.3603036890659,6.63890224787469],[-74.360313607365,6.63889445995329],[-74.3603213149101,6.63888785074906],[-74.3603328762278,6.63887739041388],[-74.3603427837471,6.63886858171041],[-74.3603466366213,6.6388641791432],[-74.3603560895931,6.63885344308934],[-74.3603626931087,6.63884683656145],[-74.3603742526298,6.63883417494162],[-74.3603863628181,6.63881931203769],[-74.3603962721341,6.63880775150529],[-74.3604138889951,6.6387939861195],[-74.3604331578579,6.63877691657656],[-74.3604447182773,6.63876535604317],[-74.3604535253604,6.63875709877408],[-74.3604711413231,6.63874168175452],[-74.360477198663,6.63873672596515],[-74.3605071008839,6.63871554652348],[-74.3605087510891,6.63871279380276],[-74.3605104003959,6.63871114306262],[-74.3605192101739,6.63870178470427],[-74.3605208612774,6.63870068272366],[-74.36053077239,6.63869187401702],[-74.3605357248021,6.63868636768299],[-74.3605373750073,6.63868416461399],[-74.3605412260849,6.63867645967231],[-74.360552785606,6.63866269785201],[-74.3605566393786,6.63865829439068],[-74.3605654455633,6.6386505867717],[-74.3605715038016,6.6386450795449],[-74.360579762014,6.63863737192573],[-74.3605913224334,6.6386252608448],[-74.360601777925,6.63861260011161],[-74.3606116881392,6.63860324085911],[-74.3606210458895,6.63859388071413],[-74.3606304018432,6.63858287161302],[-74.3606381093883,6.63857516399287],[-74.3606463640075,6.638563604347],[-74.360659027558,6.63855039306786],[-74.3606672848721,6.63854268277034],[-74.3606804972933,6.63853112044683],[-74.3606893043764,6.63852286406611],[-74.3607036181321,6.63850909956462],[-74.3607168305533,6.63849863654454],[-74.3607272923331,6.63848872674547],[-74.3607383002886,6.63847881605393],[-74.3607638438837,6.63846019301898],[-74.3607649443199,6.63845854138569],[-74.3607693505564,6.6384541388148],[-74.3607743038669,6.63845028500375],[-74.3607924678019,6.63843101594794],[-74.3607974247056,6.63842716035213],[-74.3608100855612,6.63841504837372],[-74.360824396622,6.63840073600159],[-74.3608354081708,6.63838917367476],[-74.3608442152538,6.63838036585484],[-74.3608530223369,6.63837265733921],[-74.360863485015,6.63836549847573],[-74.3608946808099,6.63841340655549],[-74.361403692301,6.63792924215285],[-74.3615559154191,6.63785339363947],[-74.3623387531718,6.63710743211436],[-74.3623531837085,6.63709184104562],[-74.362528984908,6.63690191960659],[-74.3635902977038,6.6363651840883],[-74.3648728637574,6.63609782172818],[-74.3661556175589,6.63568800306274],[-74.3671528454407,6.6357209886216],[-74.3676432905515,6.63592740908823],[-74.3688772478668,6.63649886699852],[-74.3693789479698,6.6369722690517],[-74.3694147835631,6.63700608346666],[-74.3696356226976,6.63759201938019],[-74.3702217410812,6.63876804184171],[-74.3702513432647,6.63882743813886],[-74.3709464686147,6.63987302094866],[-74.3715157337052,6.64033279271926],[-74.372053381691,6.6407608646287],[-74.372306512565,6.64087199644197],[-74.3724345467475,6.64101461974445],[-74.37244877157,6.6410304676678],[-74.3726069235691,6.64114147360766],[-74.3727650971277,6.64123665212889],[-74.3729549300118,6.64133187256921],[-74.3731602992588,6.64164870759923],[-74.3733325080954,6.64184053848404],[-74.3734448190655,6.64196564682276],[-74.3736664370393,6.64196593860029],[-74.3737770996009,6.6420768827614],[-74.3740458108552,6.64237797293735],[-74.3744254361993,6.6426000680588],[-74.374746537201,6.64266472034331],[-74.3747420339465,6.64260048475588],[-74.3750903116804,6.64258511514782],[-74.3752153697444,6.64248873141025],[-74.3752152969808,6.64236779017712],[-74.375262722638,6.6422818595217],[-74.3755835379754,6.64218408911276],[-74.3756046115536,6.64217766644042],[-74.3757743212771,6.64210426969093],[-74.3758035129306,6.64209164473865],[-74.3762121296039,6.64204392618158],[-74.376544472123,6.64204372541723],[-74.3768480568749,6.64215770154768],[-74.3772664490152,6.64238463741642],[-74.3775892693923,6.64252685964449],[-74.3778267426309,6.64266913269167],[-74.3778368441863,6.64267571775342],[-74.3780450000073,6.64281141818967],[-74.3780449874309,6.64279103305664],[-74.378044947905,6.6427266457973],[-74.3782349164348,6.64282147512865],[-74.3783167870931,6.64293513164116],[-74.3783245548254,6.64294591668155],[-74.3784538358695,6.64312539160458],[-74.3782114030322,6.64319335686998],[-74.3784274056372,6.64334581514149],[-74.3787508206991,6.64353550745394],[-74.3790166537512,6.64383939582798],[-74.3792639168298,6.64427553894536],[-74.3794919047573,6.64461674920439],[-74.3798148607801,6.64497824611913],[-74.3801193267793,6.64560424302841],[-74.3802330966134,6.64586979246654],[-74.3803474557423,6.64617377219522],[-74.3804995908256,6.64632513739438],[-74.3805569680194,6.64679982647292],[-74.3805186027703,6.6469140094018],[-74.3803287150889,6.64695255577092],[-74.3802552230172,6.64684946207231],[-74.3802336778234,6.64681923885758],[-74.3802149326784,6.64666779082871],[-74.3800436742593,6.64666789611745],[-74.3800438593123,6.64697194495035],[-74.3799683181834,6.64729412465215],[-74.3799491696948,6.64740829675894],[-74.3799113928422,6.64755977846616],[-74.3798543417368,6.64761745874774],[-74.3798544118054,6.64773161917986],[-74.3799115563356,6.64782652785091],[-74.3801206859304,6.64782640114779],[-74.38019635462,6.64771219433935],[-74.3803291453819,6.64765446767057],[-74.3804054258243,6.64761712146748],[-74.3804436940554,6.64754047675298],[-74.3804624418953,6.64750292710228],[-74.3805381231614,6.64740793538708],[-74.3805758991157,6.64725645363303],[-74.3806708321767,6.64721796617799],[-74.3807279533506,6.6472744446033],[-74.3807089800335,6.64767345083689],[-74.3806526799197,6.64803404876793],[-74.3807286513416,6.64841378215107],[-74.3806147099293,6.64879362945193],[-74.3805769806873,6.64902197294246],[-74.3805425563473,6.64910902668421],[-74.3806535521838,6.64945821853542],[-74.3806153621062,6.64985723638039],[-74.3805969780839,6.6502946715214],[-74.3808822551703,6.65095910956596],[-74.3811481627827,6.65137602510864],[-74.3814145797397,6.6516991254213],[-74.3816611322509,6.65188886358534],[-74.3818895612513,6.65202096653157],[-74.3821173802955,6.65207847140504],[-74.3824593841955,6.65215399115466],[-74.3828200056798,6.6521729839621],[-74.3831998088904,6.65213431843854],[-74.3835416960094,6.65201994756169],[-74.3838263550549,6.65167842300919],[-74.3842815915965,6.65114690286844],[-74.3844711513929,6.65057711713609],[-74.3846799162716,6.64998810496903],[-74.3850779085701,6.64920908439642],[-74.3852867201612,6.64869580144753],[-74.3855336957789,6.64865834914294],[-74.3857043307671,6.64856329786864],[-74.3861030533959,6.6480498955728],[-74.3863685846141,6.64785984095339],[-74.3867105040724,6.6478031127582],[-74.3869953598491,6.64778372004246],[-74.3875079367535,6.64766924018773],[-74.3880019221249,6.64764971451762],[-74.3884196027994,6.64763136754304],[-74.3886852301373,6.64759277036743],[-74.3892549650467,6.6475924125648],[-74.3898060958466,6.64766779470104],[-74.3903381778708,6.6480099377105],[-74.3908511275762,6.64848433695774],[-74.3909272032026,6.64901552537573],[-74.3905478590312,6.64977532314964],[-74.389675212208,6.65074453559627],[-74.389143749123,6.65139026750617],[-74.3885363792948,6.65177042836935],[-74.3874922000664,6.65232153667176],[-74.386353324034,6.65329091094928],[-74.3855941290413,6.65403172722203],[-74.3851762076183,6.65458243949931],[-74.384778423729,6.65570393807706],[-74.3848545766106,6.65636850264346],[-74.3849689303497,6.65665326553222],[-74.3851968329372,6.65684301338166],[-74.3856524737207,6.65695575922419],[-74.3862606798805,6.65699380960181],[-74.3868302827375,6.65676513343526],[-74.3872857348748,6.65657495994787],[-74.3881208967978,6.65619465647291],[-74.3882395588569,6.65615752595371],[-74.3885264538092,6.65606775295887],[-74.3887289574304,6.65600438550816],[-74.3891843475839,6.65571926444634],[-74.3896781254445,6.65535839020112],[-74.3901904085999,6.65476918390006],[-74.3907027160098,6.65421840669696],[-74.3908925695552,6.65412334222205],[-74.3910824958641,6.65414243667143],[-74.3911965989732,6.65402820456305],[-74.3913365493079,6.65404699386179],[-74.3914814942757,6.65406645414245],[-74.391652274791,6.65419858951679],[-74.3917664740198,6.65423694704682],[-74.3918801315644,6.65431260387317],[-74.3919565090249,6.65442671456754],[-74.3919275832727,6.65444981259108],[-74.3918616002184,6.65450250520419],[-74.3917665818176,6.65440762102148],[-74.391595284771,6.65435121479717],[-74.391481674837,6.65435128796279],[-74.3914817233461,6.65442701704485],[-74.3917282929252,6.6546359645796],[-74.3920325514137,6.65490138957408],[-74.3921654257189,6.6549770346987],[-74.3920327921622,6.65528116761623],[-74.3914441198683,6.65573704988666],[-74.3905713571624,6.65653558988582],[-74.3901540286275,6.65712473696258],[-74.3897933056336,6.65784609178241],[-74.3896799598043,6.65826437198435],[-74.3897181058645,6.6587006405971],[-74.3898320769212,6.65927023577619],[-74.3906690947636,6.66092219341129],[-74.390840106146,6.6614148936322],[-74.390954608107,6.66192797412908],[-74.390992767642,6.66238345674357],[-74.3909929221522,6.66262646961863],[-74.3911334078828,6.66311240667499],[-74.3911718342174,6.66398609748725],[-74.3910773206698,6.66468806980036],[-74.3904510439998,6.66558139786238],[-74.3894835782017,6.66681628940994],[-74.3888684550143,6.66784873241781],[-74.3888381970606,6.66789951776942],[-74.3886106942233,6.66835516882303],[-74.3883450920382,6.66845028050554],[-74.3882402218136,6.66845034653117],[-74.3881359543586,6.66845041255677],[-74.3879653481164,6.66860197877842],[-74.3878892320658,6.66890607558946],[-74.3879088207289,6.66949494548965],[-74.3880041750996,6.67012106816771],[-74.3881723693652,6.67062507177898],[-74.3881870658033,6.67062619242489],[-74.3882844620447,6.67098183854804],[-74.3882907430652,6.67100477608222],[-74.3884220848445,6.67121082393576],[-74.3887077383251,6.67165895217783],[-74.3890307069242,6.67200009700528],[-74.3892970079987,6.6721140875944],[-74.3896955626425,6.67220878009083],[-74.390265374807,6.672284148631],[-74.3908351016315,6.67222727247238],[-74.3913669096696,6.67209356002898],[-74.3919744106518,6.67188519988218],[-74.3923919431043,6.67160009965224],[-74.3929235786659,6.67120076668613],[-74.3932809257909,6.6708829309033],[-74.3934755035764,6.67070986701343],[-74.3933223354306,6.67072691849396],[-74.3932838381291,6.67063199997588],[-74.393360060181,6.67049857618092],[-74.3933600269433,6.67044676949037],[-74.3933598652466,6.67019452764665],[-74.393378323829,6.66989159778682],[-74.3936823496538,6.66977724354067],[-74.3943847342896,6.66945352967503],[-74.3955240702594,6.66916796317471],[-74.3962459276756,6.66924322689876],[-74.3966830038754,6.66947126286767],[-74.3970061979517,6.6701548794084],[-74.3969711977916,6.67099187349631],[-74.396968905291,6.67104670479986],[-74.3967415192347,6.6716741638428],[-74.396690641352,6.67170936685821],[-74.3964946190755,6.67184499681259],[-74.396437505088,6.67180660407809],[-74.3964756206055,6.67218522697352],[-74.3961153171249,6.67267939786823],[-74.3954703132761,6.673458584601],[-74.3948441668618,6.67455989174174],[-74.3945405668385,6.67533885777909],[-74.3943888458786,6.67585210749613],[-74.3942755126258,6.67628960421465],[-74.3943891890351,6.67638447434825],[-74.3944015139208,6.67671992082464],[-74.3944087489521,6.67691682991471],[-74.3941813449295,6.67752394235611],[-74.3939659019749,6.67785980561087],[-74.3938397120337,6.67805652866044],[-74.3935927103648,6.67807477189161],[-74.3935989186217,6.67806007434449],[-74.3931561021873,6.67858707387919],[-74.3927765711663,6.67908125437137],[-74.3925489811924,6.67940353253847],[-74.392017252206,6.67967062149041],[-74.3914668912624,6.67997389058748],[-74.3905173666172,6.68012708510639],[-74.3898528127329,6.68041234007673],[-74.3893212849692,6.68100155837671],[-74.3888468451418,6.68158961073539],[-74.3887713300641,6.68195135163222],[-74.3887144801813,6.68233116581351],[-74.3887159273672,6.68234712749759],[-74.3887247263654,6.68244418773038],[-74.3887395009569,6.68261535776597],[-74.3887526271399,6.68276743351607],[-74.3887906438427,6.68299572906369],[-74.3889241999692,6.68324204805927],[-74.3891900249365,6.68348828395517],[-74.3894942771367,6.68371640964634],[-74.3898549336553,6.68375461051351],[-74.3900827553945,6.68379176570763],[-74.3903298801326,6.68396228306622],[-74.3905198908831,6.6840955363476],[-74.3907098773792,6.6841903603569],[-74.3908805842326,6.68419025150734],[-74.3912988586936,6.68416851015163],[-74.3912417222482,6.68409620818126],[-74.3911739901741,6.68390336421229],[-74.3909750025589,6.6833368213781],[-74.3912137576934,6.68336839939452],[-74.3921146529391,6.68348755412696],[-74.3923810815742,6.6837914320211],[-74.3923934316127,6.68406001748877],[-74.3924194890442,6.68462669242402],[-74.3923818837698,6.68504492477662],[-74.3922585953869,6.68518362379718],[-74.3920943752681,6.68536837137388],[-74.3920779935906,6.68538646711815],[-74.3920709561887,6.6853800753466],[-74.3914897426066,6.68567054576883],[-74.391356439805,6.6858232201312],[-74.390673455186,6.68646905035758],[-74.3901418959813,6.68701871084478],[-74.3901420900174,6.68732389005309],[-74.3900665991941,6.68772292970776],[-74.3898763611698,6.68812317350942],[-74.3900285124227,6.68827453646112],[-74.3900355192819,6.68839524688929],[-74.3901056669258,6.68960371013477],[-74.3902573501565,6.68990766184726],[-74.3904551070798,6.6900257684364],[-74.3906373509964,6.69013460862438],[-74.3910173275818,6.69032425606538],[-74.3916639079739,6.69108339914709],[-74.3924244737957,6.69241213513958],[-74.3924882973,6.6929865196434],[-74.3925012510064,6.69310309983793],[-74.3925290862038,6.69335359990554],[-74.3925514093386,6.69349941269265],[-74.3926726998683,6.69429165022615],[-74.3928442511381,6.69560154695886],[-74.3933770715775,6.69700615552706],[-74.3937003051797,6.69772707238735],[-74.3940617827584,6.6981450481706],[-74.3944227806368,6.6986952665112],[-74.3946886056041,6.69892341364904],[-74.3950462779193,6.69918607473677],[-74.3950499870631,6.69918879856799],[-74.395315750945,6.699322000409],[-74.3953922963903,6.6996825139147],[-74.3956389638859,6.70000448674802],[-74.3959240711908,6.70032756567169],[-74.396209179394,6.70065064348916],[-74.3962207209487,6.70068428578066],[-74.3964759278294,6.70142811011481],[-74.3970271358843,6.70239641019812],[-74.3973888919408,6.70323145855205],[-74.3975597667792,6.70347888077189],[-74.3977306667705,6.70376360285668],[-74.3977351520587,6.70377254511148],[-74.3981495179498,6.70459861407393],[-74.3983584032028,6.70505398378231],[-74.3984155216818,6.70509237568871],[-74.3986054920082,6.70514876714133],[-74.3987578759248,6.70564260403321],[-74.3991001807604,6.70611710087369],[-74.3991569713544,6.70651605557106],[-74.3993667100069,6.70740771645258],[-74.3993668528391,6.70762635615653],[-74.3993669363824,6.70775132456691],[-74.399368630605,6.70775132367471],[-74.3994363492044,6.70783577255003],[-74.3995208168922,6.70794111147423],[-74.3995588282052,6.70815019049386],[-74.3997297048402,6.70839648162757],[-74.3997473657187,6.70860444346164],[-74.3999374627075,6.70885072187537],[-74.4001947896122,6.70903818069895],[-74.4002224909606,6.70904042270666],[-74.4004503378527,6.70909791820103],[-74.4006402848229,6.70911587656422],[-74.4007924091264,6.70921072069233],[-74.4007946270668,6.70921092321345],[-74.4010015755521,6.70922979782436],[-74.4010618587958,6.70923847679062],[-74.4012672846367,6.70926805290069],[-74.4014194224149,6.70938211151836],[-74.4016094196907,6.70947693061408],[-74.4018371911243,6.70941913450547],[-74.4019535651744,6.70941170457084],[-74.4021413013907,6.70939971835883],[-74.4024337030157,6.70954600454719],[-74.4025970706332,6.70962773558359],[-74.4030342752921,6.70998800772],[-74.4035851401906,6.71040584897925],[-74.4040223583243,6.71078533500387],[-74.4043646721431,6.71125982772703],[-74.4047255783933,6.71163936483133],[-74.4050717576628,6.71216613094456],[-74.4050871637699,6.71218957418239],[-74.4052537805938,6.71260541155137],[-74.4053153547167,6.71275908651326],[-74.4053649758563,6.71300127853297],[-74.4055059143379,6.7136891869674],[-74.4056011761822,6.71412654449896],[-74.4056182810035,6.71434580837043],[-74.4056199949891,6.7143729352074],[-74.4055064227844,6.71444874063936],[-74.4053735421909,6.71439231457737],[-74.4053477111349,6.71436652508047],[-74.4052400453532,6.7142590294251],[-74.4051451652928,6.71439246802786],[-74.4049936419623,6.71435413841327],[-74.4049743209972,6.71420269255656],[-74.4050120933582,6.71405007882235],[-74.4048413128429,6.71395524901928],[-74.4047270740883,6.71387959606893],[-74.4045370480663,6.71374747860741],[-74.4044233491991,6.71363339603199],[-74.4044232351131,6.71346272221128],[-74.4045939141187,6.71340496404634],[-74.4047080522621,6.71332915755966],[-74.4047265916929,6.71315847203426],[-74.4047836356118,6.71308270476404],[-74.4047834963729,6.71287360109747],[-74.4047455326707,6.71274025307835],[-74.4047261856544,6.71255037704126],[-74.4046311169479,6.71239898147636],[-74.4046309902855,6.71220909281594],[-74.4045551518142,6.71207576959522],[-74.4044787752521,6.71198087695644],[-74.4043651150125,6.71192443811817],[-74.4042700966117,6.71184877146983],[-74.404117946257,6.7117154990035],[-74.4039658839373,6.71171559981744],[-74.4039088660696,6.71182979793077],[-74.4037953306958,6.71196211664842],[-74.4035675206347,6.7119622674232],[-74.4034724887591,6.71186738636033],[-74.4034724141989,6.71175435876824],[-74.4035673059373,6.71164013565675],[-74.4035672179024,6.71150676142716],[-74.403415105277,6.71143113396893],[-74.4031301012784,6.7112798647427],[-74.4029972458378,6.71126073772997],[-74.4029209186831,6.711241574138],[-74.4027501776936,6.71120325676552],[-74.4027067809806,6.71139995567176],[-74.4027310849006,6.71139428867459],[-74.402826127556,6.71150838515709],[-74.4028832846626,6.71160329037824],[-74.4030162029852,6.71171736183132],[-74.4031684171202,6.71194557870651],[-74.4030922040515,6.71209708860866],[-74.4030357260713,6.71217285603228],[-74.4028837266337,6.71226790119266],[-74.4027509466515,6.71236293295208],[-74.4026175270689,6.71234380687412],[-74.4025645192806,6.71231774783699],[-74.4025417541747,6.71230655660915],[-74.4024659166018,6.71217323341513],[-74.4022758672236,6.71200268576898],[-74.4021626426669,6.71195480987045],[-74.4021424215898,6.71194625942343],[-74.4020095418947,6.71188870270645],[-74.4018008749323,6.71177468214651],[-74.4015725249837,6.71181326266086],[-74.4015347643007,6.71198396114815],[-74.4015349268958,6.71223149401118],[-74.4015728636486,6.71232641336585],[-74.4017628510429,6.71240201659675],[-74.4019149501936,6.71245843039925],[-74.4019529004211,6.71257256499517],[-74.4019530387616,6.71278166879104],[-74.4018881462622,6.71295577586934],[-74.4017640817349,6.71371097875244],[-74.4022581452597,6.71405245106156],[-74.4022585099757,6.71460312785],[-74.4023346736371,6.71488790945133],[-74.4023537808032,6.71505879688892],[-74.4021829383041,6.715210820594],[-74.401898257699,6.71555280840667],[-74.4016895152781,6.71583777948049],[-74.4015378033014,6.71619866795775],[-74.4014620169324,6.71648355122256],[-74.4012342535837,6.71673055721304],[-74.4009304029304,6.7168067128925],[-74.4002657448416,6.71699703958859],[-74.3998288860341,6.71699732686063],[-74.3995630601685,6.71713042391156],[-74.3992972837102,6.71733947578864],[-74.3992973591687,6.71745340850638],[-74.3994303664246,6.71752927680095],[-74.3994114721592,6.71768120070568],[-74.3990886760366,6.71783332351191],[-74.3987090731504,6.71825132665164],[-74.3982534305703,6.71857443718702],[-74.3981396787025,6.71889732179485],[-74.3979311680469,6.7195430787695],[-74.3977797390395,6.72034070978493],[-74.397456903391,6.72043586575976],[-74.3971910748304,6.72056896097755],[-74.3969632827356,6.72077798639664],[-74.3963554143424,6.72068343892992],[-74.3958804777467,6.72055082550056],[-74.3956715808155,6.72060792798443],[-74.3951397503196,6.72060827413577],[-74.3948738103679,6.72057046780652],[-74.3942847257473,6.7201530947291],[-74.3942086150865,6.71994426620517],[-74.3935248076108,6.71990673014389],[-74.3928032699948,6.72026798405745],[-74.3921576085793,6.72047727635663],[-74.3919106751824,6.72045844589693],[-74.3915877901266,6.72047764213522],[-74.3915308926331,6.72061060084372],[-74.3914170509338,6.72080056294936],[-74.3912841299161,6.72085761455178],[-74.3910941901325,6.72085773588311],[-74.3908472306845,6.72080092783553],[-74.390676310032,6.72083901517163],[-74.3906574130717,6.72099093804245],[-74.3907334976813,6.7211617885424],[-74.3909425661906,6.72137053268213],[-74.3910946518665,6.72157931241788],[-74.3910757432281,6.72171224673735],[-74.3909522509277,6.72195955964477],[-74.3909429551611,6.72197817593271],[-74.3906771122275,6.72209227974667],[-74.3901832544169,6.72207360547402],[-74.3899933263114,6.72209271600309],[-74.3899554587289,6.72228262846189],[-74.3899935320256,6.72241552690346],[-74.3899556051543,6.7225104960151],[-74.3897467549355,6.72264355051865],[-74.3894998439966,6.72266269671086],[-74.3894049953773,6.72285264552468],[-74.3895950438571,6.72302342489144],[-74.3898232770247,6.72349800113691],[-74.3901846503989,6.72425732448532],[-74.3902608688575,6.72463705396296],[-74.3904130767043,6.7250357231595],[-74.3903942902367,6.72535854548709],[-74.3902425306493,6.72566246418717],[-74.3899958254245,6.72600442145329],[-74.389748924367,6.7260425565568],[-74.3896540748494,6.72623250583375],[-74.3896921355696,6.72634641505613],[-74.3899770973474,6.72642218918111],[-74.3900152559841,6.72668800785122],[-74.3898443928238,6.72682103979977],[-74.3897495181534,6.7269730107599],[-74.3897116029602,6.72708696798372],[-74.3895977100569,6.72720097335583],[-74.3892747836785,6.72716320144042],[-74.3892178493542,6.72723919400995],[-74.3892559469053,6.72741006996924],[-74.3894648231752,6.72731499208315],[-74.3895598909834,6.72746684245118],[-74.3893320566678,6.72761889885373],[-74.3891803932001,6.72807472787455],[-74.3885690276655,6.72835843549128],[-74.388401856581,6.72843601140142],[-74.3881171238736,6.72872102577418],[-74.3878323058262,6.72887311746914],[-74.3874904079274,6.72887333514824],[-74.3872244643825,6.72883552500141],[-74.3870345317853,6.72885463348026],[-74.3869016682599,6.72900662878364],[-74.3867697111345,6.72900671264358],[-74.3865977592161,6.72900682148312],[-74.3864267020197,6.72883602994559],[-74.3862937423745,6.72883611380557],[-74.3862748436175,6.72898803685245],[-74.386464990912,6.72931072719499],[-74.3864841411973,6.72955757054481],[-74.3861422792311,6.72961475315371],[-74.385876358144,6.72961492087342],[-74.3857244629109,6.72970996083995],[-74.3857245473526,6.7298428831214],[-74.3857627518033,6.73018465901925],[-74.3859528874197,6.73048836058957],[-74.3859150180406,6.73067827244275],[-74.3856495775522,6.73076691210384],[-74.385630162264,6.73077339695291],[-74.3854022893208,6.73086848486734],[-74.3853782818449,6.73084965213402],[-74.3851362361814,6.73065977514072],[-74.3850410246428,6.73028005661634],[-74.3849838154339,6.72991930438398],[-74.3848697060366,6.72969150989158],[-74.3846985778733,6.72940678335313],[-74.3846224690092,6.72919795434531],[-74.3845083838664,6.7290081364786],[-74.3843942394349,6.7287233756386],[-74.3845271038586,6.72857138203085],[-74.3847360412139,6.7285712499959],[-74.3846789389046,6.72838139798338],[-74.3846598128739,6.72817253195732],[-74.3845647109297,6.72796371401644],[-74.3845075493315,6.7276789168789],[-74.384683612839,6.72762012196362],[-74.3846797698462,6.72758603636115],[-74.3846004252504,6.72726395419772],[-74.3845409370157,6.72705601818358],[-74.3844261448988,6.72699957574203],[-74.3842752692536,6.72709687509533],[-74.3841616440482,6.7270980767954],[-74.3840134732303,6.72700096478984],[-74.3839891549373,6.72698515533816],[-74.3839867510456,6.7267579687952],[-74.3841929431494,6.72652726090195],[-74.3842278013756,6.72622319108039],[-74.3843396227639,6.72605131551503],[-74.3846239206867,6.72597201740778],[-74.3847958330793,6.72606572345676],[-74.3849304698791,6.72621596748499],[-74.3850843270327,6.72636619986902],[-74.3852177726665,6.72642149956313],[-74.3853244817425,6.72643380117041],[-74.3853347997918,6.72643498949014],[-74.3853305148279,6.72639058094521],[-74.3853217131348,6.72629936311552],[-74.3852422975721,6.72586764321483],[-74.3851641549222,6.72565858786778],[-74.3850691715556,6.72563943287227],[-74.3849171173207,6.72565874309899],[-74.3849171532533,6.7257152579591],[-74.3848793485529,6.72582944118761],[-74.3846894069726,6.7258295598413],[-74.3845768274062,6.72569512607987],[-74.3845079158442,6.72578333218162],[-74.3843943023169,6.72580374864763],[-74.3842807247223,6.72588067995368],[-74.3842049868624,6.72590107143587],[-74.3840913607587,6.72590227403105],[-74.3840709393574,6.72578812650497],[-74.3840877908538,6.72561744267597],[-74.384239230641,6.72552014302639],[-74.3843702858578,6.7253674721788],[-74.3844454110667,6.72527135009611],[-74.3844820838899,6.7251571676286],[-74.3844797159308,6.72498649517568],[-74.3844021499992,6.7247966551442],[-74.3843817276996,6.72468363858576],[-74.3844364431852,6.72449258513169],[-74.3844731043303,6.72435918766209],[-74.3845861043082,6.72426304307654],[-74.3847532412567,6.72395775853241],[-74.384732206306,6.72376788419784],[-74.3845789393455,6.72365608070649],[-74.3845212306733,6.72358038733463],[-74.3845957432312,6.72340853670651],[-74.384708164694,6.72329317707166],[-74.3850021850832,6.72339358805066],[-74.3851813289137,6.72330418248209],[-74.3853966676638,6.72323962115093],[-74.3853672631096,6.72322494459191],[-74.3853474184266,6.72313001398178],[-74.3853456146095,6.72295934081694],[-74.3854207631747,6.72290164890578],[-74.3853816855615,6.72278751405695],[-74.3852091991455,6.72267572372217],[-74.3851514671171,6.72256273075827],[-74.3851118235653,6.72244859672202],[-74.3851100206465,6.72227792421004],[-74.3850709681862,6.72220221902577],[-74.3849561652895,6.7221276914543],[-74.3847854458596,6.72213006008551],[-74.3847108982675,6.72224426556775],[-74.3847120894335,6.72233920884082],[-74.3848088730239,6.72252790700203],[-74.384772802072,6.7226997338538],[-74.3847361292488,6.72281391600659],[-74.384679034126,6.72281395169209],[-74.3845461777871,6.7227970804593],[-74.3845257671655,6.72270214887347],[-74.3845245652197,6.72258799078219],[-74.3845618390157,6.72253032291469],[-74.3845041186655,6.72243654481284],[-74.3843887390504,6.72234280237848],[-74.3844254001954,6.72220940610309],[-74.3844812933724,6.72209521042621],[-74.3844422283356,6.72200029208543],[-74.3842709438655,6.722002658933],[-74.3841380992046,6.72200387313564],[-74.3839493380106,6.72208198088361],[-74.3838537788239,6.72204474117784],[-74.3838333583209,6.72193172487163],[-74.3838507982138,6.72179834008125],[-74.3839451671328,6.72174063554233],[-74.3840966428526,6.7217009807858],[-74.3841909991951,6.72162293185789],[-74.3842853788938,6.72158444311982],[-74.384418788595,6.72158322891614],[-74.3844199914391,6.72169738813554],[-74.3844584788591,6.72177196305643],[-74.3845919128148,6.72180917869531],[-74.3846099536807,6.72173230741031],[-74.3846087283786,6.72158084868442],[-74.3846832867506,6.72148472763713],[-74.3847005523703,6.72147592934237],[-74.3848720371648,6.7213885351995],[-74.384890643071,6.72131166295587],[-74.3849651906631,6.7211974563624],[-74.3851160770882,6.72111937166802],[-74.3852110218272,6.72108088289008],[-74.3852663490655,6.72096555749639],[-74.3853985810753,6.72088861559876],[-74.3855308346447,6.72084897147844],[-74.3855488413746,6.72071558639103],[-74.3854515026253,6.72054610338911],[-74.3853751521144,6.72048963788795],[-74.385354730713,6.72037662211237],[-74.3853535278689,6.72026246258287],[-74.3853523376011,6.72016751890424],[-74.3855801153229,6.72010747051069],[-74.3855789367332,6.7200317417927],[-74.3856540727219,6.71995483454096],[-74.3857676727744,6.71991633407297],[-74.3858434223124,6.71991515555089],[-74.3860718243633,6.71995005086577],[-74.3861661923839,6.71989234699963],[-74.3861634821667,6.71988642405602],[-74.3860886399271,6.71972285211288],[-74.3859868958397,6.71974649571904],[-74.3859179447518,6.71976251952077],[-74.385860248656,6.71970604054645],[-74.3857646786896,6.71964958654562],[-74.385669698018,6.71963156166028],[-74.3855374552284,6.71969041999209],[-74.3854232542029,6.71967240759829],[-74.3853463152955,6.7195786414352],[-74.3853445842419,6.71944896999793],[-74.3853445348346,6.71944526848938],[-74.3853613737546,6.71925536919661],[-74.3853794038406,6.71916041372347],[-74.3853595708358,6.71908469645589],[-74.3853883133316,6.71898492603968],[-74.3854142854231,6.71889477293441],[-74.3852982689025,6.71868687259424],[-74.3852881781269,6.71866235374118],[-74.3852592038657,6.71859195269599],[-74.3851056278848,6.71857960093005],[-74.3850500338468,6.71857512949259],[-74.3849929279442,6.71855708047945],[-74.3847440919155,6.71838882342695],[-74.3846106480784,6.71833352371118],[-74.3844952451071,6.71820135214591],[-74.3843504851923,6.71807806990015],[-74.3843414032248,6.71807033498335],[-74.3843221469383,6.71801383172456],[-74.3841700837203,6.71801505753503],[-74.3839837362995,6.71780796867334],[-74.3839698303789,6.71779251578181],[-74.3838103551614,6.71769427959504],[-74.3836582084001,6.71756100070017],[-74.3834303237788,6.71744811360556],[-74.3833923663648,6.7173147623792],[-74.3833922936012,6.71720060391534],[-74.3834871808481,6.71706830089635],[-74.3835249837519,6.71695411739443],[-74.383297111707,6.71685931581394],[-74.3832971889621,6.71698251718298],[-74.3831830238693,6.71702101877535],[-74.3831338429041,6.71702104910844],[-74.3830756177007,6.71702108568655],[-74.3830571222873,6.71727541148449],[-74.3829665253942,6.71751090746779],[-74.3829623060074,6.71752187464672],[-74.3829314515723,6.71753215308697],[-74.3827345399637,6.71759774560708],[-74.3824875059555,6.7175978999487],[-74.382354662193,6.71759798291848],[-74.3821267775717,6.71748396458836],[-74.3820509687449,6.71738906765119],[-74.3820509103544,6.71729412341165],[-74.3820508232178,6.71715396772305],[-74.3818914099841,6.71715406675159],[-74.3818744237404,6.71716683518726],[-74.3817394168347,6.71726831979416],[-74.3816444828754,6.71732602397163],[-74.3815308711448,6.7173441791961],[-74.3815149053873,6.71735791560803],[-74.3813980965526,6.71745842059609],[-74.3812839081035,6.71745849196798],[-74.3810747488644,6.71745862222165],[-74.3809418934238,6.71743948920675],[-74.3808542187503,6.7173525109719],[-74.3803414972171,6.71735282768463],[-74.379894963554,6.71728415543413],[-74.3793532686579,6.71720084747197],[-74.3793068473172,6.71719316160939],[-74.3784419224122,6.71704994938874],[-74.3783977010457,6.71704193967365],[-74.3773971431092,6.71686070221425],[-74.3773683556976,6.71685939610739],[-74.3765610496333,6.71682278318284],[-74.3754405567249,6.71669122054545],[-74.3744337581921,6.71667261654523],[-74.3732675248661,6.71662019917077],[-74.3732110747336,6.7167513469778],[-74.3731161174182,6.71677061919511],[-74.3730969428785,6.71684636001879],[-74.3730783217009,6.71690288571692],[-74.3730404936443,6.71697976847106],[-74.372869231632,6.71701717182802],[-74.3728313002691,6.71692224981959],[-74.3728690950881,6.71678998241089],[-74.3729453638524,6.71671307643085],[-74.3727553683731,6.71661824714674],[-74.3726790187605,6.71656177851313],[-74.3724319856506,6.71656192661001],[-74.3723754798226,6.71660039076537],[-74.3723370966072,6.7166953583362],[-74.3722806347966,6.71680842135897],[-74.3722807273231,6.71696101192437],[-74.3723565559128,6.71709320969893],[-74.3723566708972,6.71728309913005],[-74.3723133047269,6.71738457122261],[-74.3722996557244,6.71741650746259],[-74.3723376113418,6.71754985866104],[-74.3724326153696,6.71760631647419],[-74.3724371958793,6.71760631379776],[-74.3725275843632,6.7176062593767],[-74.3726796826155,6.71766268238953],[-74.372740643189,6.71773871302237],[-74.3727631432919,6.71776677464111],[-74.3728318608179,6.71785247970715],[-74.3728890942813,6.71808076418489],[-74.3729270382206,6.71819490103068],[-74.3730074383368,6.71824503255492],[-74.3730791589308,6.71828975409541],[-74.3732120260495,6.71832697267722],[-74.373326272889,6.71842184891203],[-74.3733828945997,6.71857440417759],[-74.3733829529902,6.71866934816724],[-74.37337093443,6.71881681277068],[-74.3733644351189,6.71889654741231],[-74.3733645159673,6.71902992140079],[-74.3733832395528,6.71914407051389],[-74.3734974747142,6.71921973067494],[-74.3735232590578,6.71925200759385],[-74.3735732817444,6.71931462993133],[-74.3736875411603,6.71942872009604],[-74.3737126679371,6.71948682191375],[-74.3737447162332,6.71956092968995],[-74.3737447746237,6.71965827157109],[-74.3737448428956,6.71977003405105],[-74.3738206616039,6.71988414641254],[-74.3739348518496,6.71988407771745],[-74.3740484420207,6.7198274943764],[-74.3742197273891,6.71982739088767],[-74.3742893836546,6.71986202748713],[-74.3743718382179,6.71990302774668],[-74.3743879216547,6.71996718002695],[-74.3744098046151,6.72005446379949],[-74.3744285290988,6.72016861267208],[-74.3746186081214,6.72039681576975],[-74.3746334851208,6.72041368619374],[-74.374752110349,6.72054819367951],[-74.3747279133285,6.72059174184064],[-74.3746572437634,6.7207189256801],[-74.3744859583949,6.72071903006077],[-74.3744818027884,6.72071382708617],[-74.3744101513647,6.72062413107846],[-74.3742387501136,6.72043434554818],[-74.3742007720383,6.72026369463272],[-74.3741436077452,6.72014956987028],[-74.373897137879,6.72014971885828],[-74.3737637281779,6.72014980004331],[-74.3737170121898,6.72006835715213],[-74.3736878977915,6.72001760220737],[-74.3736306993624,6.71984583150489],[-74.373516994207,6.71971365678206],[-74.3734728186546,6.71969581211223],[-74.373422000959,6.71967528387162],[-74.3733456630244,6.71963803059936],[-74.3732698901302,6.71959964697719],[-74.3732506131825,6.71950471387491],[-74.3732344444057,6.71947243251204],[-74.3731934488894,6.71939058893439],[-74.37309321487,6.71936597554939],[-74.3730419273555,6.7193533811397],[-74.3729616251556,6.71930482704206],[-74.372936307936,6.71950603335684],[-74.3729171351929,6.71958290499381],[-74.3727464148647,6.7195830075904],[-74.3723473607576,6.7196589781494],[-74.3717202127218,6.71833013176905],[-74.3712604127386,6.71703057190891],[-74.371260208821,6.71703081814206],[-74.371254764132,6.71703735670338],[-74.3711027107955,6.71705666281103],[-74.3709126704005,6.7168861026018],[-74.3707419168347,6.71682855985124],[-74.3706277733014,6.71690435776343],[-74.3705712665751,6.71694282189172],[-74.3704762859035,6.71692366387636],[-74.3703812603161,6.71682877575143],[-74.3702861080662,6.71652478372591],[-74.3702860631505,6.71644905445015],[-74.3702859266065,6.71622186565991],[-74.3703808174466,6.71608843469602],[-74.3703807491747,6.71597427594436],[-74.3702286392442,6.71589863669019],[-74.3701144840329,6.71595521959609],[-74.3699246592336,6.71614522188239],[-74.3696397738126,6.71618382167761],[-74.3695261953196,6.71625961879811],[-74.3693928314325,6.71633542750477],[-74.3693171052507,6.71637390238387],[-74.3691080358431,6.71652548674021],[-74.3690130668495,6.71652554294568],[-74.3690129877978,6.71639329862503],[-74.3690892583587,6.71631752382908],[-74.3690891900867,6.71620336513122],[-74.3689563121882,6.71614579910396],[-74.3686329528219,6.71612790612711],[-74.3684814546442,6.71612799534218],[-74.3684622908842,6.71622295140726],[-74.3682723627787,6.71624114949614],[-74.3682152119603,6.7161462389343],[-74.3682343757202,6.71605128285426],[-74.3681771907659,6.71589985804523],[-74.3680251284462,6.71589994815253],[-74.3678730077359,6.71580509372968],[-74.3678164776534,6.71580512673927],[-74.3677401747532,6.71582438650393],[-74.3675693331525,6.71561538393635],[-74.3674550431938,6.71544477772213],[-74.3673979247148,6.71540638217113],[-74.3672651043085,6.71544489013327],[-74.3671702125701,6.71557719091728],[-74.3671323952932,6.71567215690352],[-74.3671896018072,6.71586201298752],[-74.3673032602502,6.71591958975418],[-74.3674932988485,6.7160901520865],[-74.3675882911982,6.71612852617194],[-74.367702558699,6.71626070186896],[-74.3677597328736,6.71639404267842],[-74.367759811027,6.71652628699887],[-74.3679498056079,6.71662111897737],[-74.3680634532711,6.71665948142298],[-74.3681777207719,6.71679278911361],[-74.3683299196355,6.71701988663802],[-74.3684820412441,6.71711474082405],[-74.3686335960157,6.71720959588371],[-74.368709978866,6.71732370973804],[-74.3689186736761,6.7174942599802],[-74.3691086251379,6.71751336176775],[-74.3692035941314,6.71751330467026],[-74.3692985406671,6.71747481917551],[-74.3694505490879,6.71737978395357],[-74.3694883780428,6.71730403161501],[-74.3695454390296,6.71724748276761],[-74.3696403855653,6.71720899635967],[-74.3697544958609,6.71707668352932],[-74.3699065491974,6.71705737920678],[-74.370001518191,6.71705732210924],[-74.3700965329986,6.71713299508495],[-74.3701152440076,6.71722792775801],[-74.3701153131779,6.71734208799977],[-74.3700396310135,6.71745629193004],[-74.3698876693051,6.71762705713337],[-74.3698877591366,6.71777851619856],[-74.3699071160344,6.71800682390684],[-74.3699258387215,6.71812097147576],[-74.3698880430043,6.71825323852256],[-74.3698310386113,6.71840586164416],[-74.3698125090619,6.71861384685831],[-74.3698125647575,6.71870879084026],[-74.3698884634158,6.71895628013583],[-74.3700213637722,6.71905114464998],[-74.3703063417197,6.71916513495624],[-74.3702878337299,6.7194115489851],[-74.3702494514127,6.71950651689924],[-74.3702496104146,6.71977213505054],[-74.3702497577383,6.72001966841219],[-74.3701362798566,6.7202661408895],[-74.3699650403022,6.72034197216743],[-74.3698135412262,6.72034206316604],[-74.3696233508125,6.71992509849446],[-74.3696040073895,6.71971600579791],[-74.3695845148462,6.71926050973666],[-74.3693565188338,6.71895659684754],[-74.3692427813391,6.71876677587281],[-74.3691284329899,6.71850122497555],[-74.3688241789931,6.71829230206687],[-74.3686726691373,6.71827317800625],[-74.3684064713691,6.71836827996465],[-74.3682545303219,6.71857747405319],[-74.3680645914366,6.71857758646363],[-74.3679508988576,6.71846349520709],[-74.3678366636962,6.71838783314411],[-74.367779502098,6.7182737079415],[-74.3677794571823,6.71819797804584],[-74.3677793889103,6.71808381889707],[-74.3678935665795,6.71806453602602],[-74.3680264229185,6.71808367169279],[-74.3682542491493,6.71810275204563],[-74.3685012598012,6.71806417470636],[-74.3685582076004,6.71781773769119],[-74.3685959593002,6.71760861107919],[-74.3685200741166,6.71738033708565],[-74.3683300669592,6.71726742050822],[-74.3682536616511,6.7171148764307],[-74.3680450683505,6.71711500043939],[-74.3680451698602,6.71728567476342],[-74.3680831236809,6.71741902688987],[-74.3679881537891,6.71741908309522],[-74.3677789047184,6.71726774792681],[-74.3677601595733,6.7171151690556],[-74.3677600697418,6.71696370978387],[-74.3677979112731,6.71690604303369],[-74.3677221051413,6.7168111424152],[-74.3675320773227,6.71665979635186],[-74.3673799000186,6.71646999767678],[-74.3672848968891,6.71641353883962],[-74.3671706518462,6.71631866221314],[-74.3670569161481,6.71612884020904],[-74.3668097482909,6.71590066722642],[-74.3666955580453,6.71590073502994],[-74.3666576159026,6.71578659675374],[-74.3666004210668,6.71561595669777],[-74.366581733414,6.71555945315392],[-74.3665624681444,6.71548260496926],[-74.3665245044421,6.71533116749315],[-74.3665051717989,6.71514128979034],[-74.3662580937733,6.71506570572013],[-74.3661251952135,6.71497083953669],[-74.3658594960104,6.71495178047265],[-74.365764516237,6.71493262148672],[-74.3657267088417,6.71504680367873],[-74.3657833161793,6.71518014482083],[-74.3657833826546,6.71529317518604],[-74.3658783750044,6.71533154844218],[-74.3660496468981,6.71531223245239],[-74.3661067860384,6.7153879288955],[-74.366125518607,6.71552129135578],[-74.3659926982007,6.715559800201],[-74.365822002127,6.71559720099063],[-74.3657271220667,6.71574984546497],[-74.3656887379529,6.71584481320185],[-74.3654422150861,6.71575001318947],[-74.3653279359073,6.71559749093997],[-74.365270762631,6.71546527937673],[-74.3652328438446,6.71538844277517],[-74.3651570170514,6.71525624275307],[-74.3649670449284,6.71519870873127],[-74.3647958278319,6.71531296847806],[-74.3646846747902,6.71538171683974],[-74.3645488845535,6.71546570404108],[-74.3645489680969,6.7156077801267],[-74.3645490067244,6.71567367712994],[-74.3645491073357,6.71584548142318],[-74.3645491297936,6.71588425253524],[-74.3645492070487,6.71601615619254],[-74.3643593364353,6.71613042645322],[-74.3643594127921,6.71626267084532],[-74.364441108279,6.71637725954576],[-74.3644544608374,6.71639598935046],[-74.3646066022089,6.71652814445539],[-74.3645688280512,6.7166999716428],[-74.3645310529952,6.71687066752398],[-74.3645080767851,6.71687970678238],[-74.3644361055612,6.71690802271323],[-74.3644548830456,6.71711711572475],[-74.3644741698747,6.71723126439457],[-74.3643792673565,6.71734547994879],[-74.3643250019269,6.7173500325831],[-74.3641700748797,6.71728795687981],[-74.3640371421839,6.71713657617099],[-74.3638471700609,6.7170801718323],[-74.3637522001691,6.71708022803767],[-74.3636193887459,6.71713681972767],[-74.3636194767808,6.71728827894549],[-74.3636387636099,6.71740242668302],[-74.3637337784176,6.71747810049721],[-74.3637338511811,6.71760356419721],[-74.3637146577767,6.71764991664331],[-74.3637146901161,6.71770443759165],[-74.3637148140836,6.71791553580857],[-74.3637149021185,6.71806699478395],[-74.3638478689502,6.71827602038627],[-74.3639242949197,6.7184658656405],[-74.3639051751771,6.7186365510884],[-74.3638140698376,6.71871807718895],[-74.3637345437822,6.71878924100068],[-74.3635825129035,6.71884584408972],[-74.3633754898581,6.7189589940429],[-74.3633734201397,6.71896012617571],[-74.3632406742935,6.71913087657678],[-74.3630699548636,6.71913097649705],[-74.3629039650637,6.71910314334629],[-74.3632675159542,6.72013419645395],[-74.3624504757454,6.72041966801235],[-74.3624511854144,6.72049786076841],[-74.3623748923957,6.72053633442609],[-74.3622997725767,6.72065053849838],[-74.3622432757318,6.72070708605797],[-74.3620154836371,6.72074677836554],[-74.3619019033475,6.72082257388286],[-74.3617485842847,6.7209356966118],[-74.3616933971835,6.72097641486396],[-74.3616744328495,6.72101873896808],[-74.3615996786449,6.72118557392914],[-74.3614861199148,6.72129979836819],[-74.3613725063876,6.72131908021881],[-74.3612961253339,6.72120609496887],[-74.3612377887394,6.72101624007869],[-74.3612371239861,6.72084556617176],[-74.3612148754114,6.7207796163406],[-74.3611986177014,6.72073142905592],[-74.3611760493265,6.72072753842294],[-74.3609894360044,6.72069537936475],[-74.360838599885,6.72086614164649],[-74.3607436416713,6.72088654136839],[-74.3606685559882,6.72105725986806],[-74.3606690015526,6.72114981689407],[-74.3606691982837,6.72119063415601],[-74.3607376678746,6.72130912392162],[-74.3607455901171,6.72132283345729],[-74.3607468423686,6.72153193706068],[-74.3607853702128,6.72168337349831],[-74.360844606021,6.72179990489558],[-74.3608623378664,6.72183478847741],[-74.3609379688268,6.72189484647117],[-74.3610529316236,6.72198613739095],[-74.3612050092146,6.72200413453268],[-74.3613390728894,6.72215551551055],[-74.3613397484225,6.72234540474919],[-74.3613217461841,6.72249687394256],[-74.3611517022874,6.72268799241513],[-74.3609855696554,6.72285607758149],[-74.3609437917065,6.72289834710153],[-74.3608231353874,6.72310126304989],[-74.3607743667489,6.72318327907765],[-74.3606042887162,6.72331788214797],[-74.3603957367381,6.72339486291513],[-74.3600916049122,6.72339616900446],[-74.3599407903524,6.72360536003751],[-74.3599420641635,6.72385289233948],[-74.3599433253981,6.72408008202507],[-74.3598097522036,6.72433350396574],[-74.3597925548558,6.72436613293871],[-74.3597113812901,6.72454729087689],[-74.3596988354188,6.72457529054526],[-74.3596919013231,6.72457646816391],[-74.3595852200949,6.72459457048168],[-74.3594710514088,6.72463306701061],[-74.3594204969196,6.72462347120397],[-74.359281088269,6.72459700690319],[-74.359072502155,6.72461634215113],[-74.3590737642879,6.72484466092253],[-74.3590359550959,6.72495884167922],[-74.3588658528087,6.72505388344893],[-74.3587907877869,6.72526416217194],[-74.3587535436352,6.72537834283006],[-74.3586014876037,6.72539764503797],[-74.3585083412919,6.72562149653022],[-74.3583656798416,6.72582290185239],[-74.3583569616918,6.72583520882765],[-74.3583571206936,6.72586184881118],[-74.358358213045,6.72604431138171],[-74.3584730788237,6.72623413575945],[-74.3584743508382,6.7264805390676],[-74.3583601695757,6.72649981892842],[-74.3582471749877,6.72661517334134],[-74.3581336261391,6.72674861390599],[-74.3580200530361,6.7268436232088],[-74.357981582684,6.72697150484286],[-74.3579455746142,6.72709119935971],[-74.3580411993779,6.72724260462461],[-74.3582510027091,6.72737472912488],[-74.3582516450045,6.72750810257113],[-74.3582522639438,6.72760191716363],[-74.3582590417326,6.72761968838853],[-74.3583100130401,6.72775334278834],[-74.3581964300556,6.72783026754069],[-74.3581107721,6.72786749520539],[-74.3579308018193,6.72794570995843],[-74.3579309356683,6.72797360951249],[-74.3579314441148,6.72807908414001],[-74.3579512834078,6.72817288702455],[-74.3581598713185,6.7281535528103],[-74.3584255318941,6.72809462502529],[-74.3584339868375,6.72809233849896],[-74.3585772663287,6.72805359780084],[-74.3587104020437,6.72801760039633],[-74.358938221088,6.72801633981803],[-74.3589580936187,6.72816778761671],[-74.3589401237197,6.72837690165648],[-74.3589022714086,6.72841535417138],[-74.3587939049409,6.72852462292374],[-74.3587508558759,6.72856803119805],[-74.3587232003416,6.72862407467616],[-74.3586571238625,6.72875797413464],[-74.3586577877175,6.72892977737203],[-74.358702690007,6.72904751675575],[-74.3587155368139,6.72908120347483],[-74.3587732526725,6.72917611507954],[-74.3588167841329,6.72919016250933],[-74.3589445730753,6.72923140107184],[-74.3590960757446,6.72923131364339],[-74.3592102462273,6.72919281747887],[-74.3592394262027,6.72918410942852],[-74.3593430711253,6.72915318117306],[-74.3593721819304,6.72913394959244],[-74.3593995796482,6.72911584833597],[-74.359532427004,6.72911464218026],[-74.3597422222504,6.72922754976045],[-74.359894953815,6.72939813597121],[-74.3599154470816,6.72964452786083],[-74.3598409911176,6.72992940502907],[-74.3597845814093,6.73013854150548],[-74.3597293350193,6.73040532252821],[-74.359692123207,6.73057601805647],[-74.3596933736619,6.73078512213791],[-74.3597132911084,6.73101229876774],[-74.3597222311421,6.73105003202248],[-74.3597716600423,6.73125866842726],[-74.3598486636284,6.73146772850064],[-74.3599641618211,6.73177057996802],[-74.3601752209971,6.73211180674617],[-74.3602907093084,6.73239544241846],[-74.3602284219232,6.73243329867834],[-74.3602284614491,6.73249996776098],[-74.360323494223,6.73260435212596],[-74.360330463353,6.73271077139511],[-74.3605098470337,6.73281539034235],[-74.3605589273876,6.73284401401817],[-74.3605776590579,6.73297737793294],[-74.3605777578726,6.73314805203798],[-74.3606921170015,6.73343281920379],[-74.3606730170219,6.73364193365204],[-74.3604072980558,6.73360365819063],[-74.3602173412042,6.73358455257504],[-74.3602137641127,6.73358229462238],[-74.3600080984217,6.73345242976469],[-74.3599700790239,6.73320491752153],[-74.3598435126886,6.73314197937989],[-74.3598179663985,6.73312927559662],[-74.3596473188339,6.73326274916371],[-74.3595331797922,6.73335775986823],[-74.3593769241367,6.73339199315723],[-74.3593624774303,6.73339515750381],[-74.3591725313585,6.73339526634236],[-74.3590397918005,6.73358523236956],[-74.3589257192342,6.73379440295561],[-74.3589238453485,6.73379574380956],[-74.358792924879,6.73388942336937],[-74.3586787211586,6.73387027405122],[-74.3585458172089,6.733775406186],[-74.3585079092023,6.73371891367487],[-74.3583749621335,6.73354831560069],[-74.3582799122916,6.73341499555663],[-74.358222772253,6.73333929835306],[-74.358108512837,6.7332252052103],[-74.3580098598525,6.7332152830577],[-74.3579185568837,6.73320609868771],[-74.3579186332405,6.73333947410056],[-74.3579950268706,6.7334716736639],[-74.357996449802,6.733487532863],[-74.35801380166,6.73368076668459],[-74.358051776142,6.73385142002354],[-74.3580332079651,6.73400401951051],[-74.3579570002863,6.73419395318316],[-74.3577863949425,6.73440315473094],[-74.3576343901149,6.73451627072853],[-74.3577673048443,6.73463035464655],[-74.3579194399276,6.73474442694024],[-74.3579958119981,6.73483932762436],[-74.3580338080397,6.7350484093503],[-74.3580146631444,6.73518066465133],[-74.3578060509792,6.73516270011408],[-74.3576161273652,6.73520010920806],[-74.3576348482557,6.73531425719764],[-74.3576919990741,6.73540916847565],[-74.3575779363892,6.73563755354105],[-74.3575779911864,6.73573249776407],[-74.3576165190307,6.73588393512626],[-74.3576352291414,6.73597886859567],[-74.3575024662272,6.7361304040135],[-74.3575403966918,6.73622532672932],[-74.3577116883485,6.73622522859679],[-74.3578444728222,6.73611212370304],[-74.357901470927,6.73594028643123],[-74.3580913846595,6.7358836630313],[-74.358357116202,6.73594002504169],[-74.3582815166827,6.73620681714913],[-74.3580153512539,6.73637764356173],[-74.357939696039,6.73654836196849],[-74.3578256001164,6.73671910172585],[-74.3576548528388,6.73668189971923],[-74.3575598137767,6.7365677948729],[-74.3574457070743,6.73671931850932],[-74.357180115669,6.73690936084881],[-74.3570659883054,6.73702358515784],[-74.3568737982419,6.73681347300074],[-74.3565913768998,6.73722807513356],[-74.3560783903635,6.7370005008552],[-74.3553758350478,6.73743764559927],[-74.3550720490732,6.73766568535463],[-74.3543124758898,6.7380458950051],[-74.3536668602884,6.73840704978209],[-74.3532680765742,6.73859716461322],[-74.3529643328204,6.73890115888246],[-74.3524896558378,6.73924322636406],[-74.3522619652526,6.73968009966998],[-74.3519394377262,6.74036388180283],[-74.3518930828609,6.74042995922119],[-74.3513131089539,6.74125671258113],[-74.3509334674402,6.74171265992922],[-74.3503636319194,6.74173196684002],[-74.3499458721932,6.74196006702284],[-74.3497180181146,6.74211210550182],[-74.349452374607,6.7426249547846],[-74.3488447810983,6.74306203736277],[-74.3480091933739,6.74340430263078],[-74.3477242801051,6.74342344978819],[-74.347344369995,6.74340467106836],[-74.346964440122,6.74334791383298],[-74.3466034206841,6.74313923445502],[-74.3462235222521,6.74313944499088],[-74.3460244897211,6.74312297412598],[-74.3457676218555,6.74310171802927],[-74.3454447808171,6.7432348168455],[-74.344893979699,6.74333006378722],[-74.3443243813335,6.74378610999196],[-74.3439444820032,6.7437863178513],[-74.3436595471749,6.74376748383533],[-74.3431276573901,6.74371080693144],[-74.3427667726994,6.74374898078779],[-74.3423109253035,6.74380619473138],[-74.3417410340872,6.74373054910752],[-74.3416270747086,6.74374959901314],[-74.3416272076593,6.74399645464136],[-74.341228292791,6.74395869295461],[-74.3407723106478,6.74376904947091],[-74.340107365098,6.74354154071008],[-74.3393854744441,6.74339001652959],[-74.3388961046167,6.74325052674445],[-74.3384545790613,6.74312467090254],[-74.3380125279915,6.74290400961144],[-74.3379985789517,6.74289704675804],[-74.3375078508716,6.74389840842144],[-74.3375052466556,6.7439037235521],[-74.3374674293787,6.74422655562891],[-74.3373727667107,6.74481526313583],[-74.3374678336206,6.74498611238584],[-74.3374679863342,6.74527094664323],[-74.3373542281782,6.74566977462797],[-74.3365950008462,6.74675254846895],[-74.3361584456692,6.74737941487896],[-74.3356000816347,6.7471680288409],[-74.3355886820137,6.74717075151116],[-74.3353987413318,6.74719006712542],[-74.3352844343051,6.74698102275184],[-74.3352273149278,6.74694262255824],[-74.3350990022675,6.7469754694658],[-74.3351324097146,6.74707604771767],[-74.3349995973931,6.74715184804345],[-74.334695459279,6.74717122342876],[-74.3345247290693,6.74717131353022],[-74.3342969109234,6.74719064877056],[-74.3338978882573,6.74738074766651],[-74.3336509566571,6.7476080663926],[-74.3335182036244,6.74779802595828],[-74.3334612360623,6.74804558962872],[-74.3333663892397,6.74829204341049],[-74.3332149099266,6.74834976798598],[-74.3331199346449,6.74834981794313],[-74.3329865159606,6.74834988752625],[-74.3328537323851,6.74848220164421],[-74.3327208994024,6.74852070073784],[-74.3323602168327,6.74852088986117],[-74.3318089881164,6.74846353284774],[-74.331656943763,6.74852125651072],[-74.331619086062,6.74855857714872],[-74.3316570326963,6.74869193049562],[-74.331790461262,6.74871107655194],[-74.3319233050246,6.74869179311361],[-74.3320940253527,6.74867248915644],[-74.3321890311772,6.74873008344132],[-74.3322654104342,6.7488430729869],[-74.3322655191304,6.74905217811089],[-74.3322084797031,6.74916636655041],[-74.3321135825748,6.7493178755425],[-74.3320187070061,6.74950781481139],[-74.3319367590926,6.74955759072556],[-74.3320374323882,6.74964117949404],[-74.3321708510725,6.74964110991106],[-74.3322466554077,6.74973601570704],[-74.3323416405709,6.74975518045592],[-74.3323414932472,6.74947034705179],[-74.3323414618062,6.74941270200586],[-74.3323985021318,6.74929964301021],[-74.3324741968726,6.74918544300493],[-74.3324741079393,6.74901476919399],[-74.3325882047602,6.74882481991863],[-74.3328730425705,6.74865286582991],[-74.3330816313795,6.74861545688213],[-74.3332337251402,6.7486526767066],[-74.3333479028095,6.74861531771591],[-74.3334999570444,6.74857680792473],[-74.3335186132562,6.74857679811173],[-74.333518524323,6.74840612408621],[-74.3336326705512,6.74831111900735],[-74.3338225815887,6.74823528942402],[-74.3339553858254,6.74814027449865],[-74.3339745468904,6.74802610455106],[-74.333974437296,6.74781700076815],[-74.3340121943857,6.74758979186757],[-74.3341070995988,6.74745636684967],[-74.3343727853272,6.74741779808814],[-74.3345627466705,6.74743691297157],[-74.3347149410425,6.74766515141904],[-74.334867065346,6.747760015674],[-74.335019128564,6.74774072060058],[-74.3352276760505,6.7476264506444],[-74.335436838883,6.74760712612659],[-74.3355505206822,6.74770201001896],[-74.3355319650816,6.74789190888548],[-74.3355127743722,6.74794956392548],[-74.3355699431569,6.74808177913059],[-74.3356649489814,6.74813937259363],[-74.3358741118138,6.74812004809629],[-74.3359876831202,6.7480058281868],[-74.3361018697726,6.7479865518571],[-74.3363297786484,6.74813902110937],[-74.3364818939687,6.74821466961314],[-74.3366526448396,6.74825300904363],[-74.336785528128,6.74830945258009],[-74.3369947709105,6.74844271678648],[-74.3369948418774,6.74857496040386],[-74.336880655225,6.7485942367101],[-74.3368049299415,6.74865079171819],[-74.3368999977497,6.74882254597933],[-74.3368429700005,6.74895482071614],[-74.3366909049859,6.74897411574116],[-74.3365009130999,6.74889848787413],[-74.3364443488814,6.74884087309121],[-74.336444239287,6.74863289904749],[-74.3363107900599,6.74857532437705],[-74.3362350656748,6.7486330096668],[-74.3362159046097,6.74874604919212],[-74.3362352067102,6.74889862882443],[-74.3361595434105,6.74906934282043],[-74.3360453657413,6.74910783383855],[-74.3357796791145,6.74914527397142],[-74.335589828264,6.74933526415713],[-74.3354186129641,6.74948794351782],[-74.3353429281049,6.74962022877789],[-74.3351908630902,6.7496395237764],[-74.3349986299076,6.74960119605289],[-74.3349816795965,6.74962041968502],[-74.3347159229011,6.74952561467245],[-74.3345638677679,6.74956412438819],[-74.3343931977454,6.7496783751532],[-74.3342983024138,6.74982988398506],[-74.3342791602134,6.74998135351757],[-74.334184234339,6.75007634756363],[-74.3340322088502,6.75017137281413],[-74.3338807304354,6.75022909805763],[-74.3337286950651,6.75030490681065],[-74.33359598066,6.75057059552593],[-74.3335010440058,6.75064637567869],[-74.3333489996524,6.75070409997346],[-74.3331837168267,6.75068900496444],[-74.3332747592841,6.75079331047695],[-74.3333537059262,6.75095170408597],[-74.3334168637789,6.75107841697324],[-74.3334642759613,6.75114179615266],[-74.3334324100232,6.75128420435516],[-74.3333215983413,6.75126822263052],[-74.3332583740133,6.75118899287709],[-74.3332108522365,6.75120475604318],[-74.3331948433598,6.75133135913765],[-74.3331788551444,6.75144213391883],[-74.3332579338388,6.75150555587074],[-74.3333687679786,6.75150571109367],[-74.3334796236779,6.75149003714592],[-74.3336853926752,6.75153780744753],[-74.333922276619,6.75198132551108],[-74.3339537023826,6.75215548008225],[-74.3339693366618,6.75229795578486],[-74.3339849071606,6.75248791440227],[-74.333984751752,6.7525987121129],[-74.3338421190479,6.75269348262434],[-74.3337785425803,6.75286750401881],[-74.3337783215947,6.75302578543855],[-74.3338414363283,6.75318415601481],[-74.3339521168561,6.75329510700423],[-74.3339202958338,6.75340585992592],[-74.3337777718258,6.75342149009955],[-74.3336984721457,6.75351634876596],[-74.3337141288828,6.75364299585975],[-74.3337297856199,6.75376964292034],[-74.3336979663942,6.75388039573343],[-74.3335710991233,6.75402267288611],[-74.3334285310978,6.75406995853765],[-74.33320686192,6.75406964987763],[-74.3330803027712,6.753990334051],[-74.3330012240767,6.7539269106406],[-74.3329379790874,6.75386350952395],[-74.3327797309687,6.75379997637087],[-74.3327481974073,6.75370496342994],[-74.3327957847611,6.75364171750644],[-74.3329382872096,6.7536419155486],[-74.3331440571052,6.75368968652985],[-74.333270812985,6.75362655122249],[-74.3333185557475,6.75345250690688],[-74.3333345664208,6.75332590347528],[-74.3332712756174,6.75329415961258],[-74.3332556188803,6.75316751153543],[-74.3332399396854,6.75305669343715],[-74.3332241715572,6.75300918644997],[-74.3333825068125,6.75300940679449],[-74.333398406993,6.75296194440684],[-74.3333669596699,6.75280361836202],[-74.3333353587348,6.75275609083209],[-74.333256347414,6.75264518343119],[-74.3332565657046,6.75248690188695],[-74.3332884316427,6.75234449314626],[-74.3332093529482,6.75228106952013],[-74.3331302958134,6.75220181763042],[-74.3331146390763,6.75207517105154],[-74.3332097715632,6.75198033440475],[-74.3332572717805,6.75198040041901],[-74.3333995092259,6.75217053668589],[-74.3335578426846,6.75217075792288],[-74.3335263306828,6.75205991550999],[-74.3334789634162,6.75196488081736],[-74.3333840716778,6.75188560746579],[-74.333194137284,6.75183785860858],[-74.3330516797513,6.75180600492181],[-74.3330198802885,6.75190092991922],[-74.3329406919996,6.7519166475658],[-74.3328615899489,6.75186905215028],[-74.3327982560265,6.75186896383385],[-74.3327031900149,6.75191631660223],[-74.3326397006839,6.75202702612734],[-74.3326869592543,6.75220120209209],[-74.3328608838731,6.75237555373475],[-74.3330665208181,6.75251829342942],[-74.3330662791713,6.75269240320317],[-74.3330661237627,6.7528031999749],[-74.3329393023058,6.75291382098087],[-74.3328284007925,6.75296115045286],[-74.3327806795896,6.75311936582786],[-74.3327804810619,6.75326181983668],[-74.3326377809841,6.75340407397714],[-74.3324952803323,6.75340387593488],[-74.3322261989721,6.75334018839124],[-74.332131308132,6.75326091437291],[-74.3321314842018,6.75313428948116],[-74.3322266400449,6.75302362570562],[-74.3322584386093,6.75292870003637],[-74.3322744717405,6.75278627001573],[-74.3322587269685,6.75272293387168],[-74.3321955026405,6.7526437061406],[-74.3321322351933,6.75259613309869],[-74.3319684274013,6.75251397039067],[-74.3319263781612,6.75261167409011],[-74.3317996438409,6.75265898039745],[-74.3316571198329,6.75267461059524],[-74.3315144871287,6.75276938109181],[-74.331498475557,6.75289598466901],[-74.3316091560849,6.75300693572451],[-74.3315931013941,6.75316519568866],[-74.3315771347383,6.75326014272149],[-74.3316245469206,6.75332352072308],[-74.3315134262183,6.75352913141008],[-74.3315132483519,6.75365575798263],[-74.331433926214,6.75376644391565],[-74.331354692111,6.75381381880036],[-74.3313071038588,6.7538770647014],[-74.3312911587625,6.75395618250456],[-74.3313859606694,6.75409876918706],[-74.3314174511117,6.75422543843042],[-74.3313539851369,6.75432031834909],[-74.3313221847758,6.75441524374532],[-74.3312745516078,6.75451014682088],[-74.3312609771656,6.75451766081286],[-74.3312541787155,6.7545214236073],[-74.3314168124095,6.75468445570375],[-74.3314799253464,6.75484282573705],[-74.3314322257031,6.75498521322454],[-74.3313529475827,6.75506424342269],[-74.331352814632,6.75515921149272],[-74.3313685603023,6.75522254642573],[-74.3315425298369,6.75536524335274],[-74.3316372221493,6.75558697035043],[-74.3316528133094,6.75576110221384],[-74.3316999595904,6.75601441838684],[-74.331651951825,6.75637840013689],[-74.3314458720106,6.7565522221648],[-74.3312712152649,6.7569001978854],[-74.3311917368201,6.75712168153484],[-74.33117581508,6.75718497249917],[-74.3309698448601,6.75727965379666],[-74.330764118982,6.75720022609494],[-74.3305425809582,6.75710494709134],[-74.3303842888219,6.75707306966533],[-74.3301946167362,6.7568353814339],[-74.3300998372872,6.75667696655713],[-74.3300365689418,6.75662939480395],[-74.3298940673916,6.75662919587091],[-74.3298148323903,6.75667656869113],[-74.3297830311309,6.75677149362493],[-74.3298144775558,6.75692981837104],[-74.329877656968,6.75704070516395],[-74.3299250907099,6.75708825546686],[-74.330019915973,6.7572150140269],[-74.3300988176994,6.75740506259716],[-74.3301620420274,6.75748429222466],[-74.3302094101923,6.75757932672503],[-74.3301140980424,6.75780078865364],[-74.3298923156768,6.7578796185671],[-74.3297497251934,6.75794273280161],[-74.3296546115712,6.75802174110669],[-74.3297018908029,6.75818008774531],[-74.3298283385606,6.75833854673328],[-74.3298280960154,6.75851265708819],[-74.329891276326,6.75862354262604],[-74.3299386211347,6.75873440583663],[-74.3299226769368,6.75881352462931],[-74.3297327173902,6.75878160182027],[-74.3294631266852,6.75832537259612],[-74.329448287415,6.75836967205819],[-74.3292898398703,6.75844859108622],[-74.3292263487426,6.75855929911627],[-74.3292557371271,6.75885728255882],[-74.3292891966765,6.75890760702748],[-74.3294156453325,6.75906606577698],[-74.3295263689795,6.75914536203767],[-74.3295103358483,6.75928779286188],[-74.3295418271889,6.75941446253019],[-74.3295731173069,6.75968358517471],[-74.3296043418479,6.76000019256476],[-74.329430103717,6.76004743392041],[-74.3294219676755,6.76004289952833],[-74.329382424735,6.76017399277299],[-74.3294613722754,6.76033238509427],[-74.32955628737,6.7603958299663],[-74.3296670559328,6.76044346914614],[-74.3299679421456,6.76041223333815],[-74.3300630099538,6.76036488140157],[-74.3301740237566,6.76023841269797],[-74.3302531922826,6.76023852242254],[-74.3302051602627,6.76061833164915],[-74.330094058425,6.76080811482919],[-74.3297456046213,6.76088676851475],[-74.3295872226535,6.76091820322334],[-74.3295713233713,6.76096566572219],[-74.3295552893418,6.76110809690209],[-74.3296343033575,6.76121900414623],[-74.3296024356228,6.76136141294976],[-74.3296339260651,6.76148808296672],[-74.3297446065929,6.761599034727],[-74.3297444080653,6.76174148802192],[-74.3297441978595,6.76189212866249],[-74.3299658598508,6.76190007965239],[-74.3299336830956,6.76226408284093],[-74.3296486970633,6.76224785616096],[-74.3291573392642,6.76261121680053],[-74.3289353098619,6.76286415739301],[-74.3289350673168,6.76303826700968],[-74.3289823905659,6.76316495888868],[-74.3290932058411,6.76318094200426],[-74.3290138810082,6.76329162843283],[-74.328998565631,6.76328969176175],[-74.3290133051881,6.76370315970775],[-74.3290125290437,6.76425714496938],[-74.3289642733433,6.76479523574015],[-74.3288372246127,6.76506413683296],[-74.3288052032661,6.76531734286712],[-74.3286933360637,6.76538701634088],[-74.3288524815995,6.76547569068341],[-74.3288204818124,6.76571306868888],[-74.3284872158251,6.7662507599795],[-74.3283131753237,6.76615554698857],[-74.3283768443178,6.76591821380356],[-74.3284563676783,6.76566507498889],[-74.3284090893449,6.76550672545056],[-74.3283142847431,6.76536413945688],[-74.3279819727667,6.76522121979048],[-74.3272061337884,6.76520430364705],[-74.3271897673822,6.76558415714133],[-74.3276797956748,6.76617048718857],[-74.3273943407219,6.76648664965104],[-74.3272987150599,6.76692970618714],[-74.3271873212697,6.76732525406042],[-74.3271235408845,6.76764172798641],[-74.3270918069988,6.76768916752325],[-74.3267591365946,6.76779949788043],[-74.3267275796769,6.76772031276307],[-74.3268702635851,6.76759388791173],[-74.3268703534166,6.76753057600937],[-74.3269180090424,6.76741984416533],[-74.3267441473057,6.76719800484513],[-74.3264913802494,6.76699067741013],[-74.326222227024,6.76676991103808],[-74.3259864659743,6.76691889980447],[-74.3259333432016,6.76695246970571],[-74.325572455816,6.76718052945133],[-74.3247641651981,6.76771755095808],[-74.3240984902164,6.76817562946376],[-74.3238759658424,6.76877678765291],[-74.3236534845876,6.76934628792219],[-74.3234631872744,6.76955178563796],[-74.3230188490938,6.77024759856796],[-74.3229865771172,6.77067491409919],[-74.3230653890121,6.77092827597561],[-74.3231285693226,6.77103916312351],[-74.3231442027035,6.77118163771901],[-74.3230331853075,6.77130810712516],[-74.3228430640641,6.77138697943678],[-74.3226687774243,6.77146587492875],[-74.3224626428126,6.7716713494408],[-74.3221610325577,6.77220908137321],[-74.3219391540724,6.77235122199757],[-74.3217171632977,6.77257250320401],[-74.3212893487285,6.77277766413644],[-74.3209724868766,6.77290384053308],[-74.320687517014,6.77287178217228],[-74.3204343052916,6.77277645273725],[-74.3201967934254,6.7727761164357],[-74.319816682991,6.77283889063803],[-74.3196107487037,6.77290191103694],[-74.319357222571,6.77302817660567],[-74.3191040342048,6.77291702051689],[-74.3190089160909,6.77299602637238],[-74.3189140243525,6.77291675111891],[-74.3188191981911,6.77278999043519],[-74.3187401626158,6.77269490986502],[-74.3185501527635,6.77269463957489],[-74.3182650706115,6.77274171912028],[-74.3179958913349,6.77274133643229],[-74.3176950644109,6.77272508066693],[-74.3175844728163,6.772550813083],[-74.3173790802131,6.77223395701133],[-74.3171261388836,6.77194868904652],[-74.3169838574207,6.77179020508596],[-74.3167147913318,6.77171068075282],[-74.3161764534399,6.77169408508222],[-74.3157648112408,6.77166184198702],[-74.3156224399463,6.77156667020555],[-74.3154642556079,6.77145564669535],[-74.3152904432786,6.77120214772019],[-74.3151799208542,6.77098039577504],[-74.315037572916,6.77086939443121],[-74.3145784736187,6.77080542551749],[-74.3141615394442,6.77075352514353],[-74.3141497580392,6.77075205861289],[-74.3135494390877,6.77067732887966],[-74.3132961159742,6.77066113816443],[-74.3129954947643,6.77050242541602],[-74.3127899242947,6.7703121928834],[-74.3126633651459,6.77023287080234],[-74.3125842846548,6.77016944506352],[-74.312330895066,6.77020073822384],[-74.3121723487066,6.77034296418463],[-74.3120297752912,6.77039024377886],[-74.3118034923661,6.77044644833718],[-74.3116338095921,6.77046881740347],[-74.3113328928365,6.77051586951244],[-74.3110477891249,6.77057877335615],[-74.3109050315549,6.77075267858782],[-74.3107938749199,6.77097411306789],[-74.3106036602518,6.77111629509031],[-74.3103658977556,6.77129006186067],[-74.3102866816189,6.77132160472211],[-74.3101125297264,6.77130552642672],[-74.3099858573899,6.7713053435566],[-74.3098434402814,6.77124182607766],[-74.3098594572429,6.77111522373876],[-74.3101126887282,6.77119472854494],[-74.3103344351611,6.7711475641039],[-74.3106672250413,6.77095810255671],[-74.310762502157,6.77076830195603],[-74.3106359430082,6.77068897994994],[-74.3105251726488,6.77064133464426],[-74.3103351627965,6.77064106167681],[-74.3102560841021,6.77057763599163],[-74.3102245298794,6.77049844865384],[-74.3100662107937,6.7704823926323],[-74.3098444886153,6.77051373037486],[-74.3097494163155,6.77056107774819],[-74.3096069102738,6.77056087257656],[-74.3094009292741,6.77065554679223],[-74.3092740736812,6.7707819886827],[-74.3092580800759,6.77089276346594],[-74.3092104190602,6.77100349272919],[-74.3090994187321,6.77111413008593],[-74.3089568210622,6.77117723634686],[-74.3086876193278,6.77119267772326],[-74.3083230227984,6.7714770594384],[-74.3080851462162,6.77172996773305],[-74.3076890412782,6.77190350681013],[-74.3076104359959,6.77206009245563],[-74.3077045318269,6.77214095212661],[-74.3077323032439,6.77225268019665],[-74.3080686729105,6.7721731345306],[-74.3081793516417,6.77228409186417],[-74.3082424609854,6.77244246504864],[-74.3083215396798,6.77250589138072],[-74.3084482129147,6.77250607335833],[-74.3085590066302,6.77253789089072],[-74.3086854966088,6.77266469802712],[-74.3087961079663,6.77282313888219],[-74.3087959031504,6.77296559243383],[-74.3088432461626,6.77307645770443],[-74.3089382277325,6.77309242354305],[-74.3091441180023,6.77306106277474],[-74.3092709726969,6.77293462058948],[-74.3093186364075,6.77282389176937],[-74.309429703211,6.77266576937524],[-74.3094773417688,6.7725708689741],[-74.3095248671389,6.77255511007311],[-74.309651541272,6.77255529205068],[-74.3097941389419,6.77249218418589],[-74.3099367608663,6.77241324782753],[-74.310110958573,6.77239767089907],[-74.3102692776586,6.77241372685688],[-74.3103008552375,6.77247708450512],[-74.3103006962357,6.77258788209243],[-74.3101739996446,6.7726035277024],[-74.3099048185715,6.77260314055405],[-74.3099358948904,6.77301471741446],[-74.3101102300393,6.77290417148223],[-74.310221115383,6.77287267511068],[-74.3103635989668,6.77288870785948],[-74.310490204828,6.77293637435239],[-74.3106327117681,6.77293657952301],[-74.3106641069889,6.7731265630322],[-74.3105212820453,6.77334795182054],[-74.310426003133,6.77353775319055],[-74.3103309065787,6.77360092960603],[-74.3100776050248,6.77356890875746],[-74.3097610575833,6.77347348490339],[-74.3096503779537,6.77336252784335],[-74.3094445793121,6.77333057566646],[-74.3093653182596,6.77339377441021],[-74.3093175871753,6.77355198755435],[-74.3093015702137,6.7736785901459],[-74.3093963469678,6.77383700836686],[-74.3094595245834,6.77394789663033],[-74.3094277197308,6.77404282084578],[-74.309269423103,6.77401093561731],[-74.3090796180666,6.77386820851667],[-74.3089530813757,6.77377305679544],[-74.3088579390073,6.77386788916472],[-74.3087172251046,6.77402817794021],[-74.3087785171564,6.7740418859835],[-74.3088416031439,6.77421608701754],[-74.308984155898,6.77418463533383],[-74.3090316588102,6.7741847040212],[-74.3091422926257,6.77432731684659],[-74.3091263448344,6.77440643486861],[-74.3092054477834,6.77445403252419],[-74.3092846423606,6.77443831917894],[-74.3093481146236,6.77434344053552],[-74.3095064804216,6.77432784047625],[-74.309617250781,6.7743754845258],[-74.3096803825825,6.77451802949951],[-74.3097278181211,6.77456558164982],[-74.3098703259595,6.77456578681979],[-74.3099969758381,6.77458179810329],[-74.310154953564,6.77483527567763],[-74.3101704926218,6.77504106453752],[-74.3099169386413,6.77518315348101],[-74.3102167432825,6.7759116819125],[-74.310406822305,6.77586447065448],[-74.3105176618347,6.77586462943774],[-74.3106597151255,6.77618139748854],[-74.3109129493058,6.77626090145973],[-74.3115778077189,6.77638848279993],[-74.3117361501608,6.77638870937804],[-74.3119737096377,6.77635739342609],[-74.3121955261392,6.77626274263046],[-74.3124167973634,6.7765479679021],[-74.3126226660737,6.77653243481708],[-74.3126702588174,6.77646919009854],[-74.3127969563068,6.77645354282989],[-74.3128443011155,6.77656440819078],[-74.3128283066119,6.77667518253817],[-74.3126857080437,6.7767382907477],[-74.3126220992367,6.77692813806148],[-74.3127011339137,6.77702321958119],[-74.3127641534259,6.77724490541356],[-74.3129061411396,6.7776091566129],[-74.3129060270536,6.77768829818145],[-74.3130009196904,6.77776757443465],[-74.3133643843425,6.77827459657157],[-74.3134274936862,6.77843296868083],[-74.3135224545948,6.77846476173724],[-74.3136333641931,6.77841743476452],[-74.3136176427773,6.77833827190678],[-74.3135070062669,6.77819565937561],[-74.3135070754372,6.77814817537807],[-74.3136496506492,6.77810089476016],[-74.3138236929473,6.77819611253018],[-74.3139819455576,6.77825965139417],[-74.3141243869207,6.77830733965708],[-74.3141400634207,6.77841815998984],[-74.3139814928067,6.7785762144872],[-74.3138705841068,6.77862354144433],[-74.3136013096088,6.77868646920762],[-74.3133164053232,6.77860692014259],[-74.3130160967271,6.77822661393339],[-74.3128424631624,6.77784648850775],[-74.3125416110856,6.77784605765379],[-74.3124625072383,6.777798459441],[-74.3123993062665,6.77770339948311],[-74.3122409862825,6.77768734459342],[-74.3120036298249,6.77757620741927],[-74.3118932888602,6.77722783001682],[-74.3115607693729,6.77722735188428],[-74.3112439686065,6.77730603857605],[-74.3112119598363,6.77754341611405],[-74.3112908579694,6.77773346649534],[-74.3113220950868,6.77803424712697],[-74.3112264748147,6.77846147101638],[-74.3111309910865,6.77879372577185],[-74.3109881643462,6.77901511641849],[-74.310829821006,6.77901488894957],[-74.3107190928675,6.77893558881654],[-74.3106875835606,6.77882474719385],[-74.3107353595606,6.77863487654201],[-74.3107198672152,6.77839743174669],[-74.3106884710961,6.77820744763791],[-74.3106253383962,6.77806490375487],[-74.3105305832017,6.77789065683326],[-74.310483306665,6.77773230684675],[-74.3104517982564,6.77762146494742],[-74.3103888245583,6.77736812264334],[-74.3102940918217,6.77717804892507],[-74.3101516522553,6.77713035876639],[-74.3100089153466,6.77728843687894],[-74.309976859864,6.77755746838393],[-74.3100399916655,6.7777000142011],[-74.3098813303217,6.77792137948101],[-74.3097676781669,6.77800947972449],[-74.3098019057759,6.77809537483716],[-74.30980170096,6.77823782861552],[-74.3096906790723,6.77836429438731],[-74.309532244104,6.77842737918279],[-74.3092468825759,6.77866439221812],[-74.3091199353549,6.77885414778579],[-74.3090247920882,6.77894897915578],[-74.3089296488215,6.77904381050712],[-74.3089133821284,6.77934452341857],[-74.3088339809387,6.77950269090048],[-74.3087705526931,6.7795659129202],[-74.3087545357316,6.77969251571674],[-74.3088336162227,6.77975594198726],[-74.3090076351646,6.7798669894555],[-74.3089598133504,6.78008851609021],[-74.3089115109376,6.78064243258503],[-74.3089740498511,6.78119650990077],[-74.309036863649,6.78156064839393],[-74.3093530957818,6.78187766692986],[-74.3096220316149,6.78205216485421],[-74.3099066879656,6.7823058249344],[-74.3099854729109,6.78257501777178],[-74.3100009427984,6.7828282904365],[-74.3099212469614,6.78319222520614],[-74.3098575438313,6.78344538336692],[-74.3096038973243,6.78365078587133],[-74.3093819622452,6.78382457666878],[-74.3092232065783,6.78410925511336],[-74.3090638580233,6.78480546717766],[-74.3090478868758,6.78490041244739],[-74.3088894051951,6.78499515342492],[-74.3086677432038,6.78497900689973],[-74.3085887067302,6.78488392338177],[-74.3083037305793,6.7848518568975],[-74.3080820021127,6.78488319281401],[-74.3080185029002,6.78499389834726],[-74.30784423243,6.78505696086613],[-74.3077492239106,6.78505682349448],[-74.3076669436205,6.78501555133539],[-74.3076384283984,6.78502500678841],[-74.3074801290757,6.78499312317848],[-74.3073377092722,6.78492960482695],[-74.30727452986,6.78481871641394],[-74.3072270952197,6.78477116349119],[-74.3071341168929,6.78475036951153],[-74.3071635510915,6.78491352520135],[-74.3070526405949,6.78496084975194],[-74.3068942945598,6.78496062050178],[-74.3068151907125,6.7849130220998],[-74.3067202980758,6.78483374345411],[-74.306546139895,6.78481766471737],[-74.3063719601547,6.78481741316652],[-74.3062294954355,6.78478555095143],[-74.3060394801933,6.78478527620794],[-74.305960308074,6.78478516202883],[-74.3059129183495,6.784705952048],[-74.3058655519813,6.7846109148614],[-74.3057547789269,6.78456327003956],[-74.3056122683936,6.78456306398186],[-74.3054857056516,6.7844837397853],[-74.3052957137656,6.7844676369522],[-74.3052321696373,6.78460999786008],[-74.3052318938546,6.78479993662719],[-74.3052950040965,6.78495831015967],[-74.3054215201262,6.78506928952694],[-74.3053896443066,6.78521169753421],[-74.3054052956538,6.78533834612432],[-74.3055160920644,6.78537016191765],[-74.3055953567101,6.78530696385224],[-74.3055639848454,6.78510115172329],[-74.3056749869701,6.78499051579253],[-74.3058332880895,6.78502240118672],[-74.3058647731419,6.7851490721272],[-74.3057535868626,6.78538633340637],[-74.3055790406096,6.78563933252581],[-74.3054451817508,6.7856802915315],[-74.3053730991357,6.78570234768297],[-74.3052937662181,6.78581302983533],[-74.3053411101285,6.78592389571882],[-74.3054519523531,6.78592405717482],[-74.3055467758195,6.78605081975639],[-74.3055781926,6.78622497452455],[-74.3055464326631,6.78628824115512],[-74.3055303222768,6.7864781560677],[-74.3055933399923,6.78669984290177],[-74.3056881877132,6.78681077637462],[-74.3056929784287,6.78685936473172],[-74.3058623234361,6.78684268484079],[-74.3060206227589,6.78687457011232],[-74.306147299587,6.78687475297648],[-74.3062263818747,6.78693818008534],[-74.3062420098657,6.78708065711743],[-74.3061627919324,6.78711219894548],[-74.3061468189883,6.78720714465235],[-74.3061625862182,6.78725465184154],[-74.3063208639813,6.78730236597459],[-74.3064474491812,6.78736586082056],[-74.3064260126836,6.7874192035852],[-74.3065264622987,6.78747677183947],[-74.3065738062091,6.78758763733982],[-74.3066054062459,6.78763516768395],[-74.3067954232847,6.78763544242581],[-74.306969534753,6.78768317882159],[-74.307032644995,6.78784155051364],[-74.3070483196984,6.78795237222111],[-74.3071113841263,6.7881424006555],[-74.3071746309122,6.78820580440486],[-74.3074279396526,6.78823782695681],[-74.3076338137528,6.78822229603278],[-74.307697061437,6.78828569977158],[-74.3077286156597,6.788364885971],[-74.3077285015737,6.78844402577252],[-74.3076493060982,6.78845974044504],[-74.3074592890594,6.78845946659565],[-74.3072217915663,6.7884432961022],[-74.3071425502768,6.78849066579867],[-74.3071424361907,6.78856980647152],[-74.30722135768,6.78874403079771],[-74.307347874608,6.78885501018436],[-74.3075378916468,6.78885528492552],[-74.3076803806205,6.7888713189266],[-74.3076802207204,6.78898211542048],[-74.3076007054447,6.78921942387148],[-74.3074421977128,6.78932999192913],[-74.3073650647693,6.78948364074877],[-74.3073785853126,6.78951983874048],[-74.3075051938687,6.78956750537215],[-74.3076000883021,6.7896467841303],[-74.3075524236931,6.78975751176048],[-74.3074257244071,6.78977315770494],[-74.3073464364052,6.789852184881],[-74.3073146072981,6.7899629356563],[-74.3072827305802,6.79010534399992],[-74.3072033752046,6.79023185482437],[-74.307139852636,6.79035838791589],[-74.3071554357112,6.79053252060918],[-74.307202712248,6.79069087084731],[-74.3072975833251,6.79078597641058],[-74.3074083590744,6.79083362061652],[-74.3074154144426,6.79085310396621],[-74.3076143023448,6.79077060613113],[-74.3077251221115,6.79078659368371],[-74.3077249846693,6.79088156275005],[-74.3077089668095,6.7910081643557],[-74.3077564257043,6.79103988968099],[-74.3079782035782,6.79097689573892],[-74.3080575382926,6.79086621388197],[-74.3079310186696,6.79075523406718],[-74.3078835840294,6.79070768083884],[-74.3078996243471,6.79056525037313],[-74.3079630543893,6.79050202890543],[-74.3080264619736,6.79045463621456],[-74.3080741256843,6.79034390785275],[-74.3080695379881,6.79028315009893],[-74.3080585884231,6.79013811750163],[-74.3080270782179,6.79002727578115],[-74.308027238118,6.78991647863587],[-74.3081857898673,6.78977425309944],[-74.3082968162466,6.78964778764751],[-74.3083358417575,6.78960888953493],[-74.3083487676161,6.7895960070488],[-74.308423676331,6.7895213453547],[-74.3085188672084,6.7893948566439],[-74.3084872887312,6.78933149765195],[-74.308471523298,6.78928399066777],[-74.3085982917542,6.78922086090937],[-74.3086933460877,6.78918934151992],[-74.3087092714211,6.78912605118618],[-74.3087410996299,6.78901530021829],[-74.3087730203652,6.78884123655328],[-74.308852216739,6.78882552189322],[-74.3089788711092,6.78884153270284],[-74.3091531218164,6.78879429862747],[-74.3092640547708,6.7887311456124],[-74.3094382372061,6.78873139537716],[-74.309580703722,6.78876325643912],[-74.3096597168394,6.78887416802805],[-74.3096595578376,6.78898496452127],[-74.3096751876253,6.78912744183955],[-74.3098016380779,6.78928590493406],[-74.3099128450185,6.78903281406929],[-74.3101823306206,6.78882743437727],[-74.3103248663067,6.78881181159449],[-74.3105148357348,6.78884373955239],[-74.3106414227314,6.78890723508707],[-74.3107521293104,6.78900236241124],[-74.3110212510948,6.78905023336592],[-74.3111321391334,6.78901873537369],[-74.3112905094231,6.78900313489754],[-74.3114646226881,6.78905086937361],[-74.3115592898477,6.78928842755519],[-74.3116066121985,6.78941512056558],[-74.311843974046,6.7895262585762],[-74.3119865088339,6.78951063492411],[-74.3121447883937,6.78955834615748],[-74.3122871192639,6.78968517557515],[-74.3124136613447,6.78978032593793],[-74.3124769081306,6.78984372857952],[-74.3125241640061,6.79001790695181],[-74.3126031097499,6.79017630196],[-74.3128090072063,6.79014494051964],[-74.3128884299555,6.78997094416433],[-74.313173342326,6.79005049313641],[-74.313379010712,6.79017741162581],[-74.3135848407947,6.79019353389224],[-74.3136955249158,6.79030449064424],[-74.3137428257071,6.79044701038853],[-74.3136159207069,6.790605110891],[-74.3134733176471,6.79066822084349],[-74.3133046445795,6.79074456737267],[-74.3133148566276,6.79074713458682],[-74.3132829161294,6.79093702722373],[-74.3132986366469,6.7910161906866],[-74.3133619759592,6.79101628077988],[-74.3134569853769,6.79101641636582],[-74.3135360676647,6.79107984292886],[-74.3135991132279,6.79128569888611],[-74.3139312356598,6.79157108117563],[-74.3138993167211,6.79174514563718],[-74.3138042183702,6.79180832144895],[-74.3137883145965,6.79185578358338],[-74.3136616144122,6.79187143035162],[-74.3135032890383,6.79185537682626],[-74.3133924225592,6.7918710467868],[-74.3132816018941,6.79185506016228],[-74.3131392018536,6.79177571575916],[-74.313091766315,6.79172816263168],[-74.3130443074202,6.79169643913581],[-74.3128859820464,6.7916803838206],[-74.312790905255,6.79172773179014],[-74.3127274069409,6.79183843842521],[-74.3126956020882,6.7919333626834],[-74.3125371626283,6.79199644837735],[-74.3124422681949,6.7919171717904],[-74.312394968302,6.79177464980559],[-74.3123792693441,6.79167965861521],[-74.3122686292404,6.79153704646688],[-74.3120785672859,6.79156843100878],[-74.312046807349,6.79163169782895],[-74.3119200379944,6.79169482905504],[-74.3117775247662,6.79169462478444],[-74.3117141845555,6.79169453379926],[-74.3114764373307,6.79185247511381],[-74.3112546127443,6.79194712552182],[-74.3110486245581,6.7920417991035],[-74.3110324944088,6.79224754314783],[-74.3110481933668,6.79234253511807],[-74.3110637997982,6.79250083837594],[-74.3110795436719,6.79256417375825],[-74.3110319491315,6.79262741903923],[-74.3108101937154,6.79267458494559],[-74.3107151609415,6.79269027717969],[-74.3106517542555,6.79273766965035],[-74.3106200158782,6.7927851085008],[-74.3106198353168,6.79291173368977],[-74.3106672250413,6.79299094321212],[-74.3107622335607,6.7929910787975],[-74.3108572887925,6.79295955965504],[-74.3109999161068,6.79288062397433],[-74.3110158189822,6.79283316194106],[-74.3110792256683,6.79278576858782],[-74.3111900687912,6.7927859273655],[-74.3113324472721,6.7928810994153],[-74.311379815437,6.79297613764491],[-74.3113638667475,6.79305525617176],[-74.3113954003089,6.7931502693907],[-74.3115379126388,6.79315047366072],[-74.311585418246,6.79315054145338],[-74.3117437436199,6.79316659671951],[-74.311902024078,6.79321430848233],[-74.3120444241185,6.7932936526482],[-74.3120125500956,6.79343606089787],[-74.3119331938217,6.79356257263042],[-74.3118538609041,6.79367325654302],[-74.3117427446933,6.79386303563189],[-74.3117424500459,6.79406880208937],[-74.3118848267302,6.79416397477734],[-74.3119005256881,6.79425896636908],[-74.3119004583145,6.79430645056179],[-74.3118212152283,6.79435382146503],[-74.311726001893,6.79449613841618],[-74.3117258662474,6.79459110764215],[-74.311852384972,6.79470208657196],[-74.3118522044107,6.79482871036419],[-74.3118204202193,6.79490780807016],[-74.3117412229472,6.79492352163953],[-74.3115828059452,6.79497077919727],[-74.3114876159661,6.79509726733399],[-74.3114400663415,6.79512885591275],[-74.3113608906289,6.79512874262811],[-74.3112024520673,6.79519182879496],[-74.3111706454181,6.79528675149928],[-74.3112021331654,6.79541342241381],[-74.3112018367214,6.79561918909986],[-74.31120165616,6.7957458135426],[-74.3112015663285,6.79580912619744],[-74.3111381803037,6.79584069153738],[-74.311043170886,6.7958405559528],[-74.3109166503648,6.79572957639372],[-74.310821823305,6.79560281457809],[-74.3107585055522,6.79558689586991],[-74.3106476839889,6.7955709084769],[-74.3106002250941,6.79553918345048],[-74.3104418763641,6.79553895688139],[-74.3103941443814,6.79569717077868],[-74.3103623826479,6.79576043705573],[-74.3102673507723,6.79577612918917],[-74.3101408077932,6.79568097733636],[-74.3099508347719,6.79564904894028],[-74.3099355220895,6.79559518348163],[-74.3097448923997,6.79571206635454],[-74.3096021950169,6.79583848739592],[-74.3094912818253,6.79588581265604],[-74.3094277826129,6.79599651833396],[-74.3094881529932,6.79617842368589],[-74.3094908497357,6.79618654805081],[-74.3096017171131,6.79617087733888],[-74.3096129002401,6.79614027449218],[-74.3096653070555,6.79599685997132],[-74.3098079128102,6.79593375250202],[-74.3099662624386,6.79593397907095],[-74.3100135838911,6.79606067389902],[-74.3099817323261,6.79618725273332],[-74.309968679805,6.79618723400127],[-74.309855052803,6.79618707076469],[-74.3097916218625,6.79625029148511],[-74.309775604901,6.79637689435357],[-74.3098387393974,6.79651943816656],[-74.3099019412676,6.79661449797714],[-74.3099014858218,6.79693106059607],[-74.3096955632125,6.79697824838037],[-74.3096010092407,6.79666155020817],[-74.3096013497022,6.79642412768438],[-74.3094430018704,6.79642390111571],[-74.3093319063209,6.79659785053649],[-74.3093317787601,6.79668606421443],[-74.3093316790471,6.7967561318775],[-74.3092681573768,6.79688266682059],[-74.3093471489346,6.79700940510677],[-74.3094544356274,6.79710159346775],[-74.3094578573103,6.79710453350458],[-74.3094631888115,6.79711702063295],[-74.309505202119,6.79721539767806],[-74.3095367356804,6.79731041275098],[-74.3094890719698,6.79742114218484],[-74.3093306082553,6.79750005482014],[-74.3092198307094,6.79745241038266],[-74.3092042018201,6.79730993463839],[-74.3092202178833,6.79718333201568],[-74.3091094663886,6.79711986076553],[-74.3090144551742,6.79711972339731],[-74.3089351213582,6.79723040738305],[-74.3089504088877,6.79761030609805],[-74.3089501357999,6.79780024240894],[-74.3089499534419,6.79792686895316],[-74.3089497261681,6.79808514985655],[-74.3089968886189,6.79832264113583],[-74.3089808483011,6.79846507108795],[-74.3089331378781,6.79860745550593],[-74.3088855648973,6.79865487236929],[-74.3088609429736,6.79864780149641],[-74.3087270329109,6.79878126944478],[-74.3086161637368,6.79879693739561],[-74.3085211543191,6.79879680181186],[-74.3084577009207,6.79887585069705],[-74.3084575176644,6.79900247606586],[-74.3085523231645,6.79914506637608],[-74.3085997137873,6.79922427576349],[-74.3085829646989,6.79943788771713],[-74.3086944052014,6.79944600578298],[-74.3087575630541,6.79957272198527],[-74.308757403154,6.79968351868966],[-74.3088680657155,6.79981030351307],[-74.3090104675527,6.79988965015825],[-74.3089628029437,6.80000037899787],[-74.308851934668,6.80001604690895],[-74.3087885953556,6.80001595592537],[-74.3087837579278,6.80002077538006],[-74.3086934475973,6.80011078758545],[-74.3085666764461,6.80017391859018],[-74.3085559038493,6.80016716796614],[-74.3086298342988,6.80030063460053],[-74.3087088501112,6.80041154620446],[-74.3088037463412,6.80049082317475],[-74.3089144547168,6.80058595177545],[-74.3090569481821,6.80060198449337],[-74.3091994641053,6.80060218965222],[-74.3092469679159,6.80060225744384],[-74.3093103090248,6.80060234842733],[-74.3094845399691,6.80057094306723],[-74.3096587026415,6.80058702216942],[-74.3097536680418,6.80061881376228],[-74.3098327072103,6.80071389684589],[-74.3098800295612,6.80084058952195],[-74.3098166668926,6.80085632698122],[-74.3097691621838,6.80085626008163],[-74.3096901463714,6.80074534858035],[-74.3095793463676,6.80071353291202],[-74.3093734668775,6.80072906521668],[-74.3092308368683,6.8008080005006],[-74.309183339346,6.80080318372978],[-74.3091831731576,6.80091873002059],[-74.3091671552978,6.80104533255123],[-74.3091577984458,6.80107325642734],[-74.3091512524223,6.80109279466571],[-74.3090878439397,6.80114018809195],[-74.3089452588462,6.80118746644633],[-74.3089293326145,6.80125075697647],[-74.3089925371796,6.8013458167432],[-74.3090874334096,6.80142509355931],[-74.3091348249307,6.80150430257084],[-74.3091347108447,6.80158344377784],[-74.3090712574463,6.8016624939885],[-74.3089762228757,6.80167818503723],[-74.3089285807246,6.80177308594463],[-74.3089442114106,6.80191556214955],[-74.3090390851827,6.80201066638434],[-74.3091498169145,6.80208996717449],[-74.309228810269,6.80221670587126],[-74.3092444858707,6.80232752604965],[-74.3092443502251,6.80242249462013],[-74.3092441669688,6.80254911994625],[-74.3091647181684,6.80273894369792],[-74.3089905087837,6.80275452053664],[-74.308911492073,6.80264361036562],[-74.3088324996168,6.80251687178155],[-74.3087058182971,6.8025166889233],[-74.3084840583895,6.80256385475126],[-74.3083098256485,6.80259526087304],[-74.3082463479956,6.80269013751552],[-74.3081353431759,6.80280077472657],[-74.308166875839,6.80289578958699],[-74.3082300804041,6.80299084992016],[-74.3082141083584,6.80308579605973],[-74.3082297606039,6.8032124435107],[-74.3082771287688,6.80330748148142],[-74.3083402641636,6.8034500259144],[-74.3083876790409,6.80351340712936],[-74.3085458705658,6.80362443216613],[-74.3086091434029,6.80367200641643],[-74.3087675172858,6.80365640641576],[-74.3089100565652,6.80364078411484],[-74.3091318631852,6.80356196168707],[-74.3092745390086,6.80345137014286],[-74.3093377893877,6.80351477276538],[-74.3093851350948,6.80362563902773],[-74.3094166686562,6.80372065283298],[-74.3093688216892,6.80395800663616],[-74.3092261907816,6.80403694317347],[-74.3091150718759,6.80422672173768],[-74.3091147296178,6.80446414308178],[-74.3091303369476,6.80462244680696],[-74.3090510929631,6.80466981758523],[-74.3089086444135,6.80462212836741],[-74.308813974559,6.80438457062729],[-74.3087192139746,6.80421032342554],[-74.3085926700972,6.80411517235095],[-74.3083709317491,6.80414650968818],[-74.3082758289066,6.80420968476192],[-74.3079908644338,6.80416179034107],[-74.3078642513861,6.80411412337251],[-74.3075385770613,6.80405938560601],[-74.3075159233465,6.80408196540374],[-74.3073553512861,6.80414006774794],[-74.3074521708091,6.80436678081926],[-74.3076419884219,6.80450950868727],[-74.3078000883186,6.8046838458712],[-74.3079740246155,6.80485820618346],[-74.3079835242997,6.80495455237325],[-74.3079839932202,6.80495931469124],[-74.3080052401733,6.8051748151058],[-74.3080208690626,6.8053172911935],[-74.3082740960564,6.80541262488701],[-74.308480113887,6.80530212385962],[-74.3085433175538,6.80539718371641],[-74.3086064538469,6.80553972752906],[-74.3086218563608,6.80584048542439],[-74.3086849692977,6.8059988591626],[-74.3087322691907,6.80614137960499],[-74.3087319502887,6.80636297352555],[-74.3087634389344,6.80648964508766],[-74.3089057742962,6.80661647449753],[-74.3089530517313,6.80677482478815],[-74.3089371030417,6.80685394193495],[-74.3088417495693,6.80709122818238],[-74.3088256634375,6.80726531467364],[-74.3086989129475,6.80731261650848],[-74.3085564859575,6.80724909842973],[-74.3085091168943,6.80715406302318],[-74.3084300319116,6.80709063590572],[-74.3083668048887,6.80701140373211],[-74.3083669638905,6.80690060693426],[-74.3084145386679,6.80685319088494],[-74.3083831191925,6.8066790355615],[-74.3082247210551,6.80671046371368],[-74.3080663220194,6.80674189186385],[-74.3079714931631,6.80661512938594],[-74.3078924989102,6.80648839095811],[-74.3078768233085,6.80637757084799],[-74.3080194551144,6.80629863558747],[-74.3082095691712,6.80623559637023],[-74.3083839851685,6.80607756701629],[-74.3084316731337,6.80595100951948],[-74.3084318779495,6.80580855681146],[-74.3083527714073,6.80576095690531],[-74.3082101854155,6.80580823658874],[-74.3080517639219,6.80585549307593],[-74.3079093378302,6.80579197569635],[-74.3078619472074,6.80571276650001],[-74.3077829071405,6.80561768351408],[-74.307687986656,6.80555423389397],[-74.3076088109435,6.80555411971979],[-74.3075297951311,6.80544320841141],[-74.307529885861,6.8053798961341],[-74.3075141878014,6.80528490495684],[-74.3074191990449,6.80526894018614],[-74.3072089142167,6.80533328272215],[-74.3072132036722,6.80536361203554],[-74.3072447605898,6.80544279809786],[-74.307276339067,6.80550615675013],[-74.3073554240496,6.80556958407697],[-74.3074028622832,6.80561713672686],[-74.3074027931129,6.80566462068918],[-74.3073642248445,6.80574144472443],[-74.3074184911725,6.80575961179132],[-74.3075133658429,6.80585471794077],[-74.3075607798219,6.80591809883832],[-74.307608171343,6.80599730889276],[-74.3077189048715,6.80607660902461],[-74.3077979673963,6.80615586276013],[-74.307797829954,6.80625083235745],[-74.3077344196747,6.80629822616665],[-74.3076552439622,6.80629811110067],[-74.307560324376,6.80623466157045],[-74.3073545329209,6.80618688063366],[-74.3073070506699,6.80617098368384],[-74.3071328170306,6.80620238956971],[-74.3071484926324,6.80631320972028],[-74.3073225205574,6.80642425819322],[-74.3074015372681,6.80653516838294],[-74.3074805764367,6.80663025118717],[-74.3075753370211,6.80680449751065],[-74.307685795665,6.80707373550498],[-74.3078280861111,6.80723222301007],[-74.3078595729601,6.80735889345084],[-74.3078594588741,6.80743803458489],[-74.3077168513227,6.80750114143486],[-74.3076218383118,6.80750100496161],[-74.3074001224215,6.80751651385517],[-74.3073050411386,6.80756386115634],[-74.3073049270526,6.80764300136461],[-74.3072097325819,6.80776948973269],[-74.3072729137908,6.80788037909602],[-74.3073519538577,6.80797546074178],[-74.3074149518102,6.80821297478181],[-74.3073355470273,6.80837114168972],[-74.3074144739065,6.80854536597365],[-74.3074300336256,6.8087353265034],[-74.3074298288097,6.80887778012673],[-74.3074614090835,6.80894113743361],[-74.3074295548235,6.80906771644143],[-74.3073975882741,6.80927343803119],[-74.3073499910388,6.80933668200454],[-74.3072707910718,6.8093523959939],[-74.3072393491385,6.80919406885318],[-74.3072077913226,6.80911488251779],[-74.3071445642996,6.80903564978638],[-74.3070178129113,6.80908295144676],[-74.3070176080955,6.8092254049669],[-74.3070490958428,6.80935207577353],[-74.3069064631386,6.80943101053182],[-74.3068590024472,6.80939928552889],[-74.3068274688858,6.80930427195565],[-74.3068277204141,6.80913016301255],[-74.3067169868856,6.8090508607093],[-74.3065428439762,6.80901895371742],[-74.3064479225934,6.80895550365494],[-74.3064005544285,6.80886046680237],[-74.3064165722883,6.80873386454837],[-74.3063692265813,6.80862299857376],[-74.30635352942,6.80852800803829],[-74.3063536201498,6.80846469438387],[-74.3064170304291,6.80841730168059],[-74.3065121099154,6.80836995446362],[-74.3064489520627,6.80824323790671],[-74.3064014455573,6.8082431683322],[-74.3063224063886,6.80814808673948],[-74.3063225662888,6.80803729020405],[-74.3063543289206,6.80797402286795],[-74.3065444438758,6.80791098387075],[-74.3066394784463,6.8078952930257],[-74.3067345588309,6.80784794575723],[-74.3067506234031,6.8076896868028],[-74.306687373024,6.80762628294765],[-74.306544877762,6.80761024868025],[-74.3064340310459,6.80761008901547],[-74.3063391788333,6.80749915588259],[-74.3064818573516,6.80738856346129],[-74.3064820397096,6.80726193851947],[-74.3064662958359,6.80719860418248],[-74.3063080351407,6.80713506200511],[-74.3062131137579,6.80707161258555],[-74.3062449680179,6.80694503394323],[-74.3063559288201,6.80686605150092],[-74.3065300717295,6.80689795952789],[-74.306704146367,6.80697735138523],[-74.3067831163653,6.80711991970417],[-74.3068779676795,6.8072308529247],[-74.3070045816255,6.80727852047581],[-74.3070837815926,6.80726280552657],[-74.3071155891401,6.80716788340456],[-74.3070365490732,6.80707279981486],[-74.3069891350942,6.80700941996174],[-74.3069733912206,6.80694608380743],[-74.306941811845,6.80688272534522],[-74.3068626361325,6.80688261206334],[-74.3067517894164,6.80688245150632],[-74.3067519017058,6.80680331117265],[-74.3068152886288,6.80677174566107],[-74.3069419717452,6.80677192762569],[-74.307021262442,6.8066929014477],[-74.306958103691,6.80656618534002],[-74.3068923901314,6.806522258699],[-74.3068948092944,6.80653443784812],[-74.3068471653467,6.80662933868778],[-74.3067203923989,6.80669246794366],[-74.3065462503878,6.80666056079499],[-74.3064037551258,6.80664452649537],[-74.3063404373731,6.8066286063691],[-74.3062613523904,6.80656518007417],[-74.3061824497657,6.80637512770311],[-74.3061441923144,6.80634636210211],[-74.3060556301055,6.80646991350833],[-74.3060396122456,6.80659651546752],[-74.3058653561485,6.80664374957748],[-74.3057069337566,6.80669100509044],[-74.3055645768352,6.80658000217038],[-74.3055330899862,6.8064533306321],[-74.3055490620319,6.8063583851584],[-74.3054066368386,6.80629486695339],[-74.3053116696417,6.80626307306035],[-74.3052326547276,6.80615216191576],[-74.3052012127943,6.80599383461134],[-74.3051382390963,6.80574049297598],[-74.3051225625963,6.8056296718012],[-74.3050276205522,6.80558205046962],[-74.3049008943168,6.80561352418494],[-74.3047424719248,6.8056607797993],[-74.3046316476666,6.80564479095752],[-74.3045925808332,6.8054876248514],[-74.3044894524419,6.80542299065667],[-74.3042994291149,6.80542271503302],[-74.3041410543337,6.80543831408429],[-74.3039984216295,6.80551724770226],[-74.3037449431075,6.80559602253385],[-74.3035708936229,6.80550080215894],[-74.3034603451474,6.80529487468735],[-74.3033973031774,6.80508901670238],[-74.3033182640088,6.80499393270092],[-74.3032074406488,6.80497794383694],[-74.3030968472575,6.80480367365885],[-74.3031287006192,6.80467709441855],[-74.303223872632,6.8045664353401],[-74.3033506473764,6.80450330580462],[-74.3034616539927,6.80439266987781],[-74.3034145616106,6.80410769391968],[-74.3035413821691,6.80401290854012],[-74.3035416561553,6.80382297200934],[-74.303351680439,6.80379103969433],[-74.3032564859684,6.8039175264013],[-74.3030821840572,6.8039964147779],[-74.3029871719445,6.80399627651963],[-74.3028922757145,6.80391699834392],[-74.3027339943581,6.80386928496768],[-74.3025915691647,6.80380576554136],[-74.3025190436803,6.80364566775641],[-74.3024650019311,6.80372644095077],[-74.3023699224448,6.80377378684175],[-74.3022115243074,6.80380521340015],[-74.3020532411543,6.80375749912077],[-74.3019739962715,6.80380486909241],[-74.3018628513147,6.80401047341114],[-74.3016252532102,6.80405761233275],[-74.301530450405,6.80391502080474],[-74.3013881869085,6.80374070474941],[-74.3013567467718,6.80358237754183],[-74.3012777318577,6.80347146488601],[-74.3011353066644,6.80340794451512],[-74.300977071122,6.80332857347536],[-74.3008665936134,6.8030751626425],[-74.3010885161162,6.80291720271565],[-74.3011994535622,6.80285405155563],[-74.3012945582013,6.80279087808754],[-74.3013579900402,6.8027276564436],[-74.3013740096966,6.80260105435634],[-74.3013266882441,6.80247436036061],[-74.3011683368191,6.80247412933478],[-74.3010891386487,6.8024898426568],[-74.3010098236973,6.80258469702029],[-74.300835475972,6.80269524059657],[-74.3006928684207,6.80275834539395],[-74.3006137843363,6.80269491769579],[-74.3006298039928,6.80256831559991],[-74.3007407881512,6.80247350761671],[-74.3007250451758,6.80241017264807],[-74.300471820877,6.80231483479058],[-74.3003137236752,6.80214049496269],[-74.3002188984121,6.80201373037807],[-74.3000923320768,6.80193440549148],[-74.2998391535921,6.80180741071835],[-74.2995857460369,6.80183869736258],[-74.2995379179346,6.80206022369327],[-74.2995851693185,6.80223440209974],[-74.2995849150953,6.80240851175969],[-74.2994261243941,6.80270901561474],[-74.2991252570459,6.80270857764712],[-74.2989195617104,6.80259748014735],[-74.2988407776634,6.80232828602664],[-74.2986510346108,6.8021380705281],[-74.2984611747772,6.80202699698015],[-74.298366371972,6.80188440395725],[-74.2982080214453,6.80188417293118],[-74.2980712789944,6.80171280774337],[-74.2980657363891,6.80172568276888],[-74.2976223288632,6.80174086359563],[-74.2974640942191,6.80166149049638],[-74.2974167970211,6.80151896783244],[-74.2972428427579,6.80136043205802],[-74.2971639446248,6.80117037762711],[-74.2969899670054,6.80102767017469],[-74.2968634258229,6.80093251579364],[-74.2966100182678,6.80096380160283],[-74.2964832210655,6.8010427564721],[-74.2963878855593,6.80126421181032],[-74.2963242902271,6.80143822905461],[-74.2962449285633,6.80156473778907],[-74.2960548836767,6.80158028790603],[-74.29589653315,6.80158005598785],[-74.2957222312388,6.80165894118035],[-74.2956429621015,6.80172213798914],[-74.2956111060449,6.80184871711624],[-74.2956265930004,6.8020861628277],[-74.295737252867,6.80221295058501],[-74.2958638192023,6.80229227542557],[-74.2960695585552,6.80237171888793],[-74.2961326678989,6.80253009377016],[-74.2961483165511,6.80265674136767],[-74.2961006034331,6.80279912543541],[-74.2959579940851,6.80286223021914],[-74.2958947446043,6.80279882394249],[-74.2957682501342,6.80267201404008],[-74.2956097361141,6.80278257811204],[-74.2956254323771,6.8028775706763],[-74.2956410810293,6.80300421907417],[-74.2956883782273,6.80314674218936],[-74.2957041203044,6.80321007795288],[-74.2958304997901,6.80341602861829],[-74.2958461960531,6.80351102105728],[-74.295798434426,6.80368506157124],[-74.2957507204097,6.80382744533414],[-74.2957505578147,6.80393824284117],[-74.2957820186126,6.80408074159551],[-74.2957660447702,6.80417568841156],[-74.2955599784305,6.80431784011209],[-74.295401648565,6.80430177986653],[-74.2952274391803,6.8043173530866],[-74.2951007812168,6.80430133833241],[-74.2950534373064,6.80419047133409],[-74.2950694821157,6.80404804040344],[-74.2950855026705,6.80392143866426],[-74.2951332166868,6.80377905582122],[-74.295212741844,6.80354175009704],[-74.2951813268602,6.80336759357246],[-74.295007372597,6.8032090557322],[-74.2949918155729,6.80301909479974],[-74.2949923967829,6.80262339070903],[-74.2950560397258,6.80241771800514],[-74.2949294275764,6.80237004640352],[-74.2947237106814,6.80227477543742],[-74.2946129582883,6.8022113021838],[-74.2944865329885,6.80203700513399],[-74.2946291189803,6.80198972953919],[-74.2948032591947,6.8020216414582],[-74.2949933040813,6.80200609313945],[-74.2951359134293,6.80194299002724],[-74.295167977895,6.80167395699048],[-74.2950888956073,6.80161052736517],[-74.2949147320367,6.80159444472928],[-74.2947564039678,6.80157838350066],[-74.294629978668,6.80140408800515],[-74.2946618823353,6.80124585279472],[-74.2946778337198,6.80116673472393],[-74.2948678777081,6.80115118548555],[-74.2950105571246,6.80104059784625],[-74.2950582953955,6.80088238659992],[-74.2951061252945,6.80066086151008],[-74.2951694664035,6.80066095516954],[-74.2952801711858,6.80075608641255],[-74.2952799618784,6.80089853972721],[-74.2952956114289,6.80102518775488],[-74.2953587665867,6.80115190710865],[-74.2954854011939,6.80118374772379],[-74.2956280087453,6.80112064450354],[-74.2956124301616,6.80094651207696],[-74.2956758628988,6.80088329197426],[-74.2958343068503,6.80082021101443],[-74.2959136676157,6.80069370208391],[-74.2959773572711,6.80045637253563],[-74.2959142946398,6.80026634183097],[-74.2957402253923,6.80018694618823],[-74.2956452851448,6.80013932164102],[-74.2956297281208,6.7999493603867],[-74.2956931608579,6.79988614193679],[-74.2957882637004,6.79982296807841],[-74.2958833898991,6.79974396573291],[-74.295899504777,6.79955405070611],[-74.2959314300039,6.79937998817955],[-74.295804657056,6.79944311482032],[-74.2957254822418,6.7994429988607],[-74.2957097617244,6.79936383500117],[-74.2957098551491,6.79930052192252],[-74.2958366047408,6.79925322375856],[-74.295884227129,6.79917415174356],[-74.2959635636399,6.79906347177343],[-74.2960902683158,6.79904782880721],[-74.296169488944,6.79901628865385],[-74.2961854627864,6.79892134171003],[-74.2961380748586,6.79884213316467],[-74.2960113944372,6.79884194673704],[-74.2959162906964,6.79890511983238],[-74.2958213513473,6.79885749694212],[-74.2957105064277,6.79885733370645],[-74.2955995914396,6.79890465599337],[-74.2955045568691,6.79892034356414],[-74.2953304175529,6.79888843322318],[-74.2951880660214,6.79877742671583],[-74.2950298547336,6.79868222550526],[-74.2950617566043,6.79852398939844],[-74.2951252603083,6.7984132860866],[-74.295141235049,6.79831833991564],[-74.2950938920369,6.79820747242854],[-74.2949672349718,6.7981914601467],[-74.2949670723767,6.79830225716955],[-74.294871946178,6.79838125796809],[-74.294761171327,6.79833361094194],[-74.2947612872097,6.7982544700917],[-74.2947138507728,6.79820691582093],[-74.294539644083,6.79822248745453],[-74.2944444936298,6.79831731768455],[-74.2944601431804,6.79844396639253],[-74.2944758151888,6.79855478565715],[-74.2946500003191,6.79855504255279],[-74.2947766573842,6.79857105660651],[-74.294792330291,6.7986818767338],[-74.2947764013644,6.79874516670199],[-74.2947129919834,6.7987925576838],[-74.2944436788579,6.79887130239827],[-74.2943485526592,6.79895030488726],[-74.2940951460024,6.79898158904154],[-74.2942218264237,6.79898177457714],[-74.2942533096795,6.79910844540997],[-74.2942220590874,6.79912712741043],[-74.2943638303072,6.79933020402681],[-74.2943319733523,6.79945678289208],[-74.2942842350815,6.79961499460783],[-74.2941890388142,6.79974147973845],[-74.294014736903,6.79982036434087],[-74.2939513266237,6.79986775610861],[-74.2938878938865,6.79993097545293],[-74.2938243901825,6.80004168019913],[-74.2937132892431,6.8002156265266],[-74.2936814322882,6.80034220605059],[-74.2936654584458,6.80043715182167],[-74.29361788277,6.80048456582852],[-74.2934912023486,6.80048437940153],[-74.293332780855,6.80053163106057],[-74.2931585023,6.80059468797441],[-74.2930949752397,6.80072122012287],[-74.2930156360338,6.80083190060313],[-74.2929206032599,6.80084758900298],[-74.2927781097946,6.80083155094125],[-74.292413903134,6.80083101485257],[-74.2919706599998,6.80073539302729],[-74.2916539580481,6.80073492651406],[-74.2914799822253,6.8005922171483],[-74.2914644269979,6.80040225518102],[-74.2915753895967,6.80032327701462],[-74.2918603513745,6.80037118163017],[-74.2921138289982,6.80029241396962],[-74.2921298037389,6.80019746906191],[-74.2921140859164,6.80011830443471],[-74.2920034035919,6.80000734370331],[-74.2918611679431,6.79981719596956],[-74.2918143872763,6.79932645317798],[-74.2917038450891,6.79912052395132],[-74.29143478978,6.79902515778907],[-74.2912450027099,6.79886659621583],[-74.2911819670281,6.79866073547597],[-74.2911821296232,6.79854993853577],[-74.2910555426266,6.79848643892213],[-74.2908971929982,6.7984862061104],[-74.2907547013295,6.79847016707789],[-74.2905647983768,6.79839074616238],[-74.290549988751,6.79825570283477],[-74.2905016692702,6.79824819844435],[-74.2903909402334,6.79816889434412],[-74.2902009438558,6.79815278572504],[-74.2900423597671,6.7983108337422],[-74.2899788776226,6.79840570855471],[-74.2898838448487,6.7984213961418],[-74.2896463895764,6.79837356090783],[-74.2895040389432,6.7982625524976],[-74.2894250042662,6.79816746714492],[-74.2893459938437,6.79805655234705],[-74.2892194311017,6.79797722502317],[-74.2890454319227,6.79785034070418],[-74.2888237672364,6.7978341847984],[-74.2887445906256,6.79783406794641],[-74.2886654400659,6.79781812255214],[-74.2885229007865,6.79783373969036],[-74.2884121025794,6.79780191847725],[-74.2882537295948,6.79781751242404],[-74.2881901549238,6.79797569970343],[-74.2881900381428,6.7980548414916],[-74.2882533298445,6.79808659221999],[-74.2883799869097,6.79810260807334],[-74.2884431869832,6.79819767113882],[-74.2884272571582,6.79826095938679],[-74.2883321767736,6.79830830403239],[-74.2882530019594,6.79830818539648],[-74.2881422037523,6.7982763651068],[-74.2880312420518,6.79835534271764],[-74.2879994066564,6.79846609242675],[-74.2879832666257,6.79867183461416],[-74.2880305144164,6.798846016033],[-74.2880304200933,6.79890932738753],[-74.2881093128365,6.79909938360476],[-74.2883626736792,6.79909975913579],[-74.2884418493917,6.79909987598751],[-74.2885525065633,6.79922666542488],[-74.288679022593,6.79933765042049],[-74.288758128237,6.79938525185523],[-74.2888212582419,6.79952779834402],[-74.2887577060288,6.7996701583632],[-74.288678461146,6.79971752606188],[-74.2887098734348,6.79989168301782],[-74.2888048828525,6.79989182395323],[-74.2889791389497,6.79984459720715],[-74.2890420578505,6.80012959799433],[-74.2893112308388,6.80014582339862],[-74.2892787639278,6.80068393474072],[-74.289104742291,6.80057287958846],[-74.28905726004,6.80055698156081],[-74.2889463441536,6.80060430189632],[-74.2888197796149,6.80052497320904],[-74.2888040860469,6.80042998107156],[-74.288709215868,6.80033487206392],[-74.2886142289082,6.80031890266873],[-74.2884559493484,6.80027118358307],[-74.2884243717695,6.80020782334821],[-74.2884245128051,6.80011285612391],[-74.2882819501694,6.80014430076173],[-74.2882817390654,6.80028675514979],[-74.2883291027387,6.80038179369937],[-74.2882656223909,6.800476668103],[-74.2882181167837,6.80047659852736],[-74.2879964260463,6.80047626938115],[-74.2879964026901,6.80049209783587],[-74.28796463916,6.80055536348176],[-74.2876794429219,6.80066573893797],[-74.2875206683903,6.80095041098419],[-74.2875202704367,6.80121948991782],[-74.2874249771513,6.80140928654316],[-74.2874879876803,6.80163097452263],[-74.2874559887916,6.8018525223569],[-74.2875030946484,6.80212167036066],[-74.2874394490106,6.80232734408332],[-74.2874073090863,6.80264386101514],[-74.2873752625869,6.80289706334977],[-74.2873907216946,6.80315033869403],[-74.2873904414202,6.80334027549084],[-74.287295193949,6.80349841635244],[-74.2872631959586,6.80371996510934],[-74.2872630306686,6.80383076174917],[-74.2872786317101,6.80398906657516],[-74.2873417365622,6.804147442708],[-74.2872940441054,6.80427399711227],[-74.2873412909978,6.80444817649986],[-74.2872778322095,6.80452722356303],[-74.2873198428221,6.80499685574172],[-74.2873246101813,6.80501796817713],[-74.287213552361,6.80516025699419],[-74.2871658581076,6.80528681202348],[-74.287165622749,6.8054450931778],[-74.2871495527869,6.80560335198028],[-74.2872762116487,6.805619367583],[-74.2874979517934,6.80558804015375],[-74.2875928462268,6.80566732162148],[-74.2875926108682,6.80582560265036],[-74.2875290586551,6.80596796258686],[-74.2875445186612,6.80622123720335],[-74.2876709664188,6.80637970715027],[-74.2876865899183,6.80652218288038],[-74.2876389199194,6.8066329101908],[-74.2874804032044,6.80674347245875],[-74.2873694136561,6.80683827692288],[-74.2874322391321,6.80718659095903],[-74.2875581937147,6.80767745148817],[-74.2876527360085,6.80799415577702],[-74.2876524548358,6.80818409333342],[-74.2876837728015,6.80842156356317],[-74.2877785495556,6.80857998461667],[-74.2879210681737,6.80858019690795],[-74.2880002223267,6.80859614194492],[-74.2880316822262,6.80873864288451],[-74.2880315169362,6.80884944015],[-74.2879839412605,6.80889685421813],[-74.2879047170389,6.80892839283057],[-74.2878254218505,6.80900741596454],[-74.2877936107096,6.80910233861468],[-74.2877934472163,6.8092131357962],[-74.2878881314439,6.80943487101509],[-74.2879038717243,6.80949820684089],[-74.2878878260167,6.80964063704632],[-74.2880460148466,6.80975166780178],[-74.2881409568907,6.80979929317951],[-74.2881566522553,6.80989428613926],[-74.2881880420863,6.81008427111034],[-74.288092911396,6.81016327086252],[-74.287966180669,6.81019473892552],[-74.2879188385552,6.81008387150447],[-74.287887379554,6.80994137185637],[-74.28780827391,6.80989376968416],[-74.2877290020778,6.80995696451697],[-74.2875864843579,6.80995675401026],[-74.2874598470557,6.80992491040905],[-74.2872062688207,6.81006698815671],[-74.2870952568145,6.81017762099169],[-74.2870634223175,6.81028837065009],[-74.2870789047814,6.81052581664704],[-74.2870627647507,6.81073155991101],[-74.2869676107042,6.81082638767061],[-74.2869200098756,6.81088962965531],[-74.2867374416672,6.81134388509494],[-74.2871248607947,6.81157054570472],[-74.2868710472011,6.81187090467585],[-74.286854906272,6.81207664736292],[-74.2867597746834,6.81215564678698],[-74.2866013271387,6.81221872536525],[-74.2864427376601,6.81237677321213],[-74.2863000070396,6.81251901435662],[-74.2863155829283,6.812693147045],[-74.2862995363224,6.81283557808576],[-74.2862992767093,6.81300968746792],[-74.2864417261571,6.81305738298795],[-74.286457655982,6.81299409401457],[-74.2864894437667,6.81291500107155],[-74.286600433315,6.81282019602419],[-74.2866636818975,6.81288360186886],[-74.2866793053969,6.81302607834362],[-74.2866475176123,6.81310517305226],[-74.2865208093431,6.81312081377647],[-74.2864573263003,6.81321568744622],[-74.2864254684471,6.81334226621811],[-74.2863779143309,6.81337385270475],[-74.2862354424252,6.81334198435516],[-74.2862352061682,6.81350026552826],[-74.2860605206764,6.813832398845],[-74.2859808967046,6.81413301596275],[-74.2858854839433,6.81440195371042],[-74.2859170372676,6.8144811418489],[-74.2859644728062,6.81452869718345],[-74.2859801681709,6.81462368920647],[-74.2859167066876,6.81470273548529],[-74.2858375767892,6.81467096266476],[-74.2856317610795,6.81463899985271],[-74.2855683490036,6.81468639015733],[-74.2855840901823,6.81474972707366],[-74.285615644405,6.81482891337077],[-74.2856788453768,6.8149239766918],[-74.2856469623707,6.81506638387875],[-74.2855994316107,6.81508214138683],[-74.2854726757309,6.81512943799103],[-74.2854249338668,6.81528764900058],[-74.2854564638349,6.81538266495637],[-74.2854562051201,6.81555677341366],[-74.2851236577851,6.81555628104777],[-74.2849495139774,6.81552436467704],[-74.2847436273008,6.81553988669071],[-74.2846486367477,6.81552391780146],[-74.2845061881982,6.81547622074284],[-74.2843796910331,6.81534940705487],[-74.284126417327,6.81528571789054],[-74.2839998725512,6.81519056009261],[-74.2839525322341,6.81507969204249],[-74.2837784117825,6.81503194766537],[-74.2836834921963,6.8149684939385],[-74.2835728089736,6.81485753218035],[-74.2835253967912,6.81479414800393],[-74.2833829239871,6.81476227885679],[-74.28319299139,6.81469868416314],[-74.2830981194145,6.81460357263109],[-74.2830349660534,6.81447685415302],[-74.2829084239726,6.81438169619457],[-74.2828135996078,6.81425492859953],[-74.2826235969421,6.81423881606036],[-74.28262345411,6.81433378584161],[-74.2826233597868,6.81439709872133],[-74.2826391252201,6.81444460678985],[-74.2827024672274,6.8144447004466],[-74.2828132690278,6.81447652234048],[-74.2828923746717,6.81452412494986],[-74.2828764691013,6.81457158573141],[-74.2828447028762,6.81463485219734],[-74.282718114083,6.81457134935961],[-74.2826232421075,6.81447623869429],[-74.2825282290966,6.81447609776316],[-74.2823065554272,6.81445993884901],[-74.2822273770197,6.81445982110908],[-74.2821797276821,6.81455471859706],[-74.2821795866466,6.81464968653181],[-74.2822427867201,6.81474475078035],[-74.282290174648,6.8148239620534],[-74.2822900569687,6.81490310373984],[-74.2822740552785,6.81501387639017],[-74.2823531393629,6.81507730781185],[-74.2823687853202,6.81520395655776],[-74.2824002443214,6.81534645642615],[-74.2823208287587,6.81550462098179],[-74.2822574633952,6.8155203543923],[-74.2821782149192,6.81556772052672],[-74.2819724225657,6.81551992892393],[-74.2818141142598,6.81548803574196],[-74.2817348648854,6.81553540277151],[-74.281639756653,6.81559857277782],[-74.2815447669983,6.81558260389053],[-74.2814181530522,6.81553493002889],[-74.2812756101796,6.81555054391484],[-74.2811329226781,6.81566112910253],[-74.2810219789439,6.81572427590116],[-74.2808160221987,6.81578728086872],[-74.2807051009224,6.81583459881055],[-74.2803407172937,6.81594485033726],[-74.2801978878585,6.8161504039634],[-74.2801499070425,6.81646689572164],[-74.2799123718202,6.81646654071939],[-74.2798967977281,6.8162924076175],[-74.2797860911491,6.81619727321053],[-74.2796752659925,6.81618127847616],[-74.2796120183083,6.81611786949972],[-74.2795647247035,6.8159753457775],[-74.2793907219313,6.8158484599723],[-74.2793275470106,6.81573756799121],[-74.2792643226826,6.81565833189406],[-74.2790585545836,6.81559471056027],[-74.2786789525957,6.81529340575993],[-74.27858417674,6.81513498068001],[-74.2785369073897,6.8149766286891],[-74.2783785999821,6.814944733687],[-74.2783471418792,6.81480223280723],[-74.2785055930172,6.81473915813663],[-74.2785689592791,6.81472342559243],[-74.2785693868771,6.81443851909967],[-74.2783952197132,6.8144224288659],[-74.2783320438942,6.814311536555],[-74.2783797408426,6.81418498301413],[-74.2785381425732,6.81415356248732],[-74.2785698863404,6.81410612663956],[-74.2785066629107,6.81402689116473],[-74.2783800732192,6.81396338735449],[-74.2783802394075,6.81385259037826],[-74.2785153927387,6.81386179997203],[-74.2785003208048,6.81372434821591],[-74.2785481623819,6.81350280764562],[-74.2786594438827,6.81321804671092],[-74.2786598463279,6.81294894863628],[-74.2785651099981,6.81275885597916],[-74.2784069103883,6.81264781343214],[-74.2781693841491,6.8126316285892],[-74.2780109707403,6.8126630509997],[-74.2779319773858,6.81253629900581],[-74.2779004932317,6.81240961655234],[-74.2778214989789,6.81228286359951],[-74.277679134871,6.81217184680953],[-74.2776476992259,6.81201350543578],[-74.2775844946609,6.81191843618591],[-74.2774736623177,6.81190244041685],[-74.2774259626745,6.81202900347981],[-74.277362426631,6.81215554242608],[-74.2772040383751,6.81217113590667],[-74.2769824913681,6.81205999956636],[-74.2769034504029,6.81196490445846],[-74.2768086440045,6.81182230011616],[-74.2768563427494,6.8116957361067],[-74.2768881107711,6.81163246568512],[-74.2769040900034,6.81153751410039],[-74.2769042561917,6.81142670853592],[-74.2769202821364,6.81130009893135],[-74.2768095441164,6.8112207853911],[-74.2767145481734,6.81120481457406],[-74.2766826391162,6.81136305988148],[-74.2766982383611,6.81152137560267],[-74.2766031229422,6.81158455148961],[-74.2765079149968,6.81171104417048],[-74.2764761469751,6.81177431279772],[-74.2761754637815,6.81163139888362],[-74.275779881663,6.81140919639313],[-74.2756376145732,6.81123485986828],[-74.2755109691861,6.81120301189203],[-74.2753685350096,6.81113948094864],[-74.275352888154,6.81101282310155],[-74.2754007072732,6.81080711296131],[-74.2753060203506,6.81058536053711],[-74.2752941922333,6.81058352395762],[-74.2751001929629,6.81055339299288],[-74.2749575692418,6.81061649675723],[-74.2748941266232,6.81067971914611],[-74.2748780063554,6.81086964671969],[-74.2748778868795,6.81094879351854],[-74.2748776245714,6.81112291607325],[-74.2748774817393,6.8112178909314],[-74.2750515186475,6.81132895700083],[-74.2750671646048,6.81145561476441],[-74.2749561669717,6.81155042454139],[-74.2746870397974,6.81148670365339],[-74.2744496330341,6.8113913720585],[-74.2741962964459,6.81135933320997],[-74.2740379782585,6.81132743618338],[-74.2737531099055,6.81120037342914],[-74.2735632141393,6.81110511313539],[-74.2732941588302,6.81099390251409],[-74.2730091970524,6.81093015657683],[-74.2726927044082,6.81077138753667],[-74.2721705272082,6.81048567413328],[-74.2719331455978,6.81037451064315],[-74.2718224336289,6.81027936881833],[-74.271838438014,6.81016858793864],[-74.2720126635684,6.81015302115228],[-74.2721236135908,6.8100898700522],[-74.2721238291865,6.80994740697696],[-74.2721081122623,6.80986823682145],[-74.2719497940749,6.80983633969573],[-74.2718865203396,6.80978875535261],[-74.2718707791608,6.80972541599722],[-74.271918335972,6.80969382837837],[-74.2720929199542,6.80944082318799],[-74.2723149161188,6.8092512036735],[-74.2725368179603,6.80912490390354],[-74.2726161203352,6.80904587722101],[-74.2727270470015,6.80899855593347],[-74.2729171323122,6.80896718234184],[-74.2730437516481,6.80901486220816],[-74.2730909293702,6.80923654310797],[-74.2732331722056,6.80942670762716],[-74.2732805861846,6.80949009697281],[-74.2734547865862,6.80949035921447],[-74.2735024161609,6.80941128353332],[-74.2734708619382,6.80933208920596],[-74.2733443369253,6.80922109403257],[-74.2731862100792,6.80906256258529],[-74.2731388437109,6.80896751594215],[-74.273138938034,6.80890419877781],[-74.2732181918999,6.80885683020136],[-74.2732816812309,6.80876194942569],[-74.2732184065973,6.80871436676003],[-74.2731075751525,6.80869837088414],[-74.2729491392858,6.80874562084288],[-74.2727749379859,6.80874535860083],[-74.2725531080096,6.80882417214969],[-74.2724103881689,6.80895059063208],[-74.2719982096755,6.80923489740682],[-74.2717601624134,6.80956695518287],[-74.2716491872381,6.80964593450475],[-74.2715539532416,6.80978825495302],[-74.2714272368876,6.80980389310947],[-74.2712598196647,6.80973387194885],[-74.2712373177652,6.80972446068875],[-74.2711779867356,6.8097144848064],[-74.2711851319354,6.80974866183598],[-74.2711970274264,6.80980556378404],[-74.271260008311,6.81004308137812],[-74.2713230862136,6.81021728899941],[-74.2711804472212,6.81029621380361],[-74.2710379043485,6.81031182518419],[-74.2708476627309,6.81045399112297],[-74.2707049033643,6.81061205649884],[-74.2706097942336,6.81067522447773],[-74.2703722149938,6.81070652035576],[-74.2702294789833,6.81084875842764],[-74.270102795867,6.81084856576085],[-74.270039622743,6.81073767262357],[-74.2700715335968,6.81057943870559],[-74.2701667145927,6.81046878544783],[-74.2701668825777,6.81035798855626],[-74.2701512635699,6.81021551039705],[-74.2701038783369,6.81013629747088],[-74.2699929103482,6.8102152695632],[-74.2698979215917,6.8101992987127],[-74.2698189848311,6.81004089603339],[-74.2699299770743,6.80994609576987],[-74.2699459329504,6.80986697913283],[-74.2699303381971,6.80970867267742],[-74.2698512343498,6.80966106869817],[-74.2697720559423,6.80966094738915],[-74.2697406014327,6.80951844672346],[-74.2697881798034,6.80947103360871],[-74.2699466776538,6.80937630459087],[-74.2699626829372,6.80926553153046],[-74.2698993894389,6.80923377886524],[-74.2698203080495,6.80917034667075],[-74.2698045686674,6.80910700990967],[-74.2698206206632,6.8089645804378],[-74.2697890951866,6.80886956321056],[-74.2696782466739,6.80886939462643],[-74.2695989496888,6.80894841509414],[-74.2695987089403,6.80910669682496],[-74.2696459504428,6.80928087981081],[-74.2696140386906,6.80943911237314],[-74.2695030230911,6.80954974178495],[-74.2694077208227,6.8097395351172],[-74.2694232437108,6.80994532599319],[-74.269407240224,6.81005609889664],[-74.2692961509627,6.81021421257034],[-74.2690902418282,6.81024555575323],[-74.2689002885698,6.81019778145957],[-74.2688531692382,6.80994445899091],[-74.2687901640991,6.80972276860644],[-74.268663552848,6.80967509059441],[-74.2684735995896,6.80962731802791],[-74.268267764117,6.80961117589804],[-74.268204423008,6.80961107956438],[-74.2680143251209,6.8096582759146],[-74.2678560931717,6.80957889342055],[-74.2678404499094,6.80945224318931],[-74.2677930637782,6.80937303102913],[-74.2676506421781,6.80930950073538],[-74.267302287189,6.80929314184395],[-74.2672073711961,6.80922968378991],[-74.2671598898434,6.80921378337294],[-74.2670490413306,6.80921361478891],[-74.2669855798474,6.80929265839142],[-74.2670170325604,6.80943516090812],[-74.2670168879316,6.80953012985652],[-74.2669534012956,6.80962500245249],[-74.2668421188965,6.80990974054484],[-74.2668101819915,6.81008380193024],[-74.2667308598536,6.81017865033335],[-74.2665881723522,6.8102892305159],[-74.2664770579381,6.81046317134681],[-74.2663977600547,6.81054219155204],[-74.2662076136585,6.81062104316075],[-74.2660807859134,6.81071581742361],[-74.2659698403826,6.81077896219748],[-74.2658747069973,6.81085795737541],[-74.2657005892408,6.81081020633411],[-74.2655898620005,6.81073089717274],[-74.2654791347603,6.81065158710629],[-74.2653524507457,6.81065139354743],[-74.2652732983894,6.81063544411888],[-74.2652100542984,6.81057203351712],[-74.2652260577852,6.81046126162478],[-74.2651752832087,6.81040307976784],[-74.2651154042068,6.81033446712615],[-74.2649887687012,6.81030261641421],[-74.2649458373155,6.81040232515551],[-74.2649410933125,6.81041334106845],[-74.2649566871675,6.81057164639935],[-74.264909132153,6.81060323217643],[-74.2647507052694,6.81065047302786],[-74.2645449398654,6.81058684567785],[-74.2644970946951,6.81080836797157],[-74.2645919136699,6.81093513915355],[-74.2646232217542,6.81117260980569],[-74.2644331229688,6.81121980421833],[-74.264258933347,6.81121953662575],[-74.2640213532088,6.81125083068431],[-74.2638313029324,6.81126636710789],[-74.263672899405,6.81129778158003],[-74.2635936742852,6.81132931646678],[-74.2635459728453,6.8114558698692],[-74.2636091702238,6.81155093564286],[-74.263704158082,6.81156690912427],[-74.2638307450786,6.81163041592775],[-74.2639416421004,6.81159892833548],[-74.2641155900754,6.8117574767841],[-74.2641944037668,6.81199502106298],[-74.2641941127127,6.81218495881945],[-74.2641779367494,6.81240652943366],[-74.2640667738262,6.81261212649941],[-74.2639081762628,6.81277016618889],[-74.2637181987499,6.81273821841366],[-74.2637025087751,6.81264322512513],[-74.2637342767968,6.81257996107232],[-74.2638451980732,6.8125326454852],[-74.2639244240913,6.8125011106776],[-74.2639879116257,6.81240623865045],[-74.26397227016,6.81227958916564],[-74.2639090736798,6.81218452264442],[-74.2638616884469,6.81210530915145],[-74.2638460712356,6.81196283151119],[-74.2638303821592,6.8118678380691],[-74.263640452257,6.81180423496384],[-74.2636405501733,6.8117409217418],[-74.2636090004423,6.81166173315084],[-74.2634824134457,6.81159822545955],[-74.2633239847655,6.81164546799693],[-74.2632446617293,6.81174031609125],[-74.263117978613,6.81174012164089],[-74.2629913188529,6.81172409999859],[-74.2629438608564,6.81169236979545],[-74.2629123362782,6.81159735221647],[-74.2629599146489,6.81154994109116],[-74.2630706661436,6.81161342292157],[-74.2632132099146,6.81159781336731],[-74.2631499900782,6.81151857480216],[-74.2630708359252,6.81150262540243],[-74.2630550731869,6.81145511704248],[-74.2630551207976,6.81142398176877],[-74.2628889504364,6.81137387686192],[-74.2628098160464,6.811342097577],[-74.2626991049758,6.81124695416013],[-74.2626201637236,6.81108854112302],[-74.2626363387886,6.8108669556284],[-74.2626365804354,6.81070866199061],[-74.2627634171636,6.81061388059052],[-74.2629062358191,6.81042414647462],[-74.2629698239648,6.81026595080822],[-74.2629858526044,6.81013934089731],[-74.2628752403485,6.80998088021963],[-74.262843928671,6.80974339292201],[-74.2628600067179,6.80958512478092],[-74.2628602250085,6.80944266155581],[-74.2629713699654,6.80925287970185],[-74.2629715631032,6.80912624544016],[-74.2628765680585,6.80911027187749],[-74.2625440027572,6.80910976344936],[-74.2624173609634,6.80907791265612],[-74.2623540620752,6.8090461581945],[-74.2622591164378,6.80899852471419],[-74.2621191750863,6.80894741786109],[-74.2620850112577,6.80893494174407],[-74.2618633250119,6.80891877461545],[-74.2616887536061,6.80894758198533],[-74.2616732397011,6.80895014285838],[-74.2616630986199,6.80894759179711],[-74.2616099183551,6.80893421656472],[-74.2615307363544,6.80893409436356],[-74.2614516495751,6.80887065766954],[-74.2613884018908,6.80880724415865],[-74.2612143218635,6.8087278311965],[-74.2611189567129,6.80871406437884],[-74.2609926598722,6.80869583409319],[-74.2608025979177,6.8087113723835],[-74.260675930971,6.80869534974809],[-74.2605969430064,6.80856859492196],[-74.2605497239618,6.8083785709956],[-74.260612609625,6.80830024617896],[-74.2606054231027,6.80830154044293],[-74.2604473366807,6.80812718673321],[-74.2603052330842,6.80785788778312],[-74.2603054756293,6.80770023716352],[-74.2602024128151,6.80766572281891],[-74.2600915589124,6.80766555334236],[-74.2599489100385,6.80774448035025],[-74.2599013523291,6.80777606720541],[-74.2598062854192,6.80780758002407],[-74.259695407262,6.80782323876063],[-74.2596004355735,6.80779143604899],[-74.2595689343514,6.80768058234438],[-74.2596324236825,6.80758570401213],[-74.2597116802434,6.80753833798146],[-74.2597119245851,6.80737806661268],[-74.2595693700344,6.80739565650505],[-74.2593001763848,6.80737941439806],[-74.2590467688296,6.8073948555049],[-74.2588724956645,6.80744207704855],[-74.258761616609,6.80745773579704],[-74.2585556706436,6.80750490738355],[-74.2583654640603,6.8076154203916],[-74.2582069302772,6.80772598243324],[-74.2580485168685,6.80775739802915],[-74.2578423768669,6.80793120241266],[-74.2577471150226,6.80808934978983],[-74.2576045883197,6.8080891303625],[-74.257525454828,6.80805735086001],[-74.2574147446557,6.80796220589979],[-74.2572882492873,6.80783537684554],[-74.2570984307762,6.80769262142294],[-74.2570668073833,6.80766091503668],[-74.2569448278458,6.80753861538791],[-74.2569244262073,6.80756572093887],[-74.256813521999,6.80759720879584],[-74.2567817027733,6.80769213618483],[-74.2567181873912,6.8078028427098],[-74.2566230468194,6.80788184283758],[-74.2564012159448,6.80796064760846],[-74.2563535845735,6.80803972085272],[-74.2563216925843,6.80818213454339],[-74.2562580792858,6.8083561590923],[-74.2562421701221,6.80840362316009],[-74.256178800267,6.80841935412762],[-74.2560521081676,6.80841915967587],[-74.255941448301,6.80829235571786],[-74.2559180202384,6.80822961468405],[-74.2558941349333,6.80816564895224],[-74.2556883830039,6.80808618504102],[-74.255577576712,6.80805435558739],[-74.2553244629059,6.80787984479913],[-74.2553246102296,6.80778487017224],[-74.2550547248773,6.80773305495641],[-74.2549921428447,6.80772104085434],[-74.2548021797048,6.8076732600655],[-74.2543905563703,6.80759347852718],[-74.2542637187437,6.8076882596319],[-74.2542002258194,6.80778313615994],[-74.2541683823393,6.80789389261488],[-74.2540574296219,6.8079570377601],[-74.2539624606284,6.80792523238137],[-74.2539151724135,6.80778269641297],[-74.2538837179038,6.80764018448577],[-74.253804609565,6.80759257494941],[-74.2535038904388,6.80748130553519],[-74.2533138778915,6.8074651838487],[-74.2532347947055,6.8074017433926],[-74.2530605943039,6.80740147579789],[-74.252949617332,6.80748045101624],[-74.2528860507459,6.80762281492188],[-74.2528857821496,6.80779693689961],[-74.2527428377301,6.80806581308488],[-74.2525524829247,6.80827129872926],[-74.2523940219052,6.80833437068241],[-74.2522671591259,6.80844497894139],[-74.2522351683219,6.80865071060988],[-74.2523139326061,6.80891992972895],[-74.2522977782023,6.80912568438529],[-74.252218375216,6.80926802461143],[-74.2520123061814,6.80939433950732],[-74.2518538191108,6.80947324036351],[-74.2518535487179,6.80964736256178],[-74.2518692386926,6.80974236179547],[-74.2518691156234,6.80982150788829],[-74.2517897368917,6.80994801887358],[-74.2515206896675,6.8098367981723],[-74.2514892863618,6.80966262787594],[-74.2512838793855,6.80936155393928],[-74.2511098990712,6.80921882216215],[-74.2508726225636,6.80904433142092],[-74.250445556291,6.80871125553411],[-74.2498283301475,6.80845703048851],[-74.2495750708144,6.80837749080716],[-74.2491787430942,6.80864597419595],[-74.2490200089869,6.80888316589952],[-74.248972205139,6.8090730415575],[-74.2491460605875,6.8092949213417],[-74.2493992471571,6.80942194892141],[-74.2495098800742,6.80956458341251],[-74.2495730046893,6.80970714382703],[-74.2495568493872,6.8099128990378],[-74.2494774940116,6.81002358096704],[-74.2494140738509,6.81007096994378],[-74.2492400710787,6.8099440656288],[-74.2491768719035,6.80984899240091],[-74.2490979117866,6.80970640705315],[-74.2490189274153,6.80957964981816],[-74.2489241048471,6.80945286846625],[-74.2488450459156,6.80937360011152],[-74.2487658639149,6.80937347701844],[-74.2486866316085,6.80940501203168],[-74.2486547126698,6.8095632543648],[-74.24870190207,6.80976910775484],[-74.2487491157247,6.80995913202251],[-74.24884391314,6.81010174316251],[-74.2489388587774,6.81014937742528],[-74.2489544984465,6.81027603550029],[-74.2488593812309,6.81033920619938],[-74.2488434702706,6.81038666739507],[-74.248874921187,6.81052918118254],[-74.2490491215886,6.81052945055945],[-74.2491916006809,6.8105613297996],[-74.2490644423558,6.81086188920525],[-74.2487953699787,6.81076649504782],[-74.2487396259221,6.81067330316086],[-74.2481239996781,6.81029237116682],[-74.2478708310748,6.8101653500614],[-74.2469735677179,6.81079722897502],[-74.2468626796792,6.81117504668227],[-74.2466721982115,6.81145967681767],[-74.2466551463907,6.81146873214577],[-74.2465540320223,6.81173028405644],[-74.2465535855597,6.81201519215819],[-74.2467113449949,6.81239531554848],[-74.2468220686419,6.81247463067847],[-74.2470913233769,6.81244339556996],[-74.247265513897,6.81244366762173],[-74.2474556638865,6.81236482434039],[-74.2475982076574,6.81234922016241],[-74.2477407280722,6.81234944315571],[-74.2477881097119,6.81242865750032],[-74.2477402816095,6.81263435088962],[-74.2477712833683,6.81306176078569],[-74.2479924854222,6.81337867202533],[-74.2482615658841,6.81345823406868],[-74.2485622427895,6.81358532833569],[-74.2487995543313,6.81372815336245],[-74.2490209046072,6.8139500952152],[-74.249400811124,6.81404565821369],[-74.2494164984038,6.81414065033246],[-74.2493050812575,6.81450452571236],[-74.2492730140968,6.81475772892464],[-74.2492569064054,6.81493181352574],[-74.2494467599508,6.81504290816994],[-74.2496051158674,6.8150431534612],[-74.2497635220897,6.8150117445862],[-74.2497004756281,6.81482170894086],[-74.2496848377556,6.81469505741809],[-74.2498117202979,6.8145686297461],[-74.2499068581747,6.8144896369633],[-74.2501282102472,6.81471157757164],[-74.2501436001847,6.81499650976918],[-74.2502701377739,6.81509167563336],[-74.2503493161814,6.81509179961689],[-74.2503653978216,6.81493354216036],[-74.2504762723855,6.81491788633183],[-74.2506344306728,6.81504475900385],[-74.2506500694436,6.81517140954225],[-74.2506022413412,6.81537710175501],[-74.2503013641115,6.81537663347208],[-74.2497312815541,6.81537574418046],[-74.2492406998994,6.81516921173336],[-74.2489877010777,6.81493139251667],[-74.2487502655683,6.81486770864862],[-74.2485761729646,6.81480412467258],[-74.2484811114446,6.81483563256969],[-74.2484015862874,6.81505710295065],[-74.2483853788831,6.81529450109624],[-74.248543635985,6.81535806181608],[-74.2486545599563,6.81531075007096],[-74.2487022389383,6.81520002743939],[-74.2488288986984,6.81521605342539],[-74.2488920439746,6.81534277795187],[-74.2489868351018,6.8154853794633],[-74.2491767883602,6.81553316036594],[-74.2494460188407,6.81551775252385],[-74.2495885392555,6.8155179746237],[-74.2498259253575,6.81561331610182],[-74.2497465241678,6.8157556454829],[-74.2495405880839,6.81580280911763],[-74.2493188641089,6.81581829098378],[-74.2492395617339,6.81589730852268],[-74.2492549525697,6.8161822409075],[-74.2491440043439,6.81624537960973],[-74.2490016573039,6.81613436016936],[-74.248938561435,6.81597597996562],[-74.2487962143951,6.81586495957086],[-74.2486695788895,6.81583310565836],[-74.2485744158599,6.8159279261654],[-74.2485106031353,6.81622856337636],[-74.2485260433784,6.81648183881919],[-74.2486207096397,6.81670358138096],[-74.2486995421958,6.81692529975705],[-74.2485883954423,6.81711506608722],[-74.2487782750389,6.81721033053878],[-74.2490475064177,6.81719492364259],[-74.2492850407418,6.81719529469964],[-74.2493482596799,6.8172745341106],[-74.249427191949,6.81743293886023],[-74.2495537043854,6.81754393480877],[-74.249664281607,6.81771821819774],[-74.2496321407844,6.81801890334369],[-74.2494734381181,6.81824025094699],[-74.249299096681,6.81833494877899],[-74.2489346528652,6.81847683404684],[-74.2487602377663,6.81861901540393],[-74.2485697392305,6.81891945380343],[-74.2486010392299,6.81915692674448],[-74.2486007670404,6.81933103650654],[-74.2483948031087,6.81939402762054],[-74.2485054548904,6.81952082596694],[-74.2485370028249,6.81960001682752],[-74.2484731640492,6.81991648133263],[-74.2484409738194,6.82024882516521],[-74.2485833460121,6.82034401674511],[-74.248646541594,6.82043908521588],[-74.2485671404044,6.82058141494758],[-74.2485034750036,6.82078708164736],[-74.2486298401163,6.82099304617249],[-74.248788073862,6.82107243480412],[-74.2489126944464,6.82114386984406],[-74.2489376208989,6.82111903152298],[-74.2492385699938,6.82108784157564],[-74.2494604323094,6.82099321207648],[-74.2495556258818,6.8208825549788],[-74.249856524671,6.82088302236438],[-74.2501097660378,6.82097839220969],[-74.2504897498098,6.82104229914689],[-74.2509015078916,6.82104293778809],[-74.2511072140068,6.82115406134213],[-74.2514870028443,6.82134460289149],[-74.2516451251989,6.8215031400889],[-74.2519932645924,6.82167780111882],[-74.2521985053803,6.82208967847304],[-74.2526253398875,6.82258104642935],[-74.2527993004389,6.82273960908412],[-74.2526404154146,6.82307177702695],[-74.2523387539557,6.82356201565591],[-74.2521475556323,6.82430569366821],[-74.2521309089518,6.82482803142043],[-74.2521622628501,6.8250338604151],[-74.2522061087208,6.82519553962015],[-74.2523287691813,6.82527242920568],[-74.2523759558865,6.82547826871265],[-74.2526450929423,6.82552617170749],[-74.252882361365,6.82570065109638],[-74.2531507123949,6.82625505461544],[-74.253332436187,6.82671951451842],[-74.2537516188447,6.82680997482112],[-74.2537828487755,6.82709493193231],[-74.2537825289753,6.82730069751598],[-74.2536714073746,6.82747463573929],[-74.2535445706464,6.82756940756051],[-74.253401948722,6.82763250016436],[-74.253385841929,6.82780658543792],[-74.2533065386557,6.82788560367483],[-74.2532272362807,6.82796462100676],[-74.2529894504284,6.82812253521906],[-74.2528466802819,6.82828059565796],[-74.2528305492344,6.82847050911877],[-74.2528143678812,6.82869207844417],[-74.2529090889397,6.82888216388652],[-74.2528929830449,6.82905624959734],[-74.2529718919578,6.8292304824152],[-74.2530665159983,6.82948388120484],[-74.2532407873667,6.82974603961046],[-74.2532561063373,6.82976908379116],[-74.2533983114434,6.82997507120991],[-74.2536196230918,6.83022866583191],[-74.2535557376037,6.83057678804549],[-74.2537450593465,6.83103609905289],[-74.2538398549651,6.8311786994586],[-74.2539188384382,6.83130544741075],[-74.2539662236711,6.83138466307994],[-74.2539977491477,6.83147968119324],[-74.2540451352789,6.83155889594163],[-74.2542033483634,6.8316541093546],[-74.254314054044,6.83174925050171],[-74.2542505629164,6.83184412137299],[-74.2542662259417,6.83195494362051],[-74.254376833706,6.8321133979209],[-74.2543450153786,6.83220831688453],[-74.2542974334147,6.83225572774875],[-74.2542339162359,6.83236642681372],[-74.2542259769254,6.83242524016909],[-74.2542018760246,6.83260379943045],[-74.2542175147954,6.83273045067591],[-74.2543280983052,6.83290473210368],[-74.2544863374408,6.83298411786746],[-74.2546604381294,6.83304770121311],[-74.2547234630314,6.83325356502477],[-74.2548183341086,6.83334868087951],[-74.2550557543466,6.83342818965641],[-74.2552298783914,6.83347594468615],[-74.2553247476719,6.83357106049664],[-74.2553243811593,6.83380848246358],[-74.2553558078211,6.83396681395496],[-74.2553397998428,6.83407758665417],[-74.2553554161557,6.83422006395813],[-74.255450310589,6.83429935317484],[-74.2555453280916,6.83429949855979],[-74.2555927627319,6.83434705638547],[-74.2555926899683,6.83439454195992],[-74.2555767062445,6.83448948633672],[-74.2554181967159,6.83458421038751],[-74.2553545816208,6.83475822266822],[-74.2553384029625,6.83497979175638],[-74.2553696840973,6.83523309295489],[-74.2554803664218,6.83534406069344],[-74.2556383612157,6.83558172795247],[-74.2557646104457,6.8358668314654],[-74.2554001801046,6.8359928940651],[-74.2549883618357,6.8360397408549],[-74.2546399637274,6.83603920212976],[-74.2537849265788,6.83595873585517],[-74.2532307549817,6.83589456333144],[-74.252787265709,6.83594136018283],[-74.2518687850434,6.83592410492031],[-74.2510453973389,6.83585951140129],[-74.250206246896,6.83574740746417],[-74.2494300962023,6.83585699437665],[-74.2485269821179,6.83614049403736],[-74.2475601011231,6.83669297137811],[-74.2471795343446,6.83700894115385],[-74.2468503943194,6.83706715367113],[-74.246735993868,6.83708738792875],[-74.2465280437612,6.83704663667173],[-74.2461660586343,6.83697569902582],[-74.2459106047169,6.83690434394739],[-74.2455961997574,6.83681652298385],[-74.2451529323687,6.83672085839167],[-74.2447413862892,6.83659358652965],[-74.2445330687715,6.83642648290178],[-74.2443459757489,6.83627640167257],[-74.2435549327845,6.83578448497444],[-74.2423678603405,6.83537108350527],[-74.2412594210265,6.83530602521576],[-74.2403726392124,6.83527297116665],[-74.2394537839493,6.83549311471199],[-74.2389462717464,6.83596715834217],[-74.2383595766444,6.83644107752414],[-74.2378997973224,6.83677274271745],[-74.2374241052435,6.83715186711518],[-74.2370437307044,6.83734120265188],[-74.2364931550634,6.8374208418779],[-74.2363942900765,6.83743514302613],[-74.2362080342838,6.83745133951749],[-74.2351430419886,6.83754395357583],[-74.2340025471921,6.83771625049733],[-74.2335273312203,6.83779463561326],[-74.2331532386,6.83792061118767],[-74.2328042889262,6.8382524680098],[-74.2324869868999,6.83860020263688],[-74.2322650113965,6.83875814098618],[-74.2320116900797,6.8387102500199],[-74.2317583939156,6.8386465291793],[-74.231473372849,6.83861441544934],[-74.2312990359035,6.83869328294883],[-74.2312672562037,6.83871003417428],[-74.2310295736576,6.83883531469867],[-74.2308551612537,6.8389616699581],[-74.2303799659431,6.83900839783101],[-74.2301264667598,6.83907130786502],[-74.2299677640935,6.83927683371902],[-74.2297455343669,6.83959306044352],[-74.2296026941519,6.83978278210696],[-74.2293964283863,6.84001988881532],[-74.2290160520506,6.84019339964063],[-74.2287941771585,6.84028801998985],[-74.2285882662274,6.84030351890223],[-74.228334843401,6.84031894200079],[-74.2281288300619,6.84039775659554],[-74.2281089611244,6.84040169621003],[-74.2279893405629,6.84042540792574],[-74.2282018927389,6.84054023915044],[-74.2281759098676,6.84066692753712],[-74.2281915441468,6.84079358556487],[-74.2282231172341,6.84085695381067],[-74.228381491117,6.84085720800787],[-74.2284447136484,6.840936454203],[-74.2284761088693,6.84111062471584],[-74.2285392801967,6.84122153043878],[-74.2285708029783,6.84131655551557],[-74.2285390268718,6.84137982201318],[-74.2284280633746,6.8414429600661],[-74.2282535467661,6.84163263015538],[-74.228189943349,6.84179081991485],[-74.2280788522911,6.84193310404831],[-74.2279360866362,6.84207533640819],[-74.2279042341729,6.84218608938921],[-74.2277933218797,6.84221756872569],[-74.2277923651739,6.84219985078468],[-74.2193893973438,6.84510038982757],[-74.2191675808423,6.8451633436546],[-74.2184638649032,6.84540399214747],[-74.2182072683288,6.84549173839515],[-74.2122113928964,6.84754207588023],[-74.2092165678426,6.84856600246201],[-74.2055086017258,6.84987364311233],[-74.2053978232816,6.84982597534507],[-74.2051762906477,6.84971481207765],[-74.2049229558561,6.84968273744413],[-74.2044638978813,6.84955535308983],[-74.204273987742,6.84947589783638],[-74.2040843920131,6.84920650442681],[-74.2040371702736,6.84903231546246],[-74.2039583529889,6.84881059056773],[-74.2037844373532,6.84863619186103],[-74.203673790063,6.84850938339838],[-74.2036422996208,6.84839853377499],[-74.2034683049334,6.84827162000421],[-74.2033417421913,6.84819226978191],[-74.2032469582508,6.84804965750879],[-74.2032470633536,6.84798634551607],[-74.2032597529553,6.84797370363038],[-74.2030891422216,6.84771700388787],[-74.202899416237,6.84752675112485]]]},"properties":{"OBJECTID":664,"Nombre":"Ciénaga de Barbacoas","ID_PNN":1213,"Categoría":"Distritos Regionales de Manejo Integrado","Territorial":"","Resolución":"493","Área_Oficial__Ha_":32074.45465277,"Área_Calculada__Ha_":32074.454635887985,"Organización":"Corporación Autónoma Regional del Centro de Antionquia","Primer_acto_administrativo":"Mon, 28 May 2018 00:00:00 GMT","URL":"https://runap.parquesnacionales.gov.co/area-protegida/1213","Administrador":"CORANTIOQUIA","Fecha_registro":"Mon, 28 May 2018 00:00:00 GMT","Imagen":"https://sostenibilidad.maps.arcgis.com/sharing/rest/content/items/ca7228003c3947309a69658bacba7c85/data","Validado":"Si","Tipo":"Terrestre","record_id":1387,"centroid_x":-74.27160637,"centroid_y":6.74218144}}]}